D 0 9.9999999999999995e-07 0 0.99999966666676654
F 0 9.9999999999999995e-07 0 0.99999964237213135
D 0 0.19508046149358171 0 0.93860855162447754
F 0 0.19508046149358171 0 0.93860852718353271
D 0 0.3901599229871634 0 0.88385586333465949
F 0 0.3901599229871634 0 0.88385587930679321
D 0 0.5852393844807452 0 0.83489324999850967
F 0 0.5852393844807452 0 0.83489322662353516
D 0 0.78031884597432688 0 0.79099001492476784
F 0 0.78031884597432688 0 0.79098999500274658
D 0 0.97539830746790857 0 0.75151598308328682
F 0 0.97539830746790857 0 0.75151598453521729
D 0 1.1704777689614903 0 0.7159269451449054
F 0 1.1704777689614903 0 0.71592694520950317
D 0 1.3655572304550718 0 0.68375228214847505
F 0 1.3655572304550718 0 0.68375229835510254
D 0 1.5606366919486536 0 0.65458443611579487
F 0 1.5606366919486536 0 0.65458446741104126
D 0 1.7557161534422354 0 0.62806994423957396
F 0 1.7557161534422354 0 0.62806993722915649
D 0 1.950795614935817 0 0.60390179828396273
F 0 1.950795614935817 0 0.60390180349349976
D 0 2.145875076429399 0 0.58181292789042516
F 0 2.145875076429399 0 0.58181291818618774
D 0 2.3409545379229808 0 0.56157063768757065
F 0 2.3409545379229808 0 0.56157064437866211
D 0 2.5360339994165626 0 0.54297185439590889
F 0 2.5360339994165626 0 0.54297184944152832
D 0 2.731113460910144 0 0.52583906228064714
F 0 2.731113460910144 0 0.52583909034729004
D 0 2.9261929224037257 0 0.51001682399474657
F 0 2.9261929224037257 0 0.5100167989730835
D 0 3.1212723838973075 0 0.49536879962200581
F 0 3.1212723838973075 0 0.49536880850791931
D 0 3.3163518453908893 0 0.48177519003894675
F 0 3.3163518453908893 0 0.4817751944065094
D 0 3.5114313068844711 0 0.46913054195352222
F 0 3.5114313068844711 0 0.46913054585456848
D 0 3.7065107683780525 0 0.45734186147477773
F 0 3.7065107683780525 0 0.45734184980392456
D 0 3.9015902298716343 0 0.44632699109503871
F 0 3.9015902298716343 0 0.44632697105407715
D 0 4.0966696913652161 0 0.4360132117556807
F 0 4.0966696913652161 0 0.43601322174072266
D 0 4.2917491528587979 0 0.426336037413098
F 0 4.2917491528587979 0 0.42633605003356934
D 0 4.4868286143523797 0 0.4172381743863337
F 0 4.4868286143523797 0 0.41723817586898804
D 0 4.6819080758459615 0 0.40866862188932046
F 0 4.6819080758459615 0 0.40866860747337341
D 0 4.8769875373395433 0 0.40058189364445801
F 0 4.8769875373395433 0 0.40058189630508423
D 0 5.0720669988331251 0 0.39293734343769621
F 0 5.0720669988331251 0 0.39293736219406128
D 0 5.267146460326706 0 0.38569857999046914
F 0 5.267146460326706 0 0.3856985867023468
D 0 5.4622259218202878 0 0.37883295865990352
F 0 5.4622259218202878 0 0.37883296608924866
D 0 5.6573053833138696 0 0.37231113929401999
F 0 5.6573053833138696 0 0.37231114506721497
D 0 5.8523848448074514 0 0.36610670111237842
F 0 5.8523848448074514 0 0.36610668897628784
D 0 6.0474643063010332 0 0.36019580679630792
F 0 6.0474643063010332 0 0.3601958155632019
D 0 6.242543767794615 0 0.35455690909158305
F 0 6.242543767794615 0 0.35455691814422607
D 0 6.4376232292881967 0 0.3491704941797884
F 0 6.4376232292881967 0 0.3491705060005188
D 0 6.6327026907817785 0 0.34401885688768513
F 0 6.6327026907817785 0 0.3440188467502594
D 0 6.8277821522753603 0 0.33908590349784473
F 0 6.8277821522753603 0 0.3390859067440033
D 0 7.0228616137689421 0 0.33435697851655272
F 0 7.0228616137689421 0 0.33435699343681335
D 0 7.2179410752625239 0 0.32981871226167614
F 0 7.2179410752625239 0 0.32981869578361511
D 0 7.4130205367561048 0 0.32545888656668326
F 0 7.4130205367561048 0 0.32545888423919678
D 0 7.6080999982496866 0 0.32126631626818214
F 0 7.6080999982496866 0 0.32126632332801819
D 0 7.8031794597432684 0 0.3172307444624391
F 0 7.8031794597432684 0 0.31723076105117798
D 0 7.9982589212368502 0 0.31334274978917992
F 0 7.9982589212368502 0 0.31334275007247925
D 0 8.1933383827304311 0 0.30959366423520912
F 0 8.1933383827304311 0 0.30959367752075195
D 0 8.388417844224012 0 0.30597550015166186
F 0 8.388417844224012 0 0.30597549676895142
D 0 8.5834973057175947 0 0.30248088535181172
F 0 8.5834973057175947 0 0.30248087644577026
D 0 8.7785767672111756 0 0.29910300530540102
F 0 8.7785767672111756 0 0.29910299181938171
D 0 8.9736562287047583 0 0.29583555157388425
F 0 8.9736562287047583 0 0.29583555459976196
D 0 9.1687356901983392 0 0.29267267574176531
F 0 9.1687356901983392 0 0.29267266392707825
D 0 9.3638151516919219 0 0.28960894819486427
F 0 9.3638151516919219 0 0.28960895538330078
D 0 9.5588946131855028 0 0.28663932117903457
F 0 9.5588946131855028 0 0.28663933277130127
D 0 9.7539740746790855 0 0.28375909564439039
F 0 9.7539740746790855 0 0.28375908732414246
D 0 9.9490535361726664 0 0.28096389144207429
F 0 9.9490535361726664 0 0.28096389770507812
D 0 10.144132997666249 0 0.27824962049432417
F 0 10.144132997666249 0 0.27824962139129639
D 0 10.33921245915983 0 0.27561246260524169
F 0 10.33921245915983 0 0.275612473487854
D 0 10.534291920653411 0 0.27304884362019566
F 0 10.534291920653411 0 0.27304884791374207
D 0 10.729371382146994 0 0.27055541567705726
F 0 10.729371382146994 0 0.27055540680885315
D 0 10.924450843640575 0 0.26812903932317406
F 0 10.924450843640575 0 0.26812905073165894
D 0 11.119530305134157 0 0.26576676729877158
F 0 11.119530305134157 0 0.26576676964759827
D 0 11.314609766627738 0 0.26346582981084971
F 0 11.314609766627738 0 0.26346582174301147
D 0 11.509689228121321 0 0.26122362114207093
F 0 11.509689228121321 0 0.26122361421585083
D 0 11.704768689614902 0 0.25903768745702221
F 0 11.704768689614902 0 0.25903767347335815
D 1 9.9999999999999995e-07 0 0.99999966666676665
D 1 9.9999999999999995e-07 1 0.33333313333340475
F 1 9.9999999999999995e-07 0 0.99999964237213135
F 1 9.9999999999999995e-07 1 0.33333313465118408
D 1 0.19508046149358171 0 0.93860855162447754
D 1 0.19508046149358171 1 0.29690338161918545
F 1 0.19508046149358171 0 0.93860852718353271
F 1 0.19508046149358171 1 0.29690337181091309
D 1 0.3901599229871634 0 0.8838558633346596
D 1 0.3901599229871634 1 0.26515698428567946
F 1 0.3901599229871634 0 0.88385587930679321
F 1 0.3901599229871634 1 0.26515698432922363
D 1 0.5852393844807452 0 0.83489324999850956
D 1 0.5852393844807452 1 0.23744192726296859
F 1 0.5852393844807452 0 0.83489322662353516
F 1 0.5852393844807452 1 0.23744192719459534
D 1 0.78031884597432688 0 0.79099001492476773
D 1 0.78031884597432688 1 0.21320140026636655
F 1 0.78031884597432688 0 0.79098999500274658
F 1 0.78031884597432688 1 0.21320140361785889
D 1 0.97539830746790857 0 0.75151598308328693
D 1 0.97539830746790857 1 0.19195944634501036
F 1 0.97539830746790857 0 0.75151598453521729
F 1 0.97539830746790857 1 0.1919594407081604
D 1 1.1704777689614903 0 0.7159269451449054
D 1 1.1704777689614903 1 0.17330882435877595
F 1 1.1704777689614903 0 0.7159268856048584
F 1 1.1704777689614903 1 0.17330881953239441
D 1 1.3655572304550718 0 0.68375228214847505
D 1 1.3655572304550718 1 0.1569007372421396
F 1 1.3655572304550718 0 0.68375229835510254
F 1 1.3655572304550718 1 0.15690073370933533
D 1 1.5606366919486536 0 0.65458443611579487
D 1 1.5606366919486536 1 0.14243613410161432
F 1 1.5606366919486536 0 0.65458440780639648
F 1 1.5606366919486536 1 0.14243613183498383
D 1 1.7557161534422354 0 0.62806994423957396
D 1 1.7557161534422354 1 0.12965834051324296
F 1 1.7557161534422354 0 0.62806993722915649
F 1 1.7557161534422354 1 0.12965834140777588
D 1 1.950795614935817 0 0.60390179828396273
D 1 1.950795614935817 1 0.11834681027590589
F 1 1.950795614935817 0 0.60390180349349976
F 1 1.950795614935817 1 0.11834681034088135
D 1 2.145875076429399 0 0.58181292789042516
D 1 2.145875076429399 1 0.10831182453774595
F 1 2.145875076429399 0 0.58181297779083252
F 1 2.145875076429399 1 0.10831183195114136
D 1 2.3409545379229808 0 0.56157063768757065
D 1 2.3409545379229808 1 0.099389991653473064
F 1 2.3409545379229808 0 0.56157064437866211
F 1 2.3409545379229808 1 0.099389992654323578
D 1 2.5360339994165626 0 0.54297185439590889
D 1 2.5360339994165626 1 0.091440424192347006
F 1 2.5360339994165626 0 0.54297184944152832
F 1 2.5360339994165626 1 0.091440416872501373
D 1 2.731113460910144 0 0.52583906228064714
D 1 2.731113460910144 1 0.084341488905837494
F 1 2.731113460910144 0 0.52583909034729004
F 1 2.731113460910144 1 0.084341488778591156
D 1 2.9261929224037257 0 0.51001682399474657
D 1 2.9261929224037257 1 0.077988041771251654
F 1 2.9261929224037257 0 0.5100167989730835
F 1 2.9261929224037257 1 0.077988035976886749
D 1 3.1212723838973075 0 0.49536879962200581
D 1 3.1212723838973075 1 0.072289073948055879
F 1 3.1212723838973075 0 0.49536877870559692
F 1 3.1212723838973075 1 0.072289071977138519
D 1 3.3163518453908893 0 0.48177519003894675
D 1 3.3163518453908893 1 0.067165706032040945
F 1 3.3163518453908893 0 0.48177516460418701
F 1 3.3163518453908893 1 0.06716570258140564
D 1 3.5114313068844711 0 0.46913054195352222
D 1 3.5114313068844711 1 0.062549477716596774
F 1 3.5114313068844711 0 0.46913054585456848
F 1 3.5114313068844711 1 0.062549479305744171
D 1 3.7065107683780525 0 0.45734186147477773
D 1 3.7065107683780525 1 0.058380888161714162
F 1 3.7065107683780525 0 0.45734184980392456
F 1 3.7065107683780525 1 0.058380886912345886
D 1 3.9015902298716343 0 0.44632699109503871
D 1 3.9015902298716343 1 0.054608149274413743
F 1 3.9015902298716343 0 0.44632697105407715
F 1 3.9015902298716343 1 0.054608147591352463
D 1 4.0966696913652161 0 0.4360132117556807
D 1 4.0966696913652161 1 0.051186119924237349
F 1 4.0966696913652161 0 0.43601322174072266
F 1 4.0966696913652161 1 0.051186122000217438
D 1 4.2917491528587979 0 0.426336037413098
D 1 4.2917491528587979 1 0.04807539402634764
F 1 4.2917491528587979 0 0.42633602023124695
F 1 4.2917491528587979 1 0.048075396567583084
D 1 4.4868286143523797 0 0.4172381743863337
D 1 4.4868286143523797 1 0.045241519567161964
F 1 4.4868286143523797 0 0.41723814606666565
F 1 4.4868286143523797 1 0.045241516083478928
D 1 4.6819080758459615 0 0.40866862188932046
D 1 4.6819080758459615 1 0.042654329144618829
F 1 4.6819080758459615 0 0.4086686372756958
F 1 4.6819080758459615 1 0.042654328048229218
D 1 4.8769875373395433 0 0.40058189364445801
D 1 4.8769875373395433 1 0.040287365549054321
F 1 4.8769875373395433 0 0.40058192610740662
F 1 4.8769875373395433 1 0.04028736799955368
D 1 5.0720669988331251 0 0.39293734343769621
D 1 5.0720669988331251 1 0.038117388406878651
F 1 5.0720669988331251 0 0.39293736219406128
F 1 5.0720669988331251 1 0.038117390125989914
D 1 5.267146460326706 0 0.38569857999046914
D 1 5.267146460326706 1 0.036123950019766281
F 1 5.267146460326706 0 0.3856985867023468
F 1 5.267146460326706 1 0.036123950034379959
D 1 5.4622259218202878 0 0.37883295865990352
D 1 5.4622259218202878 1 0.034289030317425181
F 1 5.4622259218202878 0 0.37883296608924866
F 1 5.4622259218202878 1 0.034289032220840454
D 1 5.6573053833138696 0 0.37231113929401999
D 1 5.6573053833138696 1 0.032596722353094174
F 1 5.6573053833138696 0 0.37231111526489258
F 1 5.6573053833138696 1 0.03259672224521637
D 1 5.8523848448074514 0 0.36610670111237842
D 1 5.8523848448074514 1 0.03103296105056547
F 1 5.8523848448074514 0 0.36610668897628784
F 1 5.8523848448074514 1 0.031032958999276161
D 1 6.0474643063010332 0 0.36019580679630792
D 1 6.0474643063010332 1 0.029585288995795735
F 1 6.0474643063010332 0 0.3601958155632019
F 1 6.0474643063010332 1 0.029585288837552071
D 1 6.242543767794615 0 0.35455690909158305
D 1 6.242543767794615 1 0.02824265398541374
F 1 6.242543767794615 0 0.35455691814422607
F 1 6.242543767794615 1 0.028242655098438263
D 1 6.4376232292881967 0 0.3491704941797884
D 1 6.4376232292881967 1 0.02699523382423142
F 1 6.4376232292881967 0 0.34917047619819641
F 1 6.4376232292881967 1 0.026995234191417694
D 1 6.6327026907817785 0 0.34401885688768513
D 1 6.6327026907817785 1 0.025834284525771856
F 1 6.6327026907817785 0 0.3440188467502594
F 1 6.6327026907817785 1 0.025834282860159874
D 1 6.8277821522753603 0 0.33908590349784473
D 1 6.8277821522753603 1 0.024752008632014582
F 1 6.8277821522753603 0 0.33908587694168091
F 1 6.8277821522753603 1 0.02475200779736042
D 1 7.0228616137689421 0 0.33435697851655272
D 1 7.0228616137689421 1 0.023741440846352897
F 1 7.0228616137689421 0 0.33435696363449097
F 1 7.0228616137689421 1 0.02374144084751606
D 1 7.2179410752625239 0 0.32981871226167614
D 1 7.2179410752625239 1 0.02279634858009286
F 1 7.2179410752625239 0 0.3298187255859375
F 1 7.2179410752625239 1 0.022796347737312317
D 1 7.4130205367561048 0 0.32545888656668326
D 1 7.4130205367561048 1 0.021911145358618329
F 1 7.4130205367561048 0 0.32545888423919678
F 1 7.4130205367561048 1 0.021911144256591797
D 1 7.6080999982496866 0 0.32126631626818214
D 1 7.6080999982496866 1 0.021080815327822151
F 1 7.6080999982496866 0 0.32126632332801819
F 1 7.6080999982496866 1 0.02108081616461277
D 1 7.8031794597432684 0 0.3172307444624391
D 1 7.8031794597432684 1 0.020300847352352779
F 1 7.8031794597432684 0 0.31723076105117798
F 1 7.8031794597432684 1 0.020300848409533501
D 1 7.9982589212368502 0 0.31334274978917992
D 1 7.9982589212368502 1 0.019567177411235166
F 1 7.9982589212368502 0 0.31334275007247925
F 1 7.9982589212368502 1 0.019567176699638367
D 1 8.1933383827304311 0 0.30959366423520912
D 1 8.1933383827304311 1 0.018876138179067043
F 1 8.1933383827304311 0 0.30959364771842957
F 1 8.1933383827304311 1 0.018876137211918831
D 1 8.388417844224012 0 0.30597550015166186
D 1 8.388417844224012 1 0.018224414836980937
F 1 8.388417844224012 0 0.30597549676895142
F 1 8.388417844224012 1 0.018224414438009262
D 1 8.5834973057175947 0 0.30248088535181172
D 1 8.5834973057175947 1 0.017609006290890943
F 1 8.5834973057175947 0 0.30248087644577026
F 1 8.5834973057175947 1 0.017609007656574249
D 1 8.7785767672111756 0 0.29910300530540102
D 1 8.7785767672111756 1 0.017027191088592665
F 1 8.7785767672111756 0 0.29910299181938171
F 1 8.7785767672111756 1 0.017027189955115318
D 1 8.9736562287047583 0 0.29583555157388425
D 1 8.9736562287047583 1 0.016476497424921285
F 1 8.9736562287047583 0 0.29583555459976196
F 1 8.9736562287047583 1 0.016476497054100037
D 1 9.1687356901983392 0 0.29267267574176531
D 1 9.1687356901983392 1 0.015954676707827128
F 1 9.1687356901983392 0 0.29267266392707825
F 1 9.1687356901983392 1 0.015954677015542984
D 1 9.3638151516919219 0 0.28960894819486427
D 1 9.3638151516919219 1 0.015459680229962584
F 1 9.3638151516919219 0 0.28960895538330078
F 1 9.3638151516919219 1 0.015459679998457432
D 1 9.5588946131855028 0 0.28663932117903457
D 1 9.5588946131855028 1 0.014989638551940288
F 1 9.5588946131855028 0 0.28663933277130127
F 1 9.5588946131855028 1 0.014989639632403851
D 1 9.7539740746790855 0 0.28375909564439039
D 1 9.7539740746790855 1 0.014542843256307206
F 1 9.7539740746790855 0 0.28375908732414246
F 1 9.7539740746790855 1 0.014542843215167522
D 1 9.9490535361726664 0 0.28096389144207429
D 1 9.9490535361726664 1 0.01411773077674789
F 1 9.9490535361726664 0 0.28096386790275574
F 1 9.9490535361726664 1 0.014117729850113392
D 1 10.144132997666249 0 0.27824962049432417
D 1 10.144132997666249 1 0.013712868046157361
F 1 10.144132997666249 0 0.27824962139129639
F 1 10.144132997666249 1 0.01371286902576685
D 1 10.33921245915983 0 0.27561246260524169
D 1 10.33921245915983 1 0.013326939740926002
F 1 10.33921245915983 0 0.275612473487854
F 1 10.33921245915983 1 0.013326940126717091
D 1 10.534291920653411 0 0.27304884362019566
D 1 10.534291920653411 1 0.012958736927834788
F 1 10.534291920653411 0 0.27304884791374207
F 1 10.534291920653411 1 0.012958736158907413
D 1 10.729371382146994 0 0.27055541567705726
D 1 10.729371382146994 1 0.012607146945033631
F 1 10.729371382146994 0 0.27055543661117554
F 1 10.729371382146994 1 0.012607147917151451
D 1 10.924450843640575 0 0.26812903932317406
D 1 10.924450843640575 1 0.01227114437023499
F 1 10.924450843640575 0 0.26812902092933655
F 1 10.924450843640575 1 0.012271144427359104
D 1 11.119530305134157 0 0.26576676729877158
D 1 11.119530305134157 1 0.011949782947983285
F 1 11.119530305134157 0 0.26576673984527588
F 1 11.119530305134157 1 0.011949782259762287
D 1 11.314609766627738 0 0.26346582981084971
D 1 11.314609766627738 1 0.011642188364070329
F 1 11.314609766627738 0 0.26346582174301147
F 1 11.314609766627738 1 0.011642188765108585
D 1 11.509689228121321 0 0.26122362114207093
D 1 11.509689228121321 1 0.01134755176921126
F 1 11.509689228121321 0 0.26122364401817322
F 1 11.509689228121321 1 0.011347551830112934
D 1 11.704768689614902 0 0.25903768745702221
D 1 11.704768689614902 1 0.011065123966276366
F 1 11.704768689614902 0 0.25903770327568054
F 1 11.704768689614902 1 0.011065123602747917
D 2 9.9999999999999995e-07 0 0.99999966666676665
D 2 9.9999999999999995e-07 1 0.33333313333340475
D 2 9.9999999999999995e-07 2 0.19999985714291266
F 2 9.9999999999999995e-07 0 0.99999964237213135
F 2 9.9999999999999995e-07 1 0.33333313465118408
F 2 9.9999999999999995e-07 2 0.1999998539686203
D 2 0.19508046149358171 0 0.93860855162447743
D 2 0.19508046149358171 1 0.29690338161918539
D 2 0.19508046149358171 2 0.17413760999808126
F 2 0.19508046149358171 0 0.93860852718353271
F 2 0.19508046149358171 1 0.29690337181091309
F 2 0.19508046149358171 2 0.17413760721683502
D 2 0.3901599229871634 0 0.88385586333465949
D 2 0.3901599229871634 1 0.26515698428567941
D 2 0.3901599229871634 2 0.15188944286199355
F 2 0.3901599229871634 0 0.88385587930679321
F 2 0.3901599229871634 1 0.26515698432922363
F 2 0.3901599229871634 2 0.15188944339752197
D 2 0.5852393844807452 0 0.83489324999850956
D 2 0.5852393844807452 1 0.23744192726296856
D 2 0.5852393844807452 2 0.13272625752181466
F 2 0.5852393844807452 0 0.83489322662353516
F 2 0.5852393844807452 1 0.23744191229343414
F 2 0.5852393844807452 2 0.13272625207901001
D 2 0.78031884597432688 0 0.79099001492476773
D 2 0.78031884597432688 1 0.21320140026636655
D 2 0.78031884597432688 2 0.11619886411933569
F 2 0.78031884597432688 0 0.79098999500274658
F 2 0.78031884597432688 1 0.21320140361785889
F 2 0.78031884597432688 2 0.11619886010885239
D 2 0.97539830746790857 0 0.75151598308328693
D 2 0.97539830746790857 1 0.19195944634501036
D 2 0.97539830746790857 2 0.10192564030724745
F 2 0.97539830746790857 0 0.75151598453521729
F 2 0.97539830746790857 1 0.1919594407081604
F 2 0.97539830746790857 2 0.10192564129829407
D 2 1.1704777689614903 0 0.7159269451449054
D 2 1.1704777689614903 1 0.17330882435877595
D 2 1.1704777689614903 2 0.089582128617053558
F 2 1.1704777689614903 0 0.71592700481414795
F 2 1.1704777689614903 1 0.1733088344335556
F 2 1.1704777689614903 2 0.089582130312919617
D 2 1.3655572304550718 0 0.68375228214847505
D 2 1.3655572304550718 1 0.1569007372421396
D 2 1.3655572304550718 2 0.078892263605682286
F 2 1.3655572304550718 0 0.68375229835510254
F 2 1.3655572304550718 1 0.15690074861049652
F 2 1.3655572304550718 2 0.078892268240451813
D 2 1.5606366919486536 0 0.65458443611579487
D 2 1.5606366919486536 1 0.14243613410161432
D 2 1.5606366919486536 2 0.069620969949870298
F 2 1.5606366919486536 0 0.65458446741104126
F 2 1.5606366919486536 1 0.14243614673614502
F 2 1.5606366919486536 2 0.069620974361896515
D 2 1.7557161534422354 0 0.62806994423957396
D 2 1.7557161534422354 1 0.12965834051324296
D 2 1.7557161534422354 2 0.061567914213103696
F 2 1.7557161534422354 0 0.62806993722915649
F 2 1.7557161534422354 1 0.12965834140777588
F 2 1.7557161534422354 2 0.061567913740873337
D 2 1.950795614935817 0 0.60390179828396273
D 2 1.950795614935817 1 0.11834681027590589
D 2 1.950795614935817 2 0.054562227834030565
F 2 1.950795614935817 0 0.60390180349349976
F 2 1.950795614935817 1 0.11834681034088135
F 2 1.950795614935817 2 0.054562225937843323
D 2 2.145875076429399 0 0.58181292789042516
D 2 2.145875076429399 1 0.10831182453774595
D 2 2.145875076429399 2 0.048458048076393111
F 2 2.145875076429399 0 0.58181297779083252
F 2 2.145875076429399 1 0.10831183195114136
F 2 2.145875076429399 2 0.048458050936460495
D 2 2.3409545379229808 0 0.56157063768757065
D 2 2.3409545379229808 1 0.099389991653473064
D 2 2.3409545379229808 2 0.043130748156832044
F 2 2.3409545379229808 0 0.56157064437866211
F 2 2.3409545379229808 1 0.099389992654323578
F 2 2.3409545379229808 2 0.043130747973918915
D 2 2.5360339994165626 0 0.54297185439590889
D 2 2.5360339994165626 1 0.091440424192347006
D 2 2.5360339994165626 2 0.038473748295913171
F 2 2.5360339994165626 0 0.54297184944152832
F 2 2.5360339994165626 1 0.091440416872501373
F 2 2.5360339994165626 2 0.038473747670650482
D 2 2.731113460910144 0 0.52583906228064714
D 2 2.731113460910144 1 0.084341488905837494
D 2 2.731113460910144 2 0.034395816661188384
F 2 2.731113460910144 0 0.52583909034729004
F 2 2.731113460910144 1 0.084341488778591156
F 2 2.731113460910144 2 0.034395817667245865
D 2 2.9261929224037257 0 0.51001682399474657
D 2 2.9261929224037257 1 0.077988041771251654
D 2 2.9261929224037257 2 0.030818783625717671
F 2 2.9261929224037257 0 0.51001685857772827
F 2 2.9261929224037257 1 0.077988043427467346
F 2 2.9261929224037257 2 0.03081878274679184
D 2 3.1212723838973075 0 0.49536879962200581
D 2 3.1212723838973075 1 0.072289073948055879
D 2 3.1212723838973075 2 0.027675604900203453
F 2 3.1212723838973075 0 0.4953688383102417
F 2 3.1212723838973075 1 0.072289079427719116
F 2 3.1212723838973075 2 0.027675606310367584
D 2 3.3163518453908893 0 0.48177519003894675
D 2 3.3163518453908893 1 0.067165706032040945
D 2 3.3163518453908893 2 0.024908719287350656
F 2 3.3163518453908893 0 0.48177516460418701
F 2 3.3163518453908893 1 0.06716570258140564
F 2 3.3163518453908893 2 0.024908719584345818
D 2 3.5114313068844711 0 0.46913054195352222
D 2 3.5114313068844711 1 0.062549477716596774
D 2 3.5114313068844711 2 0.022468655367621684
F 2 3.5114313068844711 0 0.46913054585456848
F 2 3.5114313068844711 1 0.062549479305744171
F 2 3.5114313068844711 2 0.022468656301498413
D 2 3.7065107683780525 0 0.45734186147477773
D 2 3.7065107683780525 1 0.058380888161714162
D 2 3.7065107683780525 2 0.020312848619349098
F 2 3.7065107683780525 0 0.45734182000160217
F 2 3.7065107683780525 1 0.058380883187055588
F 2 3.7065107683780525 2 0.020312847569584846
D 2 3.9015902298716343 0 0.44632699109503871
D 2 3.9015902298716343 1 0.054608149274413743
D 2 3.9015902298716343 2 0.018404636523525489
F 2 3.9015902298716343 0 0.44632697105407715
F 2 3.9015902298716343 1 0.054608147591352463
F 2 3.9015902298716343 2 0.018404634669423103
D 2 4.0966696913652161 0 0.4360132117556807
D 2 4.0966696913652161 1 0.051186119924237349
D 2 4.0966696913652161 2 0.016712404289033121
F 2 4.0966696913652161 0 0.43601325154304504
F 2 4.0966696913652161 1 0.051186125725507736
F 2 4.0966696913652161 2 0.016712404787540436
D 2 4.2917491528587979 0 0.426336037413098
D 2 4.2917491528587979 1 0.04807539402634764
D 2 4.2917491528587979 2 0.015208858112181095
F 2 4.2917491528587979 0 0.42633602023124695
F 2 4.2917491528587979 1 0.048075396567583084
F 2 4.2917491528587979 2 0.015208858996629715
D 2 4.4868286143523797 0 0.4172381743863337
D 2 4.4868286143523797 1 0.045241519567161964
D 2 4.4868286143523797 2 0.013870406484711306
F 2 4.4868286143523797 0 0.41723814606666565
F 2 4.4868286143523797 1 0.045241516083478928
F 2 4.4868286143523797 2 0.013870405033230782
D 2 4.6819080758459615 0 0.40866862188932046
D 2 4.6819080758459615 1 0.042654329144618829
D 2 4.6819080758459615 2 0.012676633095477152
F 2 4.6819080758459615 0 0.40866857767105103
F 2 4.6819080758459615 1 0.042654324322938919
F 2 4.6819080758459615 2 0.012676632963120937
D 2 4.8769875373395433 0 0.40058189364445801
D 2 4.8769875373395433 1 0.040287365549054321
D 2 4.8769875373395433 2 0.01160984742380957
F 2 4.8769875373395433 0 0.40058189630508423
F 2 4.8769875373395433 1 0.040287364274263382
F 2 4.8769875373395433 2 0.011609847657382488
D 2 5.0720669988331251 0 0.39293734343769621
D 2 5.0720669988331251 1 0.038117388406878651
D 2 5.0720669988331251 2 0.010654701273491881
F 2 5.0720669988331251 0 0.39293736219406128
F 2 5.0720669988331251 1 0.038117390125989914
F 2 5.0720669988331251 2 0.010654701851308346
D 2 5.267146460326706 0 0.38569857999046914
D 2 5.267146460326706 1 0.036123950019766281
D 2 5.267146460326706 2 0.0097978613092988952
F 2 5.267146460326706 0 0.3856985867023468
F 2 5.267146460326706 1 0.036123950034379959
F 2 5.267146460326706 2 0.0097978608682751656
D 2 5.4622259218202878 0 0.37883295865990352
D 2 5.4622259218202878 1 0.034289030317425181
D 2 5.4622259218202878 2 0.0090277291869455475
F 2 5.4622259218202878 0 0.37883293628692627
F 2 5.4622259218202878 1 0.034289028495550156
F 2 5.4622259218202878 2 0.0090277288109064102
D 2 5.6573053833138696 0 0.37231113929401999
D 2 5.6573053833138696 1 0.032596722353094174
D 2 5.6573053833138696 2 0.0083342021571336904
F 2 5.6573053833138696 0 0.37231117486953735
F 2 5.6573053833138696 1 0.032596725970506668
F 2 5.6573053833138696 2 0.0083342026919126511
D 2 5.8523848448074514 0 0.36610670111237842
D 2 5.8523848448074514 1 0.03103296105056547
D 2 5.8523848448074514 2 0.0077084681130487973
F 2 5.8523848448074514 0 0.36610668897628784
F 2 5.8523848448074514 1 0.031032958999276161
F 2 5.8523848448074514 2 0.0077084675431251526
D 2 6.0474643063010332 0 0.36019580679630792
D 2 6.0474643063010332 1 0.029585288995795735
D 2 6.0474643063010332 2 0.0071428299699442402
F 2 6.0474643063010332 0 0.36019578576087952
F 2 6.0474643063010332 1 0.029585286974906921
F 2 6.0474643063010332 2 0.0071428297087550163
D 2 6.242543767794615 0 0.35455690909158305
D 2 6.242543767794615 1 0.02824265398541374
D 2 6.242543767794615 2 0.0066305550420796295
F 2 6.242543767794615 0 0.35455688834190369
F 2 6.242543767794615 1 0.028242653235793114
F 2 6.242543767794615 2 0.0066305552609264851
D 2 6.4376232292881967 0 0.3491704941797884
D 2 6.4376232292881967 1 0.02699523382423142
D 2 6.4376232292881967 2 0.006165745738708036
F 2 6.4376232292881967 0 0.34917047619819641
F 2 6.4376232292881967 1 0.026995234191417694
F 2 6.4376232292881967 2 0.006165746133774519
D 2 6.6327026907817785 0 0.34401885688768513
D 2 6.6327026907817785 1 0.025834284525771856
D 2 6.6327026907817785 2 0.0057432284559153597
F 2 6.6327026907817785 0 0.34401887655258179
F 2 6.6327026907817785 1 0.025834284722805023
F 2 6.6327026907817785 2 0.0057432283647358418
D 2 6.8277821522753603 0 0.33908590349784473
D 2 6.8277821522753603 1 0.024752008632014582
D 2 6.8277821522753603 2 0.0053584580107820072
F 2 6.8277821522753603 0 0.33908587694168091
F 2 6.8277821522753603 1 0.02475200779736042
F 2 6.8277821522753603 2 0.0053584580309689045
D 2 7.0228616137689421 0 0.33435697851655272
D 2 7.0228616137689421 1 0.023741440846352897
D 2 7.0228616137689421 2 0.0050074353619219388
F 2 7.0228616137689421 0 0.33435696363449097
F 2 7.0228616137689421 1 0.02374144084751606
F 2 7.0228616137689421 2 0.005007435567677021
D 2 7.2179410752625239 0 0.32981871226167614
D 2 7.2179410752625239 1 0.02279634858009286
D 2 7.2179410752625239 2 0.0046866366972004763
F 2 7.2179410752625239 0 0.3298187255859375
F 2 7.2179410752625239 1 0.022796347737312317
F 2 7.2179410752625239 2 0.0046866363845765591
D 2 7.4130205367561048 0 0.32545888656668326
D 2 7.4130205367561048 1 0.021911145358618329
D 2 7.4130205367561048 2 0.004392952254806788
F 2 7.4130205367561048 0 0.32545891404151917
F 2 7.4130205367561048 1 0.021911146119236946
F 2 7.4130205367561048 2 0.0043929521925747395
D 2 7.6080999982496866 0 0.32126631626818214
D 2 7.6080999982496866 1 0.021080815327822151
D 2 7.6080999982496866 2 0.0041236334858329275
F 2 7.6080999982496866 0 0.32126632332801819
F 2 7.6080999982496866 1 0.02108081616461277
F 2 7.6080999982496866 2 0.0041236337274312973
D 2 7.8031794597432684 0 0.3172307444624391
D 2 7.8031794597432684 1 0.020300847352352779
D 2 7.8031794597432684 2 0.0038762473718075259
F 2 7.8031794597432684 0 0.31723076105117798
F 2 7.8031794597432684 1 0.020300848409533501
F 2 7.8031794597432684 2 0.003876247676089406
D 2 7.9982589212368502 0 0.31334274978917992
D 2 7.9982589212368502 1 0.019567177411235166
D 2 7.9982589212368502 2 0.0036486368849116772
F 2 7.9982589212368502 0 0.31334275007247925
F 2 7.9982589212368502 1 0.019567176699638367
F 2 7.9982589212368502 2 0.0036486366298049688
D 2 8.1933383827304311 0 0.30959366423520912
D 2 8.1933383827304311 1 0.018876138179067043
D 2 8.1933383827304311 2 0.0034388867266433656
F 2 8.1933383827304311 0 0.30959367752075195
F 2 8.1933383827304311 1 0.01887613907456398
F 2 8.1933383827304311 2 0.003438886720687151
D 2 8.388417844224012 0 0.30597550015166186
D 2 8.388417844224012 1 0.018224414836980937
D 2 8.388417844224012 2 0.0032452936065240244
F 2 8.388417844224012 0 0.30597546696662903
F 2 8.388417844224012 1 0.018224412575364113
F 2 8.388417844224012 2 0.0032452931627631187
D 2 8.5834973057175947 0 0.30248088535181172
D 2 8.5834973057175947 1 0.017609006290890943
D 2 8.5834973057175947 2 0.0030663404294570058
F 2 8.5834973057175947 0 0.30248087644577026
F 2 8.5834973057175947 1 0.017609007656574249
F 2 8.5834973057175947 2 0.0030663406942039728
D 2 8.7785767672111756 0 0.29910300530540102
D 2 8.7785767672111756 1 0.017027191088592665
D 2 8.7785767672111756 2 0.0029006738514246321
F 2 8.7785767672111756 0 0.29910299181938171
F 2 8.7785767672111756 1 0.017027189955115318
F 2 8.7785767672111756 2 0.0029006737750023603
D 2 8.9736562287047583 0 0.29583555157388425
D 2 8.9736562287047583 1 0.016476497424921285
D 2 8.9736562287047583 2 0.0027470847407735743
F 2 8.9736562287047583 0 0.29583555459976196
F 2 8.9736562287047583 1 0.016476497054100037
F 2 8.9736562287047583 2 0.0027470844797790051
D 2 9.1687356901983392 0 0.29267267574176531
D 2 9.1687356901983392 1 0.015954676707827128
D 2 9.1687356901983392 2 0.0026044911484379564
F 2 9.1687356901983392 0 0.29267266392707825
F 2 9.1687356901983392 1 0.015954677015542984
F 2 9.1687356901983392 2 0.0026044913101941347
D 2 9.3638151516919219 0 0.28960894819486427
D 2 9.3638151516919219 1 0.015459680229962584
D 2 9.3638151516919219 2 0.0024719234468191247
F 2 9.3638151516919219 0 0.28960892558097839
F 2 9.3638151516919219 1 0.015459679067134857
F 2 9.3638151516919219 2 0.0024719233624637127
D 2 9.5588946131855028 0 0.28663932117903457
D 2 9.5588946131855028 1 0.014989638551940288
D 2 9.5588946131855028 2 0.002348511345147233
F 2 9.5588946131855028 0 0.28663933277130127
F 2 9.5588946131855028 1 0.014989640563726425
F 2 9.5588946131855028 2 0.0023485117126256227
D 2 9.7539740746790855 0 0.28375909564439039
D 2 9.7539740746790855 1 0.014542843256307206
D 2 9.7539740746790855 2 0.0022334725302337261
F 2 9.7539740746790855 0 0.28375908732414246
F 2 9.7539740746790855 1 0.014542843215167522
F 2 9.7539740746790855 2 0.002233472652733326
D 2 9.9490535361726664 0 0.28096389144207429
D 2 9.9490535361726664 1 0.01411773077674789
D 2 9.9490535361726664 2 0.0021261027166368323
F 2 9.9490535361726664 0 0.28096386790275574
F 2 9.9490535361726664 1 0.014117729850113392
F 2 9.9490535361726664 2 0.0021261025685817003
D 2 10.144132997666249 0 0.27824962049432417
D 2 10.144132997666249 1 0.013712868046157361
D 2 10.144132997666249 2 0.002025766920294676
F 2 10.144132997666249 0 0.27824962139129639
F 2 10.144132997666249 1 0.013712868094444275
F 2 10.144132997666249 2 0.0020257669966667891
D 2 10.33921245915983 0 0.27561246260524169
D 2 10.33921245915983 1 0.013326939740926002
D 2 10.33921245915983 2 0.0019318917953878348
F 2 10.33921245915983 0 0.27561244368553162
F 2 10.33921245915983 1 0.013326939195394516
F 2 10.33921245915983 2 0.0019318917766213417
D 2 10.534291920653411 0 0.27304884362019566
D 2 10.534291920653411 1 0.012958736927834788
D 2 10.534291920653411 2 0.0018439588962152586
F 2 10.534291920653411 0 0.27304884791374207
F 2 10.534291920653411 1 0.012958736158907413
F 2 10.534291920653411 2 0.0018439587438479066
D 2 10.729371382146994 0 0.27055541567705726
D 2 10.729371382146994 1 0.012607146945033631
D 2 10.729371382146994 2 0.0017614987447480458
F 2 10.729371382146994 0 0.27055540680885315
F 2 10.729371382146994 1 0.012607146985828876
F 2 10.729371382146994 2 0.001761498861014843
D 2 10.924450843640575 0 0.26812903932317406
D 2 10.924450843640575 1 0.01227114437023499
D 2 10.924450843640575 2 0.001684085600726025
F 2 10.924450843640575 0 0.26812902092933655
F 2 10.924450843640575 1 0.01227114349603653
F 2 10.924450843640575 2 0.001684085582382977
D 2 11.119530305134157 0 0.26576676729877158
D 2 11.119530305134157 1 0.011949782947983285
D 2 11.119530305134157 2 0.0016113328450745638
F 2 11.119530305134157 0 0.26576673984527588
F 2 11.119530305134157 1 0.011949782259762287
F 2 11.119530305134157 2 0.0016113327583298087
D 2 11.314609766627738 0 0.26346582981084971
D 2 11.314609766627738 1 0.011642188364070329
D 2 11.314609766627738 2 0.0015428888993768296
F 2 11.314609766627738 0 0.26346582174301147
F 2 11.314609766627738 1 0.011642187833786011
F 2 11.314609766627738 2 0.0015428889309987426
D 2 11.509689228121321 0 0.26122362114207093
D 2 11.509689228121321 1 0.01134755176921126
D 2 11.509689228121321 2 0.0014784336144233851
F 2 11.509689228121321 0 0.26122364401817322
F 2 11.509689228121321 1 0.011347551830112934
F 2 11.509689228121321 2 0.0014784336090087891
D 2 11.704768689614902 0 0.25903768745702221
D 2 11.704768689614902 1 0.011065123966276366
D 2 11.704768689614902 2 0.0014176750697179675
F 2 11.704768689614902 0 0.25903770327568054
F 2 11.704768689614902 1 0.011065124534070492
F 2 11.704768689614902 2 0.001417674939148128
D 4 9.9999999999999995e-07 0 0.99999966666676665
D 4 9.9999999999999995e-07 1 0.33333313333340475
D 4 9.9999999999999995e-07 2 0.19999985714291271
D 4 9.9999999999999995e-07 3 0.1428570317460772
D 4 9.9999999999999995e-07 4 0.11111102020205865
F 4 9.9999999999999995e-07 0 0.99999964237213135
F 4 9.9999999999999995e-07 1 0.33333313465118408
F 4 9.9999999999999995e-07 2 0.1999998539686203
F 4 9.9999999999999995e-07 3 0.14285703003406525
F 4 9.9999999999999995e-07 4 0.11111102253198624
D 4 0.19508046149358171 0 0.93860855162447743
D 4 0.19508046149358171 1 0.29690338161918539
D 4 0.19508046149358171 2 0.17413760999808123
D 4 0.19508046149358171 3 0.12282008000595346
D 4 0.19508046149358171 4 0.094761170710487952
F 4 0.19508046149358171 0 0.93860852718353271
F 4 0.19508046149358171 1 0.29690337181091309
F 4 0.19508046149358171 2 0.17413760721683502
F 4 0.19508046149358171 3 0.12282007932662964
F 4 0.19508046149358171 4 0.094761170446872711
D 4 0.3901599229871634 0 0.88385586333465949
D 4 0.3901599229871634 1 0.26515698428567941
D 4 0.3901599229871634 2 0.15188944286199352
D 4 0.3901599229871634 3 0.10572409318786029
D 4 0.3901599229871634 4 0.080889966393675003
F 4 0.3901599229871634 0 0.88385587930679321
F 4 0.3901599229871634 1 0.26515698432922363
F 4 0.3901599229871634 2 0.15188944339752197
F 4 0.3901599229871634 3 0.10572409629821777
F 4 0.3901599229871634 4 0.080889962613582611
D 4 0.5852393844807452 0 0.83489324999850956
D 4 0.5852393844807452 1 0.23744192726296856
D 4 0.5852393844807452 2 0.13272625752181463
D 4 0.5852393844807452 3 0.091124055524561182
D 4 0.5852393844807452 4 0.069113490599916699
F 4 0.5852393844807452 0 0.83489322662353516
F 4 0.5852393844807452 1 0.23744191229343414
F 4 0.5852393844807452 2 0.13272625207901001
F 4 0.5852393844807452 3 0.091124057769775391
F 4 0.5852393844807452 4 0.069113485515117645
D 4 0.78031884597432688 0 0.79099001492476773
D 4 0.78031884597432688 1 0.21320140026636655
D 4 0.78031884597432688 2 0.11619886411933567
D 4 0.78031884597432688 3 0.078643779742743822
D 4 0.78031884597432688 4 0.059108263873327856
F 4 0.78031884597432688 0 0.79098999500274658
F 4 0.78031884597432688 1 0.21320140361785889
F 4 0.78031884597432688 2 0.11619887501001358
F 4 0.78031884597432688 3 0.078643783926963806
F 4 0.78031884597432688 4 0.059108264744281769
D 4 0.97539830746790857 0 0.75151598308328693
D 4 0.97539830746790857 1 0.19195944634501036
D 4 0.97539830746790857 2 0.10192564030724745
D 4 0.97539830746790857 3 0.067965084403282264
D 4 0.97539830746790857 4 0.050601608142392902
F 4 0.97539830746790857 0 0.75151598453521729
F 4 0.97539830746790857 1 0.1919594407081604
F 4 0.97539830746790857 2 0.10192563384771347
F 4 0.97539830746790857 3 0.067965082824230194
F 4 0.97539830746790857 4 0.05060160905122757
D 4 1.1704777689614903 0 0.7159269451449054
D 4 1.1704777689614903 1 0.17330882435877595
D 4 1.1704777689614903 2 0.089582128617053558
D 4 1.1704777689614903 3 0.05881869512828411
D 4 1.1704777689614903 4 0.043363562981955692
F 4 1.1704777689614903 0 0.71592700481414795
F 4 1.1704777689614903 1 0.1733088344335556
F 4 1.1704777689614903 2 0.089582130312919617
F 4 1.1704777689614903 3 0.058818694204092026
F 4 1.1704777689614903 4 0.043363563716411591
D 4 1.3655572304550718 0 0.68375228214847505
D 4 1.3655572304550718 1 0.1569007372421396
D 4 1.3655572304550718 2 0.078892263605682286
D 4 1.3655572304550718 3 0.050976592260073408
D 4 1.3655572304550718 4 0.037200101839617361
F 4 1.3655572304550718 0 0.68375229835510254
F 4 1.3655572304550718 1 0.15690074861049652
F 4 1.3655572304550718 2 0.078892268240451813
F 4 1.3655572304550718 3 0.050976593047380447
F 4 1.3655572304550718 4 0.03720010444521904
D 4 1.5606366919486536 0 0.65458443611579487
D 4 1.5606366919486536 1 0.14243613410161432
D 4 1.5606366919486536 2 0.069620969949870298
D 4 1.5606366919486536 3 0.044245572535435637
D 4 1.5606366919486536 4 0.031947437357871519
F 4 1.5606366919486536 0 0.65458446741104126
F 4 1.5606366919486536 1 0.14243614673614502
F 4 1.5606366919486536 2 0.069620974361896515
F 4 1.5606366919486536 3 0.044245574623346329
F 4 1.5606366919486536 4 0.031947437673807144
D 4 1.7557161534422354 0 0.62806994423957396
D 4 1.7557161534422354 1 0.12965834051324296
D 4 1.7557161534422354 2 0.061567914213103696
D 4 1.7557161534422354 3 0.038461830033398106
D 4 1.7557161534422354 4 0.027467239377032677
F 4 1.7557161534422354 0 0.62806993722915649
F 4 1.7557161534422354 1 0.12965834140777588
F 4 1.7557161534422354 2 0.061567913740873337
F 4 1.7557161534422354 3 0.038461830466985703
F 4 1.7557161534422354 4 0.027467237785458565
D 4 1.950795614935817 0 0.60390179828396273
D 4 1.950795614935817 1 0.11834681027590589
D 4 1.950795614935817 2 0.054562227834030565
D 4 1.950795614935817 3 0.033486393177648503
D 4 1.950795614935817 4 0.023642617993676476
F 4 1.950795614935817 0 0.60390180349349976
F 4 1.950795614935817 1 0.11834681034088135
F 4 1.950795614935817 2 0.054562229663133621
F 4 1.950795614935817 3 0.033486392349004745
F 4 1.950795614935817 4 0.023642618209123611
D 4 2.145875076429399 0 0.58181292789042516
D 4 2.145875076429399 1 0.10831182453774595
D 4 2.145875076429399 2 0.048458048076393111
D 4 2.145875076429399 3 0.029201280956289193
D 4 2.145875076429399 4 0.020374748111009765
F 4 2.145875076429399 0 0.58181297779083252
F 4 2.145875076429399 1 0.10831183195114136
F 4 2.145875076429399 2 0.048458050936460495
F 4 2.145875076429399 3 0.029201282188296318
F 4 2.145875076429399 4 0.020374748855829239
D 4 2.3409545379229808 0 0.56157063768757065
D 4 2.3409545379229808 1 0.099389991653473064
D 4 2.3409545379229808 2 0.043130748156832044
D 4 2.3409545379229808 3 0.025506263605869394
D 4 2.3409545379229808 4 0.017580032031974686
F 4 2.3409545379229808 0 0.56157058477401733
F 4 2.3409545379229808 1 0.099389977753162384
F 4 2.3409545379229808 2 0.043130744248628616
F 4 2.3409545379229808 3 0.025506261736154556
F 4 2.3409545379229808 4 0.017580032348632812
D 4 2.5360339994165626 0 0.54297185439590889
D 4 2.5360339994165626 1 0.091440424192347006
D 4 2.5360339994165626 2 0.038473748295913171
D 4 2.5360339994165626 3 0.022316131498123962
D 4 2.5360339994165626 4 0.015187713464096014
F 4 2.5360339994165626 0 0.54297184944152832
F 4 2.5360339994165626 1 0.091440416872501373
F 4 2.5360339994165626 2 0.038473743945360184
F 4 2.5360339994165626 3 0.022316128015518188
F 4 2.5360339994165626 4 0.015187712386250496
D 4 2.731113460910144 0 0.52583906228064714
D 4 2.731113460910144 1 0.084341488905837494
D 4 2.731113460910144 2 0.034395816661188384
D 4 2.731113460910144 3 0.01955839145503049
D 4 2.731113460910144 4 0.01313787037037345
F 4 2.731113460910144 0 0.52583909034729004
F 4 2.731113460910144 1 0.084341488778591156
F 4 2.731113460910144 2 0.034395817667245865
F 4 2.731113460910144 3 0.019558390602469444
F 4 2.731113460910144 4 0.013137870468199253
D 4 2.9261929224037257 0 0.51001682399474657
D 4 2.9261929224037257 1 0.077988041771251654
D 4 2.9261929224037257 2 0.030818783625717671
D 4 2.9261929224037257 3 0.017171322692151287
D 4 2.9261929224037257 4 0.011379725866114519
F 4 2.9261929224037257 0 0.5100167989730835
F 4 2.9261929224037257 1 0.077988035976886749
F 4 2.9261929224037257 2 0.03081878088414669
F 4 2.9261929224037257 3 0.01717132143676281
F 4 2.9261929224037257 4 0.0113797252997756
D 4 3.1212723838973075 0 0.49536879962200581
D 4 3.1212723838973075 1 0.072289073948055879
D 4 3.1212723838973075 2 0.027675604900203453
D 4 3.1212723838973075 3 0.015102335462381024
D 4 3.1212723838973075 4 0.0098702262057758974
F 4 3.1212723838973075 0 0.49536877870559692
F 4 3.1212723838973075 1 0.072289071977138519
F 4 3.1212723838973075 2 0.027675604447722435
F 4 3.1212723838973075 3 0.015102335251867771
F 4 3.1212723838973075 4 0.0098702264949679375
D 4 3.3163518453908893 0 0.48177519003894675
D 4 3.3163518453908893 1 0.067165706032040945
D 4 3.3163518453908893 2 0.024908719287350656
D 4 3.3163518453908893 3 0.013306584585280279
D 4 3.3163518453908893 4 0.0085728431423408025
F 4 3.3163518453908893 0 0.48177516460418701
F 4 3.3163518453908893 1 0.06716570258140564
F 4 3.3163518453908893 2 0.024908717721700668
F 4 3.3163518453908893 3 0.013306583277881145
F 4 3.3163518453908893 4 0.008572842925786972
D 4 3.5114313068844711 0 0.46913054195352222
D 4 3.5114313068844711 1 0.062549477716596774
D 4 3.5114313068844711 2 0.022468655367621684
D 4 3.5114313068844711 3 0.011745797687900099
D 4 3.5114313068844711 4 0.0074565648380719484
F 4 3.5114313068844711 0 0.46913048624992371
F 4 3.5114313068844711 1 0.062549471855163574
F 4 3.5114313068844711 2 0.022468654438853264
F 4 3.5114313068844711 3 0.011745797470211983
F 4 3.5114313068844711 4 0.0074565652757883072
D 4 3.7065107683780525 0 0.45734186147477773
D 4 3.7065107683780525 1 0.058380888161714162
D 4 3.7065107683780525 2 0.020312848619349098
D 4 3.7065107683780525 3 0.010387284391109383
D 4 3.7065107683780525 4 0.0064950452797138134
F 4 3.7065107683780525 0 0.45734184980392456
F 4 3.7065107683780525 1 0.058380886912345886
F 4 3.7065107683780525 2 0.020312849432229996
F 4 3.7065107683780525 3 0.010387284681200981
F 4 3.7065107683780525 4 0.0064950450323522091
D 4 3.9015902298716343 0 0.44632699109503871
D 4 3.9015902298716343 1 0.054608149274413743
D 4 3.9015902298716343 2 0.018404636523525489
D 4 3.9015902298716343 3 0.0092030980513553746
D 4 3.9015902298716343 4 0.0056658869871570802
F 4 3.9015902298716343 0 0.44632703065872192
F 4 3.9015902298716343 1 0.054608151316642761
F 4 3.9015902298716343 2 0.018404636532068253
F 4 3.9015902298716343 3 0.0092030977830290794
F 4 3.9015902298716343 4 0.0056658866815268993
D 4 4.0966696913652161 0 0.4360132117556807
D 4 4.0966696913652161 1 0.051186119924237349
D 4 4.0966696913652161 2 0.016712404289033121
D 4 4.0966696913652161 3 0.0081693261791379399
D 4 4.0966696913652161 4 0.0049500358557325944
F 4 4.0966696913652161 0 0.43601316213607788
F 4 4.0966696913652161 1 0.051186114549636841
F 4 4.0966696913652161 2 0.016712402924895287
F 4 4.0966696913652161 3 0.0081693259999155998
F 4 4.0966696913652161 4 0.0049500358290970325
D 4 4.2917491528587979 0 0.426336037413098
D 4 4.2917491528587979 1 0.04807539402634764
D 4 4.2917491528587979 2 0.015208858112181095
D 4 4.2917491528587979 3 0.0072654894424720928
D 4 4.2917491528587979 4 0.0043312703669205607
F 4 4.2917491528587979 0 0.42633599042892456
F 4 4.2917491528587979 1 0.048075392842292786
F 4 4.2917491528587979 2 0.01520885806530714
F 4 4.2917491528587979 3 0.0072654900141060352
F 4 4.2917491528587979 4 0.0043312706984579563
D 4 4.4868286143523797 0 0.4172381743863337
D 4 4.4868286143523797 1 0.045241519567161964
D 4 4.4868286143523797 2 0.013870406484711306
D 4 4.4868286143523797 3 0.0064740323435620063
D 4 4.4868286143523797 4 0.0037957702475078341
F 4 4.4868286143523797 0 0.41723817586898804
F 4 4.4868286143523797 1 0.045241519808769226
F 4 4.4868286143523797 2 0.013870405964553356
F 4 4.4868286143523797 3 0.0064740320667624474
F 4 4.4868286143523797 4 0.003795769764110446
D 4 4.6819080758459615 0 0.40866862188932046
D 4 4.6819080758459615 1 0.042654329144618829
D 4 4.6819080758459615 2 0.012676633095477152
D 4 4.6819080758459615 3 0.0057798913279871978
D 4 4.6819080758459615 4 0.0033317520426667242
F 4 4.6819080758459615 0 0.40866857767105103
F 4 4.6819080758459615 1 0.042654324322938919
F 4 4.6819080758459615 2 0.012676632031798363
F 4 4.6819080758459615 3 0.005779891274869442
F 4 4.6819080758459615 4 0.0033317520283162594
D 4 4.8769875373395433 0 0.40058189364445801
D 4 4.8769875373395433 1 0.040287365549054321
D 4 4.8769875373395433 2 0.01160984742380957
D 4 4.8769875373395433 3 0.005170128330085959
D 4 4.8769875373395433 4 0.0029291610689341969
F 4 4.8769875373395433 0 0.40058192610740662
F 4 4.8769875373395433 1 0.04028736799955368
F 4 4.8769875373395433 2 0.011609848588705063
F 4 4.8769875373395433 3 0.0051701287738978863
F 4 4.8769875373395433 4 0.0029291613027453423
D 4 5.0720669988331251 0 0.39293734343769621
D 4 5.0720669988331251 1 0.038117388406878651
D 4 5.0720669988331251 2 0.010654701273491881
D 4 5.0720669988331251 3 0.0046336196447172373
D 4 5.0720669988331251 4 0.0025794108912413115
F 4 5.0720669988331251 0 0.39293736219406128
F 4 5.0720669988331251 1 0.038117390125989914
F 4 5.0720669988331251 2 0.01065470278263092
F 4 5.0720669988331251 3 0.0046336203813552856
F 4 5.0720669988331251 4 0.0025794112589210272
D 4 5.267146460326706 0 0.38569857999046914
D 4 5.267146460326706 1 0.036123950019766281
D 4 5.267146460326706 2 0.0097978613092988952
D 4 5.267146460326706 3 0.0041607916018124398
D 4 5.267146460326706 4 0.0022751628763321811
F 4 5.267146460326706 0 0.3856985867023468
F 4 5.267146460326706 1 0.036123950034379959
F 4 5.267146460326706 2 0.0097978608682751656
F 4 5.267146460326706 3 0.0041607911698520184
F 4 5.267146460326706 4 0.0022751626092940569
D 4 5.4622259218202878 0 0.37883295865990352
D 4 5.4622259218202878 1 0.034289030317425181
D 4 5.4622259218202878 2 0.0090277291869455475
D 4 5.4622259218202878 3 0.0037433958543625382
D 4 5.4622259218202878 4 0.0020101395569115605
F 4 5.4622259218202878 0 0.37883296608924866
F 4 5.4622259218202878 1 0.034289032220840454
F 4 5.4622259218202878 2 0.0090277297422289848
F 4 5.4622259218202878 3 0.0037433959078043699
F 4 5.4622259218202878 4 0.002010139636695385
D 4 5.6573053833138696 0 0.37231113929401999
D 4 5.6573053833138696 1 0.032596722353094174
D 4 5.6573053833138696 2 0.0083342021571336904
D 4 5.6573053833138696 3 0.0033743182131683717
D 4 5.6573053833138696 4 0.0017789665333094102
F 4 5.6573053833138696 0 0.37231117486953735
F 4 5.6573053833138696 1 0.032596725970506668
F 4 5.6573053833138696 2 0.0083342026919126511
F 4 5.6573053833138696 3 0.0033743183594197035
F 4 5.6573053833138696 4 0.0017789667472243309
D 4 5.8523848448074514 0 0.36610670111237842
D 4 5.8523848448074514 1 0.03103296105056547
D 4 5.8523848448074514 2 0.0077084681130487973
D 4 5.8523848448074514 3 0.0030474159067112464
D 4 5.8523848448074514 4 0.0015770384730112675
F 4 5.8523848448074514 0 0.36610668897628784
F 4 5.8523848448074514 1 0.031032958999276161
F 4 5.8523848448074514 2 0.0077084675431251526
F 4 5.8523848448074514 3 0.003047415753826499
F 4 5.8523848448074514 4 0.0015770383179187775
D 4 6.0474643063010332 0 0.36019580679630792
D 4 6.0474643063010332 1 0.029585288995795735
D 4 6.0474643063010332 2 0.0071428299699442402
D 4 6.0474643063010332 3 0.0027573789402953143
D 4 6.0474643063010332 4 0.0014004054687401918
F 4 6.0474643063010332 0 0.36019578576087952
F 4 6.0474643063010332 1 0.029585285112261772
F 4 6.0474643063010332 2 0.007142829243093729
F 4 6.0474643063010332 3 0.0027573786210268736
F 4 6.0474643063010332 4 0.0014004054246470332
D 4 6.242543767794615 0 0.35455690909158305
D 4 6.242543767794615 1 0.02824265398541374
D 4 6.242543767794615 2 0.0066305550420796295
D 4 6.242543767794615 3 0.0024996118990038615
D 4 6.242543767794615 4 0.0012456766043778106
F 4 6.242543767794615 0 0.35455691814422607
F 4 6.242543767794615 1 0.028242655098438263
F 4 6.242543767794615 2 0.0066305557265877724
F 4 6.242543767794615 3 0.0024996120482683182
F 4 6.242543767794615 4 0.0012456766562536359
D 4 6.4376232292881967 0 0.3491704941797884
D 4 6.4376232292881967 1 0.02699523382423142
D 4 6.4376232292881967 2 0.006165745738708036
D 4 6.4376232292881967 3 0.002270133103988816
D 4 6.4376232292881967 4 0.0011099380728740386
F 4 6.4376232292881967 0 0.3491705060005188
F 4 6.4376232292881967 1 0.026995236054062843
F 4 6.4376232292881967 2 0.0061657465994358063
F 4 6.4376232292881967 3 0.0022701334673911333
F 4 6.4376232292881967 4 0.0011099382536485791
D 4 6.6327026907817785 0 0.34401885688768513
D 4 6.6327026907817785 1 0.025834284525771856
D 4 6.6327026907817785 2 0.0057432284559153597
D 4 6.6327026907817785 3 0.0020654885079494107
D 4 6.6327026907817785 4 0.00099068360649147967
F 4 6.6327026907817785 0 0.34401887655258179
F 4 6.6327026907817785 1 0.025834284722805023
F 4 6.6327026907817785 2 0.0057432283647358418
F 4 6.6327026907817785 3 0.0020654883701354265
F 4 6.6327026907817785 4 0.00099068356212228537
D 4 6.8277821522753603 0 0.33908590349784473
D 4 6.8277821522753603 1 0.024752008632014582
D 4 6.8277821522753603 2 0.0053584580107820072
D 4 6.8277821522753603 3 0.0018826781174299324
D 4 6.8277821522753603 4 0.00088575532989168375
F 4 6.8277821522753603 0 0.33908593654632568
F 4 6.8277821522753603 1 0.024752011522650719
F 4 6.8277821522753603 2 0.0053584584966301918
F 4 6.8277821522753603 3 0.0018826781306415796
F 4 6.8277821522753603 4 0.0008857553475536406
D 4 7.0228616137689421 0 0.33435697851655272
D 4 7.0228616137689421 1 0.023741440846352897
D 4 7.0228616137689421 2 0.0050074353619219388
D 4 7.0228616137689421 3 0.0017190930685970199
D 4 7.0228616137689421 4 0.00079329344128156851
F 4 7.0228616137689421 0 0.33435696363449097
F 4 7.0228616137689421 1 0.02374144084751606
F 4 7.0228616137689421 2 0.005007435567677021
F 4 7.0228616137689421 3 0.0017190931830555201
F 4 7.0228616137689421 4 0.00079329352593049407
D 4 7.2179410752625239 0 0.32981871226167614
D 4 7.2179410752625239 1 0.02279634858009286
D 4 7.2179410752625239 2 0.0046866366972004763
D 4 7.2179410752625239 3 0.0015724617693703045
D 4 7.2179410752625239 4 0.00071169337497340899
F 4 7.2179410752625239 0 0.3298187255859375
F 4 7.2179410752625239 1 0.022796347737312317
F 4 7.2179410752625239 2 0.0046866363845765591
F 4 7.2179410752625239 3 0.0015724616823717952
F 4 7.2179410752625239 4 0.00071169331204146147
D 4 7.4130205367561048 0 0.32545888656668326
D 4 7.4130205367561048 1 0.021911145358618329
D 4 7.4130205367561048 2 0.004392952254806788
D 4 7.4130205367561048 3 0.001440803762515279
D 4 7.4130205367561048 4 0.00063956930771197221
F 4 7.4130205367561048 0 0.32545897364616394
F 4 7.4130205367561048 1 0.021911149844527245
F 4 7.4130205367561048 2 0.0043929526582360268
F 4 7.4130205367561048 3 0.0014408037532120943
F 4 7.4130205367561048 4 0.00063956930534914136
D 4 7.6080999982496866 0 0.32126631626818214
D 4 7.6080999982496866 1 0.021080815327822151
D 4 7.6080999982496866 2 0.0041236334858329275
D 4 7.6080999982496866 3 0.0013223901685718545
D 4 7.6080999982496866 4 0.0005757230472291108
F 4 7.6080999982496866 0 0.32126632332801819
F 4 7.6080999982496866 1 0.02108081616461277
F 4 7.6080999982496866 2 0.0041236337274312973
F 4 7.6080999982496866 3 0.001322390278801322
F 4 7.6080999982496866 4 0.00057572306832298636
D 4 7.8031794597432684 0 0.3172307444624391
D 4 7.8031794597432684 1 0.020300847352352779
D 4 7.8031794597432684 2 0.0038762473718075259
D 4 7.8031794597432684 3 0.0012157097401773809
D 4 7.8031794597432684 4 0.00051911748993624428
F 4 7.8031794597432684 0 0.3172307014465332
F 4 7.8031794597432684 1 0.020300844684243202
F 4 7.8031794597432684 2 0.0038762472104281187
F 4 7.8031794597432684 3 0.0012157097226008773
F 4 7.8031794597432684 4 0.00051911751506850123
D 4 7.9982589212368502 0 0.31334274978917992
D 4 7.9982589212368502 1 0.019567177411235166
D 4 7.9982589212368502 2 0.0036486368849116772
D 4 7.9982589212368502 3 0.0011194397054028495
D 4 7.9982589212368502 4 0.00046885395985354927
F 4 7.9982589212368502 0 0.31334272027015686
F 4 7.9982589212368502 1 0.019567174836993217
F 4 7.9982589212368502 2 0.0036486363969743252
F 4 7.9982589212368502 3 0.0011194396065548062
F 4 7.9982589212368502 4 0.00046885391930118203
D 4 8.1933383827304311 0 0.30959366423520912
D 4 8.1933383827304311 1 0.018876138179067043
D 4 8.1933383827304311 2 0.0034388867266433656
D 4 8.1933383827304311 3 0.0010324207013232372
D 4 8.1933383827304311 4 0.00042415284649112043
F 4 8.1933383827304311 0 0.30959367752075195
F 4 8.1933383827304311 1 0.01887613907456398
F 4 8.1933383827304311 2 0.003438886720687151
F 4 8.1933383827304311 3 0.0010324206668883562
F 4 8.1933383827304311 4 0.00042415285133756697
D 4 8.388417844224012 0 0.30597550015166186
D 4 8.388417844224012 1 0.018224414836980937
D 4 8.388417844224012 2 0.0032452936065240244
D 4 8.388417844224012 3 0.00095363520369446883
D 4 8.388417844224012 4 0.00038433704854025466
F 4 8.388417844224012 0 0.30597549676895142
F 4 8.388417844224012 1 0.018224414438009262
F 4 8.388417844224012 2 0.0032452933955937624
F 4 8.388417844224012 3 0.00095363508444279432
F 4 8.388417844224012 4 0.00038433697773143649
D 4 8.5834973057175947 0 0.30248088535181172
D 4 8.5834973057175947 1 0.017609006290890943
D 4 8.5834973057175947 2 0.0030663404294570058
D 4 8.5834973057175947 3 0.00088218894726270166
D 4 8.5834973057175947 4 0.00034881780550519712
F 4 8.5834973057175947 0 0.30248090624809265
F 4 8.5834973057175947 1 0.017609009519219398
F 4 8.5834973057175947 2 0.0030663409270346165
F 4 8.5834973057175947 3 0.00088218908058479428
F 4 8.5834973057175947 4 0.00034881784813478589
D 4 8.7785767672111756 0 0.29910300530540102
D 4 8.7785767672111756 1 0.017027191088592665
D 4 8.7785767672111756 2 0.0029006738514246321
D 4 8.7785767672111756 3 0.0008172949063729733
D 4 8.7785767672111756 4 0.00031708256299431225
F 4 8.7785767672111756 0 0.29910299181938171
F 4 8.7785767672111756 1 0.017027189955115318
F 4 8.7785767672111756 2 0.0029006735421717167
F 4 8.7785767672111756 3 0.00081729481462389231
F 4 8.7785767672111756 4 0.0003170825366396457
D 4 8.9736562287047583 0 0.29583555157388425
D 4 8.9736562287047583 1 0.016476497424921285
D 4 8.9736562287047583 2 0.0027470847407735743
D 4 8.9736562287047583 3 0.000758259469268383
D 4 8.9736562287047583 4 0.00028868457113315454
F 4 8.9736562287047583 0 0.29583555459976196
F 4 8.9736562287047583 1 0.016476497054100037
F 4 8.9736562287047583 2 0.0027470844797790051
F 4 8.9736562287047583 3 0.00075825938256457448
F 4 8.9736562287047583 4 0.00028868450317531824
D 4 9.1687356901983392 0 0.29267267574176531
D 4 9.1687356901983392 1 0.015954676707827128
D 4 9.1687356901983392 2 0.0026044911484379564
D 4 9.1687356901983392 3 0.00070447049354339388
D 4 9.1687356901983392 4 0.00026323396100621285
F 4 9.1687356901983392 0 0.29267272353172302
F 4 9.1687356901983392 1 0.015954678878188133
F 4 9.1687356901983392 2 0.0026044915430247784
F 4 9.1687356901983392 3 0.00070447055622935295
F 4 9.1687356901983392 4 0.00026323398924432695
D 4 9.3638151516919219 0 0.28960894819486427
D 4 9.3638151516919219 1 0.015459680229962584
D 4 9.3638151516919219 2 0.0024719234468191247
D 4 9.3638151516919219 3 0.00065538697612399076
D 4 9.3638151516919219 4 0.0002403900824794488
F 4 9.3638151516919219 0 0.28960892558097839
F 4 9.3638151516919219 1 0.015459678135812283
F 4 9.3638151516919219 2 0.002471923129633069
F 4 9.3638151516919219 3 0.00065538688795641065
F 4 9.3638151516919219 4 0.00024039005802478641
D 4 9.5588946131855028 0 0.28663932117903457
D 4 9.5588946131855028 1 0.014989638551940288
D 4 9.5588946131855028 2 0.002348511345147233
D 4 9.5588946131855028 3 0.00061053011014897325
D 4 9.5588946131855028 4 0.00021985491929631687
F 4 9.5588946131855028 0 0.28663936257362366
F 4 9.5588946131855028 1 0.014989641495049
F 4 9.5588946131855028 2 0.0023485119454562664
F 4 9.5588946131855028 3 0.00061053026001900434
F 4 9.5588946131855028 4 0.00021985496277920902
D 4 9.7539740746790855 0 0.28375909564439039
D 4 9.7539740746790855 1 0.014542843256307206
D 4 9.7539740746790855 2 0.0022334725302337261
D 4 9.7539740746790855 3 0.00056947553428000311
D 4 9.7539740746790855 4 0.00020136742489665569
F 4 9.7539740746790855 0 0.28375905752182007
F 4 9.7539740746790855 1 0.014542841352522373
F 4 9.7539740746790855 2 0.0022334724199026823
F 4 9.7539740746790855 3 0.00056947552366182208
F 4 9.7539740746790855 4 0.00020136743842158467
D 4 9.9490535361726664 0 0.28096389144207429
D 4 9.9490535361726664 1 0.01411773077674789
D 4 9.9490535361726664 2 0.0021261027166368323
D 4 9.9490535361726664 3 0.00053184660816769404
D 4 9.9490535361726664 4 0.00018469864575620593
F 4 9.9490535361726664 0 0.28096392750740051
F 4 9.9490535361726664 1 0.014117731712758541
F 4 9.9490535361726664 2 0.002126102801412344
F 4 9.9490535361726664 3 0.00053184659918770194
F 4 9.9490535361726664 4 0.00018469862698111683
D 4 10.144132997666249 0 0.27824962049432417
D 4 10.144132997666249 1 0.013712868046157361
D 4 10.144132997666249 2 0.002025766920294676
D 4 10.144132997666249 3 0.00049730857180236069
D 4 10.144132997666249 4 0.00016964751883774489
F 4 10.144132997666249 0 0.27824968099594116
F 4 10.144132997666249 1 0.013712870888411999
F 4 10.144132997666249 2 0.0020257674623280764
F 4 10.144132997666249 3 0.00049730867613106966
F 4 10.144132997666249 4 0.00016964755195658654
D 4 10.33921245915983 0 0.27561246260524169
D 4 10.33921245915983 1 0.013326939740926002
D 4 10.33921245915983 2 0.0019318917953878348
D 4 10.33921245915983 3 0.00046556346691944191
D 4 10.33921245915983 4 0.00015603724653344596
F 4 10.33921245915983 0 0.275612473487854
F 4 10.33921245915983 1 0.013326940126717091
F 4 10.33921245915983 2 0.0019318920094519854
F 4 10.33921245915983 3 0.00046556346933357418
F 4 10.33921245915983 4 0.00015603724750690162
D 4 10.534291920653411 0 0.27304884362019566
D 4 10.534291920653411 1 0.012958736927834788
D 4 10.534291920653411 2 0.0018439588962152586
D 4 10.534291920653411 3 0.00043634571605057933
D 4 10.534291920653411 4 0.00014371216672608814
F 4 10.534291920653411 0 0.27304884791374207
F 4 10.534291920653411 1 0.012958736158907413
F 4 10.534291920653411 2 0.0018439587438479066
F 4 10.534291920653411 3 0.0004363456682767719
F 4 10.534291920653411 4 0.00014371215365827084
D 4 10.729371382146994 0 0.27055541567705726
D 4 10.729371382146994 1 0.012607146945033631
D 4 10.729371382146994 2 0.0017614987447480458
D 4 10.729371382146994 3 0.0004094182696683007
D 4 10.729371382146994 4 0.0001325350476955521
F 4 10.729371382146994 0 0.27055540680885315
F 4 10.729371382146994 1 0.012607146985828876
F 4 10.729371382146994 2 0.001761498861014843
F 4 10.729371382146994 3 0.00040941828046925366
F 4 10.729371382146994 4 0.00013253506040200591
D 4 10.924450843640575 0 0.26812903932317406
D 4 10.924450843640575 1 0.01227114437023499
D 4 10.924450843640575 2 0.001684085600726025
D 4 10.924450843640575 3 0.00038456924455132561
D 4 10.924450843640575 4 0.00012238474787680715
F 4 10.924450843640575 0 0.26812902092933655
F 4 10.924450843640575 1 0.012271144427359104
F 4 10.924450843640575 2 0.0016840856987982988
F 4 10.924450843640575 3 0.00038456925540231168
F 4 10.924450843640575 4 0.00012238475028425455
D 4 11.119530305134157 0 0.26576676729877158
D 4 11.119530305134157 1 0.011949782947983285
D 4 11.119530305134157 2 0.0016113328450745638
D 4 11.119530305134157 3 0.0003616089873256226
D 4 11.119530305134157 4 0.00011315418921502938
F 4 11.119530305134157 0 0.26576679944992065
F 4 11.119530305134157 1 0.011949784122407436
F 4 11.119530305134157 2 0.0016113329911604524
F 4 11.119530305134157 3 0.00036160898162052035
F 4 11.119530305134157 4 0.00011315417214063928
D 4 11.314609766627738 0 0.26346582981084971
D 4 11.314609766627738 1 0.011642188364070329
D 4 11.314609766627738 2 0.0015428888993768296
D 4 11.314609766627738 3 0.00034036750639036703
D 4 11.314609766627738 4 0.00010474860029791612
F 4 11.314609766627738 0 0.26346582174301147
F 4 11.314609766627738 1 0.011642187833786011
F 4 11.314609766627738 2 0.0015428889309987426
F 4 11.314609766627738 3 0.0003403675218578428
F 4 11.314609766627738 4 0.00010474860755493864
D 4 11.509689228121321 0 0.26122362114207093
D 4 11.509689228121321 1 0.01134755176921126
D 4 11.509689228121321 2 0.0014784336144233851
D 4 11.509689228121321 3 0.00032069222335252888
D 4 11.509689228121321 4 9.7083991773482152e-05
F 4 11.509689228121321 0 0.26122364401817322
F 4 11.509689228121321 1 0.011347551830112934
F 4 11.509689228121321 2 0.0014784336090087891
F 4 11.509689228121321 3 0.00032069222652353346
F 4 11.509689228121321 4 9.7083990112878382e-05
D 4 11.704768689614902 0 0.25903768745702221
D 4 11.704768689614902 1 0.011065123966276366
D 4 11.704768689614902 2 0.0014176750697179675
D 4 11.704768689614902 3 0.0003024460018679215
D 4 11.704768689614902 4 9.0085831951656968e-05
F 4 11.704768689614902 0 0.25903767347335815
F 4 11.704768689614902 1 0.011065122671425343
F 4 11.704768689614902 2 0.0014176748227328062
F 4 11.704768689614902 3 0.00030244592926464975
F 4 11.704768689614902 4 9.0085814008489251e-05
D 8 9.9999999999999995e-07 0 0.99999966666676665
D 8 9.9999999999999995e-07 1 0.33333313333340475
D 8 9.9999999999999995e-07 2 0.19999985714291271
D 8 9.9999999999999995e-07 3 0.1428570317460772
D 8 9.9999999999999995e-07 4 0.11111102020205867
D 8 9.9999999999999995e-07 5 0.090909013986047324
D 8 9.9999999999999995e-07 6 0.076923010256439675
D 8 9.9999999999999995e-07 7 0.066666607843163569
D 8 9.9999999999999995e-07 8 0.058823476780209563
F 8 9.9999999999999995e-07 0 0.99999964237213135
F 8 9.9999999999999995e-07 1 0.33333313465118408
F 8 9.9999999999999995e-07 2 0.1999998539686203
F 8 9.9999999999999995e-07 3 0.14285703003406525
F 8 9.9999999999999995e-07 4 0.11111101508140564
F 8 9.9999999999999995e-07 5 0.090909011662006378
F 8 9.9999999999999995e-07 6 0.076923005282878876
F 8 9.9999999999999995e-07 7 0.066666610538959503
F 8 9.9999999999999995e-07 8 0.058823477476835251
D 8 0.19508046149358171 0 0.93860855162447743
D 8 0.19508046149358171 1 0.29690338161918539
D 8 0.19508046149358171 2 0.17413760999808123
D 8 0.19508046149358171 3 0.12282008000595346
D 8 0.19508046149358171 4 0.094761170710487938
D 8 0.19508046149358171 5 0.07710173010190223
D 8 0.19508046149358171 6 0.064974669202924079
D 8 0.19508046149358171 7 0.056136440462561797
D 8 0.19508046149358171 8 0.049410772808570293
F 8 0.19508046149358171 0 0.93860852718353271
F 8 0.19508046149358171 1 0.29690337181091309
F 8 0.19508046149358171 2 0.17413760721683502
F 8 0.19508046149358171 3 0.12282007932662964
F 8 0.19508046149358171 4 0.094761170446872711
F 8 0.19508046149358171 5 0.077101729810237885
F 8 0.19508046149358171 6 0.064974673092365265
F 8 0.19508046149358171 7 0.056136440485715866
F 8 0.19508046149358171 8 0.049410771578550339
D 8 0.3901599229871634 0 0.88385586333465949
D 8 0.3901599229871634 1 0.26515698428567941
D 8 0.3901599229871634 2 0.15188944286199352
D 8 0.3901599229871634 3 0.10572409318786029
D 8 0.3901599229871634 4 0.080889966393674989
D 8 0.3901599229871634 5 0.06543610496216147
D 8 0.3901599229871634 6 0.054911519432692617
D 8 0.3901599229871634 7 0.047289770492876783
D 8 0.3901599229871634 8 0.041518809706624506
F 8 0.3901599229871634 0 0.88385587930679321
F 8 0.3901599229871634 1 0.26515698432922363
F 8 0.3901599229871634 2 0.15188944339752197
F 8 0.3901599229871634 3 0.10572409629821777
F 8 0.3901599229871634 4 0.080889970064163208
F 8 0.3901599229871634 5 0.065436102449893951
F 8 0.3901599229871634 6 0.054911520332098007
F 8 0.3901599229871634 7 0.047289770096540451
F 8 0.3901599229871634 8 0.041518807411193848
D 8 0.5852393844807452 0 0.83489324999850956
D 8 0.5852393844807452 1 0.23744192726296856
D 8 0.5852393844807452 2 0.13272625752181463
D 8 0.5852393844807452 3 0.091124055524561182
D 8 0.5852393844807452 4 0.069113490599916699
D 8 0.5852393844807452 5 0.055574609167032343
D 8 0.5852393844807452 6 0.046432440299340065
D 8 0.5852393844807452 7 0.039854809717654385
D 8 0.5852393844807452 8 0.034899932892549008
F 8 0.5852393844807452 0 0.83489322662353516
F 8 0.5852393844807452 1 0.23744191229343414
F 8 0.5852393844807452 2 0.13272625207901001
F 8 0.5852393844807452 3 0.091124057769775391
F 8 0.5852393844807452 4 0.069113492965698242
F 8 0.5852393844807452 5 0.055574607104063034
F 8 0.5852393844807452 6 0.046432439237833023
F 8 0.5852393844807452 7 0.039854809641838074
F 8 0.5852393844807452 8 0.034899931401014328
D 8 0.78031884597432688 0 0.79099001492476773
D 8 0.78031884597432688 1 0.21320140026636655
D 8 0.78031884597432688 2 0.11619886411933567
D 8 0.78031884597432688 3 0.078643779742743822
D 8 0.78031884597432688 4 0.059108263873327856
D 8 0.78031884597432688 5 0.047233577368661649
D 8 0.78031884597432688 6 0.039284888272742617
D 8 0.78031884597432688 7 0.033604003109348947
D 8 0.78031884597432688 8 0.029347088810986268
F 8 0.78031884597432688 0 0.79098999500274658
F 8 0.78031884597432688 1 0.21320140361785889
F 8 0.78031884597432688 2 0.11619887501001358
F 8 0.78031884597432688 3 0.078643783926963806
F 8 0.78031884597432688 4 0.059108264744281769
F 8 0.78031884597432688 5 0.047233577817678452
F 8 0.78031884597432688 6 0.039284888654947281
F 8 0.78031884597432688 7 0.033604003489017487
F 8 0.78031884597432688 8 0.029347088187932968
D 8 0.97539830746790857 0 0.75151598308328693
D 8 0.97539830746790857 1 0.19195944634501036
D 8 0.97539830746790857 2 0.10192564030724745
D 8 0.97539830746790857 3 0.067965084403282264
D 8 0.97539830746790857 4 0.050601608142392895
D 8 0.97539830746790857 5 0.040174525490258524
D 8 0.97539830746790857 6 0.033256996115144093
D 8 0.97539830746790857 7 0.028346781066259714
D 8 0.97539830746790857 8 0.024687130722232244
F 8 0.97539830746790857 0 0.75151598453521729
F 8 0.97539830746790857 1 0.1919594407081604
F 8 0.97539830746790857 2 0.10192563384771347
F 8 0.97539830746790857 3 0.067965082824230194
F 8 0.97539830746790857 4 0.05060160905122757
F 8 0.97539830746790857 5 0.040174525231122971
F 8 0.97539830746790857 6 0.033256996423006058
F 8 0.97539830746790857 7 0.028346780687570572
F 8 0.97539830746790857 8 0.024687130004167557
D 8 1.1704777689614903 0 0.7159269451449054
D 8 1.1704777689614903 1 0.17330882435877595
D 8 1.1704777689614903 2 0.089582128617053558
D 8 1.1704777689614903 3 0.05881869512828411
D 8 1.1704777689614903 4 0.043363562981955692
D 8 1.1704777689614903 5 0.034196879244157576
D 8 1.1704777689614903 6 0.028170965926562326
D 8 1.1704777689614903 7 0.023923506084054955
D 8 1.1704777689614903 8 0.020775233652095451
F 8 1.1704777689614903 0 0.71592700481414795
F 8 1.1704777689614903 1 0.1733088344335556
F 8 1.1704777689614903 2 0.089582130312919617
F 8 1.1704777689614903 3 0.058818694204092026
F 8 1.1704777689614903 4 0.043363563716411591
F 8 1.1704777689614903 5 0.034196879714727402
F 8 1.1704777689614903 6 0.028170965611934662
F 8 1.1704777689614903 7 0.023923506960272789
F 8 1.1704777689614903 8 0.020775234326720238
D 8 1.3655572304550718 0 0.68375228214847505
D 8 1.3655572304550718 1 0.1569007372421396
D 8 1.3655572304550718 2 0.078892263605682286
D 8 1.3655572304550718 3 0.050976592260073408
D 8 1.3655572304550718 4 0.037200101839617361
D 8 1.3655572304550718 5 0.029131882957053181
D 8 1.3655572304550718 6 0.023877542930532517
D 8 1.3655572304550718 7 0.020200416038049385
D 8 1.3655572304550718 8 0.017490233937620208
F 8 1.3655572304550718 0 0.68375229835510254
F 8 1.3655572304550718 1 0.15690074861049652
F 8 1.3655572304550718 2 0.078892268240451813
F 8 1.3655572304550718 3 0.050976593047380447
F 8 1.3655572304550718 4 0.03720010444521904
F 8 1.3655572304550718 5 0.029131883755326271
F 8 1.3655572304550718 6 0.023877542465925217
F 8 1.3655572304550718 7 0.020200414583086967
F 8 1.3655572304550718 8 0.017490234225988388
D 8 1.5606366919486536 0 0.65458443611579487
D 8 1.5606366919486536 1 0.14243613410161432
D 8 1.5606366919486536 2 0.069620969949870298
D 8 1.5606366919486536 3 0.044245572535435637
D 8 1.5606366919486536 4 0.031947437357871519
D 8 1.5606366919486536 5 0.02483749574183227
D 8 1.5606366919486536 6 0.020251392155220472
D 8 1.5606366919486536 7 0.017065399158390421
D 8 1.5606366919486536 8 0.01473073963141526
F 8 1.5606366919486536 0 0.65458446741104126
F 8 1.5606366919486536 1 0.14243614673614502
F 8 1.5606366919486536 2 0.069620974361896515
F 8 1.5606366919486536 3 0.044245574623346329
F 8 1.5606366919486536 4 0.031947437673807144
F 8 1.5606366919486536 5 0.024837495759129524
F 8 1.5606366919486536 6 0.02025139331817627
F 8 1.5606366919486536 7 0.017065400257706642
F 8 1.5606366919486536 8 0.014730740338563919
D 8 1.7557161534422354 0 0.62806994423957396
D 8 1.7557161534422354 1 0.12965834051324296
D 8 1.7557161534422354 2 0.061567914213103696
D 8 1.7557161534422354 3 0.038461830033398106
D 8 1.7557161534422354 4 0.027467239377032677
D 8 1.7557161534422354 5 0.02119411379312091
D 8 1.7557161534422354 6 0.017187229581974318
D 8 1.7557161534422354 7 0.014424463191848057
D 8 1.7557161534422354 8 0.012411883688581069
F 8 1.7557161534422354 0 0.62806993722915649
F 8 1.7557161534422354 1 0.12965834140777588
F 8 1.7557161534422354 2 0.061567913740873337
F 8 1.7557161534422354 3 0.038461830466985703
F 8 1.7557161534422354 4 0.027467237785458565
F 8 1.7557161534422354 5 0.021194113418459892
F 8 1.7557161534422354 6 0.017187228426337242
F 8 1.7557161534422354 7 0.014424462802708149
F 8 1.7557161534422354 8 0.012411883100867271
D 8 1.950795614935817 0 0.60390179828396273
D 8 1.950795614935817 1 0.11834681027590589
D 8 1.950795614935817 2 0.054562227834030565
D 8 1.950795614935817 3 0.033486393177648503
D 8 1.950795614935817 4 0.023642617993676476
D 8 1.950795614935817 5 0.018100984073927646
D 8 1.950795614935817 6 0.014596583862751738
D 8 1.950795614935817 7 0.012198784081522656
D 8 1.950795614935817 8 0.010462613223573607
F 8 1.950795614935817 0 0.60390186309814453
F 8 1.950795614935817 1 0.11834681779146194
F 8 1.950795614935817 2 0.05456223338842392
F 8 1.950795614935817 3 0.033486396074295044
F 8 1.950795614935817 4 0.023642620071768761
F 8 1.950795614935817 5 0.018100984394550323
F 8 1.950795614935817 6 0.014596583321690559
F 8 1.950795614935817 7 0.01219878438860178
F 8 1.950795614935817 8 0.010462612845003605
D 8 2.145875076429399 0 0.58181292789042516
D 8 2.145875076429399 1 0.10831182453774595
D 8 2.145875076429399 2 0.048458048076393111
D 8 2.145875076429399 3 0.029201280956289193
D 8 2.145875076429399 4 0.020374748111009765
D 8 2.145875076429399 5 0.015473196775146485
D 8 2.145875076429399 6 0.012405085164850291
D 8 2.145875076429399 7 0.010322238525326526
D 8 2.145875076429399 8 0.0088234259118124166
F 8 2.145875076429399 0 0.58181297779083252
F 8 2.145875076429399 1 0.10831183195114136
F 8 2.145875076429399 2 0.048458050936460495
F 8 2.145875076429399 3 0.029201284050941467
F 8 2.145875076429399 4 0.020374750718474388
F 8 2.145875076429399 5 0.015473198145627975
F 8 2.145875076429399 6 0.012405086308717728
F 8 2.145875076429399 7 0.010322239249944687
F 8 2.145875076429399 8 0.0088234264403581619
D 8 2.3409545379229808 0 0.56157063768757065
D 8 2.3409545379229808 1 0.099389991653473064
D 8 2.3409545379229808 2 0.043130748156832044
D 8 2.3409545379229808 3 0.025506263605869394
D 8 2.3409545379229808 4 0.017580032031974686
D 8 2.3409545379229808 5 0.013239162394381099
D 8 2.3409545379229808 6 0.010550194764802491
D 8 2.3409545379229808 7 0.0087393406327777659
D 8 2.3409545379229808 8 0.0074444794228405615
F 8 2.3409545379229808 0 0.56157058477401733
F 8 2.3409545379229808 1 0.099389977753162384
F 8 2.3409545379229808 2 0.043130744248628616
F 8 2.3409545379229808 3 0.025506261736154556
F 8 2.3409545379229808 4 0.017580030485987663
F 8 2.3409545379229808 5 0.013239161111414433
F 8 2.3409545379229808 6 0.010550194419920444
F 8 2.3409545379229808 7 0.0087393401190638542
F 8 2.3409545379229808 8 0.0074444795027375221
D 8 2.5360339994165626 0 0.54297185439590889
D 8 2.5360339994165626 1 0.091440424192347006
D 8 2.5360339994165626 2 0.038473748295913171
D 8 2.5360339994165626 3 0.022316131498123962
D 8 2.5360339994165626 4 0.015187713464096014
D 8 2.5360339994165626 5 0.011338494700764135
D 8 2.5360339994165626 6 0.0089793032484390689
D 8 2.5360339994165626 7 0.0074035161177191441
D 8 2.5360339994165626 8 0.0062840121076729359
F 8 2.5360339994165626 0 0.54297184944152832
F 8 2.5360339994165626 1 0.091440416872501373
F 8 2.5360339994165626 2 0.038473743945360184
F 8 2.5360339994165626 3 0.022316128015518188
F 8 2.5360339994165626 4 0.015187712386250496
F 8 2.5360339994165626 5 0.011338493786752224
F 8 2.5360339994165626 6 0.0089793018996715546
F 8 2.5360339994165626 7 0.0074035152792930603
F 8 2.5360339994165626 8 0.0062840115278959274
D 8 2.731113460910144 0 0.52583906228064714
D 8 2.731113460910144 1 0.084341488905837494
D 8 2.731113460910144 2 0.034395816661188384
D 8 2.731113460910144 3 0.01955839145503049
D 8 2.731113460910144 4 0.01313787037037345
D 8 2.731113460910144 5 0.0097202337325987421
D 8 2.731113460910144 6 0.0076481370517447952
D 8 2.731113460910144 7 0.0062756584833506598
D 8 2.731113460910144 8 0.0053070234379470078
F 8 2.731113460910144 0 0.52583909034729004
F 8 2.731113460910144 1 0.084341496229171753
F 8 2.731113460910144 2 0.034395821392536163
F 8 2.731113460910144 3 0.019558394327759743
F 8 2.731113460910144 4 0.013137872330844402
F 8 2.731113460910144 5 0.0097202351316809654
F 8 2.731113460910144 6 0.0076481378637254238
F 8 2.731113460910144 7 0.0062756589613854885
F 8 2.731113460910144 8 0.0053070234134793282
D 8 2.9261929224037257 0 0.51001682399474657
D 8 2.9261929224037257 1 0.077988041771251654
D 8 2.9261929224037257 2 0.030818783625717671
D 8 2.9261929224037257 3 0.017171322692151287
D 8 2.9261929224037257 4 0.011379725866114519
D 8 2.9261929224037257 5 0.0083413537352330196
D 8 2.9261929224037257 6 0.0065194229893427895
D 8 2.9261929224037257 7 0.0053229208427319598
D 8 2.9261929224037257 8 0.0044841712539925036
F 8 2.9261929224037257 0 0.5100167989730835
F 8 2.9261929224037257 1 0.077988035976886749
F 8 2.9261929224037257 2 0.03081878088414669
F 8 2.9261929224037257 3 0.01717132143676281
F 8 2.9261929224037257 4 0.0113797252997756
F 8 2.9261929224037257 5 0.0083413533866405487
F 8 2.9261929224037257 6 0.0065194228664040565
F 8 2.9261929224037257 7 0.0053229206241667271
F 8 2.9261929224037257 8 0.0044841710478067398
D 8 3.1212723838973075 0 0.49536879962200581
D 8 3.1212723838973075 1 0.072289073948055879
D 8 3.1212723838973075 2 0.027675604900203453
D 8 3.1212723838973075 3 0.015102335462381024
D 8 3.1212723838973075 4 0.0098702262057758974
D 8 3.1212723838973075 5 0.0071655099381744969
D 8 3.1212723838973075 6 0.0055617686909009952
D 8 3.1212723838973075 7 0.0045177046784439269
D 8 3.1212723838973075 8 0.0037908500103824867
F 8 3.1212723838973075 0 0.4953688383102417
F 8 3.1212723838973075 1 0.072289079427719116
F 8 3.1212723838973075 2 0.027675608173012733
F 8 3.1212723838973075 3 0.01510233711451292
F 8 3.1212723838973075 4 0.0098702274262905121
F 8 3.1212723838973075 5 0.0071655106730759144
F 8 3.1212723838973075 6 0.0055617690086364746
F 8 3.1212723838973075 7 0.0045177051797509193
F 8 3.1212723838973075 8 0.0037908502854406834
D 8 3.3163518453908893 0 0.48177519003894675
D 8 3.3163518453908893 1 0.067165706032040945
D 8 3.3163518453908893 2 0.024908719287350656
D 8 3.3163518453908893 3 0.013306584585280279
D 8 3.3163518453908893 4 0.0085728431423408025
D 8 3.3163518453908893 5 0.006161985585396333
D 8 3.3163518453908893 6 0.004748723772610197
D 8 3.3163518453908893 7 0.0038368132339510826
D 8 3.3163518453908893 8 0.0032064201499848221
F 8 3.3163518453908893 0 0.48177516460418701
F 8 3.3163518453908893 1 0.06716570258140564
F 8 3.3163518453908893 2 0.024908717721700668
F 8 3.3163518453908893 3 0.013306583277881145
F 8 3.3163518453908893 4 0.008572842925786972
F 8 3.3163518453908893 5 0.0061619849875569344
F 8 3.3163518453908893 6 0.0047487234696745872
F 8 3.3163518453908893 7 0.0038368131499737501
F 8 3.3163518453908893 8 0.0032064199913293123
D 8 3.5114313068844711 0 0.46913054195352222
D 8 3.5114313068844711 1 0.062549477716596774
D 8 3.5114313068844711 2 0.022468655367621684
D 8 3.5114313068844711 3 0.011745797687900099
D 8 3.5114313068844711 4 0.0074565648380719484
D 8 3.5114313068844711 5 0.0053048069148818062
D 8 3.5114313068844711 6 0.0040579923379056955
D 8 3.5114313068844711 7 0.0032607425583146012
D 8 3.5114313068844711 8 0.0027135636898969065
F 8 3.5114313068844711 0 0.46913054585456848
F 8 3.5114313068844711 1 0.062549479305744171
F 8 3.5114313068844711 2 0.022468656301498413
F 8 3.5114313068844711 3 0.011745798401534557
F 8 3.5114313068844711 4 0.0074565657414495945
F 8 3.5114313068844711 5 0.0053048073314130306
F 8 3.5114313068844711 6 0.0040579927153885365
F 8 3.5114313068844711 7 0.0032607426401227713
F 8 3.5114313068844711 8 0.0027135638520121574
D 8 3.7065107683780525 0 0.45734186147477773
D 8 3.7065107683780525 1 0.058380888161714162
D 8 3.7065107683780525 2 0.020312848619349098
D 8 3.7065107683780525 3 0.010387284391109383
D 8 3.7065107683780525 4 0.0064950452797138134
D 8 3.7065107683780525 5 0.0045719990360657036
D 8 3.7065107683780525 6 0.0034707722177939947
D 8 3.7065107683780525 7 0.0027730876717884764
D 8 3.7065107683780525 8 0.0022977452305149625
F 8 3.7065107683780525 0 0.45734184980392456
F 8 3.7065107683780525 1 0.058380886912345886
F 8 3.7065107683780525 2 0.020312849432229996
F 8 3.7065107683780525 3 0.010387284681200981
F 8 3.7065107683780525 4 0.0064950454980134964
F 8 3.7065107683780525 5 0.0045719989575445652
F 8 3.7065107683780525 6 0.0034707721788436174
F 8 3.7065107683780525 7 0.0027730877045542002
F 8 3.7065107683780525 8 0.002297745319083333
D 8 3.9015902298716343 0 0.44632699109503871
D 8 3.9015902298716343 1 0.054608149274413743
D 8 3.9015902298716343 2 0.018404636523525489
D 8 3.9015902298716343 3 0.0092030980513553746
D 8 3.9015902298716343 4 0.0056658869871570802
D 8 3.9015902298716343 5 0.0039449600466162586
D 8 3.9015902298716343 6 0.0029712003840228762
D 8 3.9015902298716343 7 0.0023600450294742315
D 8 3.9015902298716343 8 0.00194676104010331
F 8 3.9015902298716343 0 0.44632703065872192
F 8 3.9015902298716343 1 0.054608151316642761
F 8 3.9015902298716343 2 0.018404636532068253
F 8 3.9015902298716343 3 0.0092030977830290794
F 8 3.9015902298716343 4 0.005665886215865612
F 8 3.9015902298716343 5 0.0039449594914913177
F 8 3.9015902298716343 6 0.002971199806779623
F 8 3.9015902298716343 7 0.0023600447457283735
F 8 3.9015902298716343 8 0.0019467608071863651
D 8 4.0966696913652161 0 0.4360132117556807
D 8 4.0966696913652161 1 0.051186119924237349
D 8 4.0966696913652161 2 0.016712404289033121
D 8 4.0966696913652161 3 0.0081693261791379399
D 8 4.0966696913652161 4 0.0049500358557325944
D 8 4.0966696913652161 5 0.0034079344045216675
D 8 4.0966696913652161 6 0.0025458873292177708
D 8 4.0966696913652161 7 0.0020099955560584724
D 8 4.0966696913652161 8 0.0016503617362798539
F 8 4.0966696913652161 0 0.43601316213607788
F 8 4.0966696913652161 1 0.051186114549636841
F 8 4.0966696913652161 2 0.016712402924895287
F 8 4.0966696913652161 3 0.0081693259999155998
F 8 4.0966696913652161 4 0.0049500358290970325
F 8 4.0966696913652161 5 0.0034079344477504492
F 8 4.0966696913652161 6 0.0025458873715251684
F 8 4.0966696913652161 7 0.0020099955145269632
F 8 4.0966696913652161 8 0.0016503618098795414
D 8 4.2917491528587979 0 0.426336037413098
D 8 4.2917491528587979 1 0.04807539402634764
D 8 4.2917491528587979 2 0.015208858112181095
D 8 4.2917491528587979 3 0.0072654894424720928
D 8 4.2917491528587979 4 0.0043312703669205607
D 8 4.2917491528587979 5 0.0029475696458394879
D 8 4.2917491528587979 6 0.0021835260164859197
D 8 4.2917491528587979 7 0.0017131551087141987
D 8 4.2917491528587979 8 0.0013999364782854937
F 8 4.2917491528587979 0 0.42633599042892456
F 8 4.2917491528587979 1 0.048075392842292786
F 8 4.2917491528587979 2 0.01520885806530714
F 8 4.2917491528587979 3 0.0072654900141060352
F 8 4.2917491528587979 4 0.0043312706984579563
F 8 4.2917491528587979 5 0.0029475698247551918
F 8 4.2917491528587979 6 0.0021835262887179852
F 8 4.2917491528587979 7 0.0017131551867350936
F 8 4.2917491528587979 8 0.0013999366201460361
D 8 4.4868286143523797 0 0.4172381743863337
D 8 4.4868286143523797 1 0.045241519567161964
D 8 4.4868286143523797 2 0.013870406484711306
D 8 4.4868286143523797 3 0.0064740323435620063
D 8 4.4868286143523797 4 0.0037957702475078341
D 8 4.4868286143523797 5 0.0025525431113434392
D 8 4.4868286143523797 6 0.0018745633481615526
D 8 4.4868286143523797 7 0.0014612813824971533
D 8 4.4868286143523797 8 0.0011882485792376815
F 8 4.4868286143523797 0 0.41723808646202087
F 8 4.4868286143523797 1 0.045241508632898331
F 8 4.4868286143523797 2 0.013870403170585632
F 8 4.4868286143523797 3 0.0064740306697785854
F 8 4.4868286143523797 4 0.0037957695312798023
F 8 4.4868286143523797 5 0.0025525426026433706
F 8 4.4868286143523797 6 0.0018745629349723458
F 8 4.4868286143523797 7 0.0014612810919061303
F 8 4.4868286143523797 8 0.0011882483959197998
D 8 4.6819080758459615 0 0.40866862188932046
D 8 4.6819080758459615 1 0.042654329144618829
D 8 4.6819080758459615 2 0.012676633095477152
D 8 4.6819080758459615 3 0.0057798913279871978
D 8 4.6819080758459615 4 0.0033317520426667242
D 8 4.6819080758459615 5 0.0022132474989805008
D 8 4.6819080758459615 6 0.0016109240654735403
D 8 4.6819080758459615 7 0.0012474280738297404
D 8 4.6819080758459615 8 0.0010092141119604787
F 8 4.6819080758459615 0 0.40866857767105103
F 8 4.6819080758459615 1 0.042654324322938919
F 8 4.6819080758459615 2 0.012676632031798363
F 8 4.6819080758459615 3 0.005779891274869442
F 8 4.6819080758459615 4 0.0033317517954856157
F 8 4.6819080758459615 5 0.0022132473532110453
F 8 4.6819080758459615 6 0.0016109241405501962
F 8 4.6819080758459615 7 0.0012474281247705221
F 8 4.6819080758459615 8 0.0010092140873894095
D 8 4.8769875373395433 0 0.40058189364445801
D 8 4.8769875373395433 1 0.040287365549054321
D 8 4.8769875373395433 2 0.01160984742380957
D 8 4.8769875373395433 3 0.005170128330085959
D 8 4.8769875373395433 4 0.0029291610689341969
D 8 4.8769875373395433 5 0.0019215258622677187
D 8 4.8769875373395433 6 0.0013857786314768101
D 8 4.8769875373395433 7 0.001065738621958016
D 8 4.8769875373395433 8 0.00085771647054862785
F 8 4.8769875373395433 0 0.40058192610740662
F 8 4.8769875373395433 1 0.04028736799955368
F 8 4.8769875373395433 2 0.011609848588705063
F 8 4.8769875373395433 3 0.0051701287738978863
F 8 4.8769875373395433 4 0.0029291613027453423
F 8 4.8769875373395433 5 0.0019215260399505496
F 8 4.8769875373395433 6 0.0013857787707820535
F 8 4.8769875373395433 7 0.001065738731995225
F 8 4.8769875373395433 8 0.00085771654266864061
D 8 5.0720669988331251 0 0.39293734343769621
D 8 5.0720669988331251 1 0.038117388406878651
D 8 5.0720669988331251 2 0.010654701273491881
D 8 5.0720669988331251 3 0.0046336196447172373
D 8 5.0720669988331251 4 0.0025794108912413115
D 8 5.0720669988331251 5 0.0016704481849156507
D 8 5.0720669988331251 6 0.0011933480215884432
D 8 5.0720669988331251 7 0.0009112731047862117
D 8 5.0720669988331251 8 0.00072945100846128993
F 8 5.0720669988331251 0 0.39293736219406128
F 8 5.0720669988331251 1 0.038117390125989914
F 8 5.0720669988331251 2 0.01065470278263092
F 8 5.0720669988331251 3 0.0046336203813552856
F 8 5.0720669988331251 4 0.0025794112589210272
F 8 5.0720669988331251 5 0.0016704484587535262
F 8 5.0720669988331251 6 0.0011933482019230723
F 8 5.0720669988331251 7 0.00091127329505980015
F 8 5.0720669988331251 8 0.00072945113060995936
D 8 5.267146460326706 0 0.38569857999046914
D 8 5.267146460326706 1 0.036123950019766281
D 8 5.267146460326706 2 0.0097978613092988952
D 8 5.267146460326706 3 0.0041607916018124398
D 8 5.267146460326706 4 0.0022751628763321811
D 8 5.267146460326706 5 0.0014541229270119789
D 8 5.267146460326706 6 0.0010287394937231395
D 8 5.267146460326706 7 0.00077986291524953315
D 8 5.267146460326706 8 0.00062079484088713166
F 8 5.267146460326706 0 0.3856985867023468
F 8 5.267146460326706 1 0.036123950034379959
F 8 5.267146460326706 2 0.0097978608682751656
F 8 5.267146460326706 3 0.0041607911698520184
F 8 5.267146460326706 4 0.0022751626092940569
F 8 5.267146460326706 5 0.0014541228301823139
F 8 5.267146460326706 6 0.0010287393815815449
F 8 5.267146460326706 7 0.00077986280666664243
F 8 5.267146460326706 8 0.00062079477356746793
D 8 5.4622259218202878 0 0.37883295865990352
D 8 5.4622259218202878 1 0.034289030317425181
D 8 5.4622259218202878 2 0.0090277291869455475
D 8 5.4622259218202878 3 0.0037433958543625382
D 8 5.4622259218202878 4 0.0020101395569115605
D 8 5.4622259218202878 5 0.0012675379980922738
D 8 5.4622259218202878 6 0.00088780837022962768
D 8 5.4622259218202878 7 0.00066798872157350071
D 8 5.4622259218202878 8 0.0005286977062290137
F 8 5.4622259218202878 0 0.37883296608924866
F 8 5.4622259218202878 1 0.034289032220840454
F 8 5.4622259218202878 2 0.0090277297422289848
F 8 5.4622259218202878 3 0.0037433959078043699
F 8 5.4622259218202878 4 0.002010139636695385
F 8 5.4622259218202878 5 0.0012675380567088723
F 8 5.4622259218202878 6 0.00088780838996171951
F 8 5.4622259218202878 7 0.00066798873012885451
F 8 5.4622259218202878 8 0.00052869768114760518
D 8 5.6573053833138696 0 0.37231113929401999
D 8 5.6573053833138696 1 0.032596722353094174
D 8 5.6573053833138696 2 0.0083342021571336904
D 8 5.6573053833138696 3 0.0033743182131683717
D 8 5.6573053833138696 4 0.0017789665333094102
D 8 5.6573053833138696 5 0.0011064265008375825
D 8 5.6573053833138696 6 0.00076704166738866516
D 8 5.6573053833138696 7 0.00057267794790066319
D 8 5.6573053833138696 8 0.00045059045536251642
F 8 5.6573053833138696 0 0.37231117486953735
F 8 5.6573053833138696 1 0.032596725970506668
F 8 5.6573053833138696 2 0.0083342026919126511
F 8 5.6573053833138696 3 0.0033743183594197035
F 8 5.6573053833138696 4 0.0017789666308090091
F 8 5.6573053833138696 5 0.0011064265854656696
F 8 5.6573053833138696 6 0.00076704169623553753
F 8 5.6573053833138696 7 0.00057267799274995923
F 8 5.6573053833138696 8 0.00045059050898998976
D 8 5.8523848448074514 0 0.36610670111237842
D 8 5.8523848448074514 1 0.03103296105056547
D 8 5.8523848448074514 2 0.0077084681130487973
D 8 5.8523848448074514 3 0.0030474159067112464
D 8 5.8523848448074514 4 0.0015770384730112675
D 8 5.8523848448074514 5 0.00096715333394603402
D 8 5.8523848448074514 6 0.00066346008085717409
D 8 5.8523848448074514 7 0.00049141862462503841
D 8 5.8523848448074514 8 0.00038430829994431969
F 8 5.8523848448074514 0 0.36610668897628784
F 8 5.8523848448074514 1 0.031032958999276161
F 8 5.8523848448074514 2 0.0077084675431251526
F 8 5.8523848448074514 3 0.003047415753826499
F 8 5.8523848448074514 4 0.0015770383179187775
F 8 5.8523848448074514 5 0.00096715317340567708
F 8 5.8523848448074514 6 0.00066345999948680401
F 8 5.8523848448074514 7 0.00049141858471557498
F 8 5.8523848448074514 8 0.00038430822314694524
D 8 6.0474643063010332 0 0.36019580679630792
D 8 6.0474643063010332 1 0.029585288995795735
D 8 6.0474643063010332 2 0.0071428299699442402
D 8 6.0474643063010332 3 0.0027573789402953143
D 8 6.0474643063010332 4 0.0014004054687401918
D 8 6.0474643063010332 5 0.00084661936731362988
D 8 6.0474643063010332 6 0.00057453539860107558
D 8 6.0474643063010332 7 0.00042208697019821757
D 8 6.0474643063010332 8 0.00032802642091516007
F 8 6.0474643063010332 0 0.36019587516784668
F 8 6.0474643063010332 1 0.029585292562842369
F 8 6.0474643063010332 2 0.0071428306400775909
F 8 6.0474643063010332 3 0.0027573790866881609
F 8 6.0474643063010332 4 0.001400405541062355
F 8 6.0474643063010332 5 0.00084661936853080988
F 8 6.0474643063010332 6 0.00057453539920970798
F 8 6.0474643063010332 7 0.00042208694503642619
F 8 6.0474643063010332 8 0.00032802639179863036
D 8 6.242543767794615 0 0.35455690909158305
D 8 6.242543767794615 1 0.02824265398541374
D 8 6.242543767794615 2 0.0066305550420796295
D 8 6.242543767794615 3 0.0024996118990038615
D 8 6.242543767794615 4 0.0012456766043778106
D 8 6.242543767794615 5 0.00074218042658108377
D 8 6.242543767794615 6 0.00049812088448156027
D 8 6.242543767794615 7 0.00036288649470906167
D 8 6.242543767794615 8 0.00028020593082179855
F 8 6.242543767794615 0 0.35455691814422607
F 8 6.242543767794615 1 0.028242655098438263
F 8 6.242543767794615 2 0.0066305557265877724
F 8 6.242543767794615 3 0.0024996120482683182
F 8 6.242543767794615 4 0.0012456766562536359
F 8 6.242543767794615 5 0.00074218044755980372
F 8 6.242543767794615 6 0.00049812090583145618
F 8 6.242543767794615 7 0.00036288652336224914
F 8 6.242543767794615 8 0.00028020594618283212
D 8 6.4376232292881967 0 0.3491704941797884
D 8 6.4376232292881967 1 0.02699523382423142
D 8 6.4376232292881967 2 0.006165745738708036
D 8 6.4376232292881967 3 0.002270133103988816
D 8 6.4376232292881967 4 0.0011099380728740386
D 8 6.4376232292881967 5 0.00065157876371112178
D 8 6.4376232292881967 6 0.00043239257072262327
D 8 6.4376232292881967 7 0.00031229677400113618
D 8 6.4376232292881967 8 0.00023954851148122599
F 8 6.4376232292881967 0 0.3491705060005188
F 8 6.4376232292881967 1 0.026995236054062843
F 8 6.4376232292881967 2 0.0061657465994358063
F 8 6.4376232292881967 3 0.0022701334673911333
F 8 6.4376232292881967 4 0.0011099382536485791
F 8 6.4376232292881967 5 0.0006515788845717907
F 8 6.4376232292881967 6 0.00043239264050498605
F 8 6.4376232292881967 7 0.00031229681917466223
F 8 6.4376232292881967 8 0.00023954854987096041
D 8 6.6327026907817785 0 0.34401885688768513
D 8 6.6327026907817785 1 0.025834284525771856
D 8 6.6327026907817785 2 0.0057432284559153597
D 8 6.6327026907817785 3 0.0020654885079494107
D 8 6.6327026907817785 4 0.00099068360649147967
D 8 6.6327026907817785 5 0.00057288505923220961
D 8 6.6327026907817785 6 0.00037579972850401608
D 8 6.6327026907817785 7 0.00026903034300370234
D 8 6.6327026907817785 8 0.00020495832250759787
F 8 6.6327026907817785 0 0.34401890635490417
F 8 6.6327026907817785 1 0.025834286585450172
F 8 6.6327026907817785 2 0.0057432288303971291
F 8 6.6327026907817785 3 0.0020654886029660702
F 8 6.6327026907817785 4 0.00099068367853760719
F 8 6.6327026907817785 5 0.00057288503739982843
F 8 6.6327026907817785 6 0.00037579968920908868
F 8 6.6327026907817785 7 0.00026903030811809003
F 8 6.6327026907817785 8 0.00020495829812716693
D 8 6.8277821522753603 0 0.33908590349784473
D 8 6.8277821522753603 1 0.024752008632014582
D 8 6.8277821522753603 2 0.0053584580107820072
D 8 6.8277821522753603 3 0.0018826781174299324
D 8 6.8277821522753603 4 0.00088575532989168375
D 8 6.8277821522753603 5 0.00050444931156411058
D 8 6.8277821522753603 6 0.00032702306334875703
D 8 6.8277821522753603 7 0.00023199640793335717
D 8 6.8277821522753603 8 0.00017551000522377237
F 8 6.8277821522753603 0 0.33908593654632568
F 8 6.8277821522753603 1 0.024752011522650719
F 8 6.8277821522753603 2 0.0053584584966301918
F 8 6.8277821522753603 3 0.0018826781306415796
F 8 6.8277821522753603 4 0.0008857553475536406
F 8 6.8277821522753603 5 0.00050444930093362927
F 8 6.8277821522753603 6 0.00032702306634746492
F 8 6.8277821522753603 7 0.00023199642600957304
F 8 6.8277821522753603 8 0.00017551000928506255
D 8 7.0228616137689421 0 0.33435697851655272
D 8 7.0228616137689421 1 0.023741440846352897
D 8 7.0228616137689421 2 0.0050074353619219388
D 8 7.0228616137689421 3 0.0017190930685970199
D 8 7.0228616137689421 4 0.00079329344128156851
D 8 7.0228616137689421 5 0.00044485922900477503
D 8 7.0228616137689421 6 0.00028493941454639683
D 8 7.0228616137689421 7 0.00020027028710568542
D 8 7.0228616137689421 8 0.00015042179791253691
F 8 7.0228616137689421 0 0.33435696363449097
F 8 7.0228616137689421 1 0.02374144084751606
F 8 7.0228616137689421 2 0.005007435567677021
F 8 7.0228616137689421 3 0.0017190931830555201
F 8 7.0228616137689421 4 0.00079329346772283316
F 8 7.0228616137689421 5 0.00044485926628112793
F 8 7.0228616137689421 6 0.00028493942227214575
F 8 7.0228616137689421 7 0.00020027029677294195
F 8 7.0228616137689421 8 0.00015042180893942714
D 8 7.2179410752625239 0 0.32981871226167614
D 8 7.2179410752625239 1 0.02279634858009286
D 8 7.2179410752625239 2 0.0046866366972004763
D 8 7.2179410752625239 3 0.0015724617693703045
D 8 7.2179410752625239 4 0.00071169337497340899
D 8 7.2179410752625239 5 0.00039290495852294143
D 8 7.2179410752625239 6 0.00024859193287715128
D 8 7.2179410752625239 7 0.00017306766598572788
D 8 7.2179410752625239 8 0.00012903293842362126
F 8 7.2179410752625239 0 0.3298187255859375
F 8 7.2179410752625239 1 0.022796347737312317
F 8 7.2179410752625239 2 0.0046866363845765591
F 8 7.2179410752625239 3 0.0015724616823717952
F 8 7.2179410752625239 4 0.00071169331204146147
F 8 7.2179410752625239 5 0.0003929049416910857
F 8 7.2179410752625239 6 0.00024859191034920514
F 8 7.2179410752625239 7 0.00017306764493696392
F 8 7.2179410752625239 8 0.000129032923723571
D 8 7.4130205367561048 0 0.32545888656668326
D 8 7.4130205367561048 1 0.021911145358618329
D 8 7.4130205367561048 2 0.004392952254806788
D 8 7.4130205367561048 3 0.001440803762515279
D 8 7.4130205367561048 4 0.00063956930771197221
D 8 7.4130205367561048 5 0.0003475491691778782
D 8 7.4130205367561048 6 0.00021716487448543456
D 8 7.4130205367561048 7 0.0001497228994033339
D 8 7.4130205367561048 8 0.00011078466401074294
F 8 7.4130205367561048 0 0.32545897364616394
F 8 7.4130205367561048 1 0.021911149844527245
F 8 7.4130205367561048 2 0.0043929526582360268
F 8 7.4130205367561048 3 0.0014408037532120943
F 8 7.4130205367561048 4 0.00063956930534914136
F 8 7.4130205367561048 5 0.00034754915395751595
F 8 7.4130205367561048 6 0.00021716486662626266
F 8 7.4130205367561048 7 0.00014972289500292391
F 8 7.4130205367561048 8 0.00011078465468017384
D 8 7.6080999982496866 0 0.32126631626818214
D 8 7.6080999982496866 1 0.021080815327822151
D 8 7.6080999982496866 2 0.0041236334858329275
D 8 7.6080999982496866 3 0.0013223901685718545
D 8 7.6080999982496866 4 0.0005757230472291108
D 8 7.6080999982496866 5 0.00030790166239725214
D 8 7.6080999982496866 6 0.00018996228600202304
D 8 7.6080999982496866 7 0.0001296707172427709
D 8 7.6080999982496866 8 9.5204230241720036e-05
F 8 7.6080999982496866 0 0.32126638293266296
F 8 7.6080999982496866 1 0.021080819889903069
F 8 7.6080999982496866 2 0.0041236341930925846
F 8 7.6080999982496866 3 0.0013223903952166438
F 8 7.6080999982496866 4 0.00057572312653064728
F 8 7.6080999982496866 5 0.00030790173332206905
F 8 7.6080999982496866 6 0.00018996231665369123
F 8 7.6080999982496866 7 0.00012967073416803032
F 8 7.6080999982496866 8 9.5204231911338866e-05
D 8 7.8031794597432684 0 0.3172307444624391
D 8 7.8031794597432684 1 0.020300847352352779
D 8 7.8031794597432684 2 0.0038762473718075259
D 8 7.8031794597432684 3 0.0012157097401773809
D 8 7.8031794597432684 4 0.00051911748993624428
D 8 7.8031794597432684 5 0.00027319781119405245
D 8 7.8031794597432684 6 0.00016638997120452701
D 8 7.8031794597432684 7 0.00011243079329376856
D 8 7.8031794597432684 8 8.1891464504064952e-05
F 8 7.8031794597432684 0 0.31723076105117798
F 8 7.8031794597432684 1 0.020300848409533501
F 8 7.8031794597432684 2 0.0038762479089200497
F 8 7.8031794597432684 3 0.0012157099554315209
F 8 7.8031794597432684 4 0.00051911757327616215
F 8 7.8031794597432684 5 0.00027319786022417247
F 8 7.8031794597432684 6 0.00016639000386931002
F 8 7.8031794597432684 7 0.00011243081098655239
F 8 7.8031794597432684 8 8.1891477748285979e-05
D 8 7.9982589212368502 0 0.31334274978917992
D 8 7.9982589212368502 1 0.019567177411235166
D 8 7.9982589212368502 2 0.0036486368849116772
D 8 7.9982589212368502 3 0.0011194397054028495
D 8 7.9982589212368502 4 0.00046885395985354927
D 8 7.9982589212368502 5 0.00024278023963827741
D 8 7.9982589212368502 6 0.00014594022621062139
D 8 7.9982589212368502 7 9.759472358944711e-05
D 8 7.9982589212368502 8 7.0507448023393945e-05
F 8 7.9982589212368502 0 0.31334272027015686
F 8 7.9982589212368502 1 0.019567174836993217
F 8 7.9982589212368502 2 0.0036486363969743252
F 8 7.9982589212368502 3 0.0011194396065548062
F 8 7.9982589212368502 4 0.00046885391930118203
F 8 7.9982589212368502 5 0.00024278021010104567
F 8 7.9982589212368502 6 0.00014594021195080131
F 8 7.9982589212368502 7 9.7594711405690759e-05
F 8 7.9982589212368502 8 7.0507441705558449e-05
D 8 8.1933383827304311 0 0.30959366423520912
D 8 8.1933383827304311 1 0.018876138179067043
D 8 8.1933383827304311 2 0.0034388867266433656
D 8 8.1933383827304311 3 0.0010324207013232372
D 8 8.1933383827304311 4 0.00042415284649112043
D 8 8.1933383827304311 5 0.000216083245824491
D 8 8.1933383827304311 6 0.00012817891140893563
D 8 8.1933383827304311 7 8.4815033184951308e-05
D 8 8.1933383827304311 8 6.0764985931162703e-05
F 8 8.1933383827304311 0 0.30959367752075195
F 8 8.1933383827304311 1 0.01887613907456398
F 8 8.1933383827304311 2 0.003438886720687151
F 8 8.1933383827304311 3 0.0010324206668883562
F 8 8.1933383827304311 4 0.00042415285133756697
F 8 8.1933383827304311 5 0.00021608326642308384
F 8 8.1933383827304311 6 0.00012817891547456384
F 8 8.1933383827304311 7 8.4815037553198636e-05
F 8 8.1933383827304311 8 6.0764985391870141e-05
D 8 8.388417844224012 0 0.30597550015166186
D 8 8.388417844224012 1 0.018224414836980937
D 8 8.388417844224012 2 0.0032452936065240244
D 8 8.388417844224012 3 0.00095363520369446883
D 8 8.388417844224012 4 0.00038433704854025466
D 8 8.388417844224012 5 0.00019261954896351944
D 8 8.388417844224012 6 0.00011273449655244956
D 8 8.388417844224012 7 7.3795891230905679e-05
D 8 8.388417844224012 8 5.2420579856473726e-05
F 8 8.388417844224012 0 0.30597549676895142
F 8 8.388417844224012 1 0.018224414438009262
F 8 8.388417844224012 2 0.0032452933955937624
F 8 8.388417844224012 3 0.00095363514265045524
F 8 8.388417844224012 4 0.00038433700683526695
F 8 8.388417844224012 5 0.00019261952547822148
F 8 8.388417844224012 6 0.00011273447307758033
F 8 8.388417844224012 7 7.3795876232907176e-05
F 8 8.388417844224012 8 5.24205643159803e-05
D 8 8.5834973057175947 0 0.30248088535181172
D 8 8.5834973057175947 1 0.017609006290890943
D 8 8.5834973057175947 2 0.0030663404294570058
D 8 8.5834973057175947 3 0.00088218894726270166
D 8 8.5834973057175947 4 0.00034881780550519712
D 8 8.5834973057175947 5 0.00017196900639915915
D 8 8.5834973057175947 6 9.9288772764967226e-05
D 8 8.5834973057175947 7 6.4285265275898347e-05
D 8 8.5834973057175947 8 4.526766352348509e-05
F 8 8.5834973057175947 0 0.30248090624809265
F 8 8.5834973057175947 1 0.017609009519219398
F 8 8.5834973057175947 2 0.0030663411598652601
F 8 8.5834973057175947 3 0.00088218919700011611
F 8 8.5834973057175947 4 0.0003488179063424468
F 8 8.5834973057175947 5 0.00017196904809679836
F 8 8.5834973057175947 6 9.9288794444873929e-05
F 8 8.5834973057175947 7 6.4285275584552437e-05
F 8 8.5834973057175947 8 4.5267672248883173e-05
D 8 8.7785767672111756 0 0.29910300530540102
D 8 8.7785767672111756 1 0.017027191088592665
D 8 8.7785767672111756 2 0.0029006738514246321
D 8 8.7785767672111756 3 0.0008172949063729733
D 8 8.7785767672111756 4 0.00031708256299431225
D 8 8.7785767672111756 5 0.00015376900125776044
D 8 8.7785767672111756 6 8.756897339819397e-05
D 8 8.7785767672111756 7 5.6068288587611455e-05
D 8 8.7785767672111756 8 3.9130900372641129e-05
F 8 8.7785767672111756 0 0.29910293221473694
F 8 8.7785767672111756 1 0.017027188092470169
F 8 8.7785767672111756 2 0.002900673309341073
F 8 8.7785767672111756 3 0.00081729475641623139
F 8 8.7785767672111756 4 0.00031708250753581524
F 8 8.7785767672111756 5 0.00015376898227259517
F 8 8.7785767672111756 6 8.756896568229422e-05
F 8 8.7785767672111756 7 5.6068285630317405e-05
F 8 8.7785767672111756 8 3.9130896766437218e-05
D 8 8.9736562287047583 0 0.29583555157388425
D 8 8.9736562287047583 1 0.016476497424921285
D 8 8.9736562287047583 2 0.0027470847407735743
D 8 8.9736562287047583 3 0.000758259469268383
D 8 8.9736562287047583 4 0.00028868457113315454
D 8 8.9736562287047583 5 0.00013770624771506447
D 8 8.9736562287047583 6 7.734108619555211e-05
D 8 8.9736562287047583 7 4.8961650247566832e-05
D 8 8.9736562287047583 8 3.3861374511475251e-05
F 8 8.9736562287047583 0 0.29583555459976196
F 8 8.9736562287047583 1 0.016476497054100037
F 8 8.9736562287047583 2 0.0027470844797790051
F 8 8.9736562287047583 3 0.00075825938256457448
F 8 8.9736562287047583 4 0.00028868450317531824
F 8 8.9736562287047583 5 0.00013770621444564313
F 8 8.9736562287047583 6 7.7341064752545208e-05
F 8 8.9736562287047583 7 4.8961639549816027e-05
F 8 8.9736562287047583 8 3.3861364499898627e-05
D 8 9.1687356901983392 0 0.29267267574176531
D 8 9.1687356901983392 1 0.015954676707827128
D 8 9.1687356901983392 2 0.0026044911484379564
D 8 9.1687356901983392 3 0.00070447049354339388
D 8 9.1687356901983392 4 0.00026323396100621285
D 8 9.1687356901983392 5 0.00012350979988294593
D 8 9.1687356901983392 6 6.8404173301095402e-05
D 8 9.1687356901983392 7 4.2808847966332047e-05
D 8 9.1687356901983392 8 2.933253335932249e-05
F 8 9.1687356901983392 0 0.29267272353172302
F 8 9.1687356901983392 1 0.015954678878188133
F 8 9.1687356901983392 2 0.0026044915430247784
F 8 9.1687356901983392 3 0.00070447055622935295
F 8 9.1687356901983392 4 0.00026323398924432695
F 8 9.1687356901983392 5 0.00012350980250630528
F 8 9.1687356901983392 6 6.8404173362068832e-05
F 8 9.1687356901983392 7 4.2808849684661254e-05
F 8 9.1687356901983392 8 2.9332537451409735e-05
D 8 9.3638151516919219 0 0.28960894819486427
D 8 9.3638151516919219 1 0.015459680229962584
D 8 9.3638151516919219 2 0.0024719234468191247
D 8 9.3638151516919219 3 0.00065538697612399076
D 8 9.3638151516919219 4 0.0002403900824794488
D 8 9.3638151516919219 5 0.00011094508323067172
D 8 9.3638151516919219 6 6.0585544330160553e-05
D 8 9.3638151516919219 7 3.7476168918840983e-05
D 8 9.3638151516919219 8 2.543676303262307e-05
F 8 9.3638151516919219 0 0.28960892558097839
F 8 9.3638151516919219 1 0.015459679067134857
F 8 9.3638151516919219 2 0.0024719233624637127
F 8 9.3638151516919219 3 0.00065538700437173247
F 8 9.3638151516919219 4 0.00024039008712861687
F 8 9.3638151516919219 5 0.00011094508226960897
F 8 9.3638151516919219 6 6.0585542087210342e-05
F 8 9.3638151516919219 7 3.7476165744010359e-05
F 8 9.3638151516919219 8 2.5436760552111082e-05
D 8 9.5588946131855028 0 0.28663932117903457
D 8 9.5588946131855028 1 0.014989638551940288
D 8 9.5588946131855028 2 0.002348511345147233
D 8 9.5588946131855028 3 0.00061053011014897325
D 8 9.5588946131855028 4 0.00021985491929631687
D 8 9.5588946131855028 5 9.9808795228256513e-05
D 8 9.5588946131855028 6 5.3736651858192494e-05
D 8 9.5588946131855028 7 3.284928519534121e-05
D 8 9.5588946131855028 8 2.208249653640709e-05
F 8 9.5588946131855028 0 0.28663936257362366
F 8 9.5588946131855028 1 0.014989641495049
F 8 9.5588946131855028 2 0.0023485119454562664
F 8 9.5588946131855028 3 0.00061053026001900434
F 8 9.5588946131855028 4 0.00021985496277920902
F 8 9.5588946131855028 5 9.9808821687474847e-05
F 8 9.5588946131855028 6 5.3736668633064255e-05
F 8 9.5588946131855028 7 3.2849296985659748e-05
F 8 9.5588946131855028 8 2.2082504074205644e-05
D 8 9.7539740746790855 0 0.28375909564439039
D 8 9.7539740746790855 1 0.014542843256307206
D 8 9.7539740746790855 2 0.0022334725302337261
D 8 9.7539740746790855 3 0.00056947553428000311
D 8 9.7539740746790855 4 0.00020136742489665569
D 8 9.7539740746790855 5 8.9924545345960964e-05
D 8 9.7539740746790855 6 4.7729599011155765e-05
D 8 9.7539740746790855 7 2.8830368357178669e-05
D 8 9.7539740746790855 8 1.9191770779015056e-05
F 8 9.7539740746790855 0 0.28375902771949768
F 8 9.7539740746790855 1 0.014542840421199799
F 8 9.7539740746790855 2 0.0022334721870720387
F 8 9.7539740746790855 3 0.00056947546545416117
F 8 9.7539740746790855 4 0.00020136742386966944
F 8 9.7539740746790855 5 8.992454968392849e-05
F 8 9.7539740746790855 6 4.7729601647006348e-05
F 8 9.7539740746790855 7 2.883036904677283e-05
F 8 9.7539740746790855 8 1.919177157105878e-05
D 8 9.9490535361726664 0 0.28096389144207429
D 8 9.9490535361726664 1 0.01411773077674789
D 8 9.9490535361726664 2 0.0021261027166368323
D 8 9.9490535361726664 3 0.00053184660816769404
D 8 9.9490535361726664 4 0.00018469864575620593
D 8 9.9490535361726664 5 8.1139124346658929e-05
D 8 9.9490535361726664 6 4.2454165963736938e-05
D 8 9.9490535361726664 7 2.5335642626505771e-05
D 8 9.9490535361726664 8 1.6698161809556088e-05
F 8 9.9490535361726664 0 0.28096392750740051
F 8 9.9490535361726664 1 0.014117731712758541
F 8 9.9490535361726664 2 0.002126102801412344
F 8 9.9490535361726664 3 0.00053184659918770194
F 8 9.9490535361726664 4 0.00018469864153303206
F 8 9.9490535361726664 5 8.113912190310657e-05
F 8 9.9490535361726664 6 4.2454161302885041e-05
F 8 9.9490535361726664 7 2.5335637474199757e-05
F 8 9.9490535361726664 8 1.6698159015504643e-05
D 8 10.144132997666249 0 0.27824962049432417
D 8 10.144132997666249 1 0.013712868046157361
D 8 10.144132997666249 2 0.002025766920294676
D 8 10.144132997666249 3 0.00049730857180236069
D 8 10.144132997666249 4 0.00016964751883774489
D 8 10.144132997666249 5 7.3319309540487393e-05
D 8 10.144132997666249 6 3.7815276580743188e-05
D 8 10.144132997666249 7 2.2293308884334405e-05
D 8 10.144132997666249 8 1.4545038907944583e-05
F 8 10.144132997666249 0 0.278249591588974
F 8 10.144132997666249 1 0.0137128671631217
F 8 10.144132997666249 2 0.0020257667638361454
F 8 10.144132997666249 3 0.00049730855971574783
F 8 10.144132997666249 4 0.00016964752285275608
F 8 10.144132997666249 5 7.331931556109339e-05
F 8 10.144132997666249 6 3.781528357649222e-05
F 8 10.144132997666249 7 2.2293314032140188e-05
F 8 10.144132997666249 8 1.4545043086400256e-05
D 8 10.33921245915983 0 0.27561246260524169
D 8 10.33921245915983 1 0.013326939740926002
D 8 10.33921245915983 2 0.0019318917953878348
D 8 10.33921245915983 3 0.00046556346691944191
D 8 10.33921245915983 4 0.00015603724653344596
D 8 10.33921245915983 5 6.6349126816357462e-05
D 8 10.33921245915983 6 3.3730838601207882e-05
D 8 10.33921245915983 7 1.964178228695627e-05
D 8 10.33921245915983 8 1.2684087584402022e-05
F 8 10.33921245915983 0 0.275612473487854
F 8 10.33921245915983 1 0.013326940126717091
F 8 10.33921245915983 2 0.0019318920094519854
F 8 10.33921245915983 3 0.00046556349843740463
F 8 10.33921245915983 4 0.00015603726205881685
F 8 10.33921245915983 5 6.6349130065646023e-05
F 8 10.33921245915983 6 3.3730841096257791e-05
F 8 10.33921245915983 7 1.9641784092527814e-05
F 8 10.33921245915983 8 1.2684087778325193e-05
D 8 10.534291920653411 0 0.27304884362019566
D 8 10.534291920653411 1 0.012958736927834788
D 8 10.534291920653411 2 0.0018439588962152586
D 8 10.534291920653411 3 0.00043634571605057933
D 8 10.534291920653411 4 0.00014371216672608814
D 8 10.534291920653411 5 6.0127502228294748e-05
D 8 10.534291920653411 6 3.0129901023393387e-05
D 8 10.534291920653411 7 1.7328195259082334e-05
D 8 10.534291920653411 8 1.1074059460949544e-05
F 8 10.534291920653411 0 0.27304881811141968
F 8 10.534291920653411 1 0.012958735227584839
F 8 10.534291920653411 2 0.0018439585110172629
F 8 10.534291920653411 3 0.00043634563917294145
F 8 10.534291920653411 4 0.00014371213910635561
F 8 10.534291920653411 5 6.0127491451567039e-05
F 8 10.534291920653411 6 3.0129895094432868e-05
F 8 10.534291920653411 7 1.73281914612744e-05
F 8 10.534291920653411 8 1.1074057510995772e-05
D 8 10.729371382146994 0 0.27055541567705726
D 8 10.729371382146994 1 0.012607146945033631
D 8 10.729371382146994 2 0.0017614987447480458
D 8 10.729371382146994 3 0.0004094182696683007
D 8 10.729371382146994 4 0.0001325350476955521
D 8 10.729371382146994 5 5.4566246037605449e-05
D 8 10.729371382146994 6 2.6951081004156396e-05
D 8 10.729371382146994 7 1.5307125153425659e-05
D 8 10.729371382146994 8 9.6797136559738769e-06
F 8 10.729371382146994 0 0.27055540680885315
F 8 10.729371382146994 1 0.012607146054506302
F 8 10.729371382146994 2 0.0017614986281841993
F 8 10.729371382146994 3 0.0004094182513654232
F 8 10.729371382146994 4 0.00013253504585009068
F 8 10.729371382146994 5 5.45662478543818e-05
F 8 10.729371382146994 6 2.6951081963488832e-05
F 8 10.729371382146994 7 1.5307126886909828e-05
F 8 10.729371382146994 8 9.6797157311812043e-06
D 8 10.924450843640575 0 0.26812903932317406
D 8 10.924450843640575 1 0.01227114437023499
D 8 10.924450843640575 2 0.001684085600726025
D 8 10.924450843640575 3 0.00038456924455132561
D 8 10.924450843640575 4 0.00012238474787680715
D 8 10.924450843640575 5 4.9588320681846522e-05
D 8 10.924450843640575 6 2.4141219891667657e-05
D 8 10.924450843640575 7 1.3539512207501834e-05
D 8 10.924450843640575 8 8.4709198789630188e-06
F 8 10.924450843640575 0 0.26812902092933655
F 8 10.924450843640575 1 0.012271144427359104
F 8 10.924450843640575 2 0.0016840856987982988
F 8 10.924450843640575 3 0.00038456922629848123
F 8 10.924450843640575 4 0.00012238473573233932
F 8 10.924450843640575 5 4.9588317779125646e-05
F 8 10.924450843640575 6 2.4141219910234213e-05
F 8 10.924450843640575 7 1.3539512110583019e-05
F 8 10.924450843640575 8 8.470919965475332e-06
D 8 11.119530305134157 0 0.26576676729877158
D 8 11.119530305134157 1 0.011949782947983285
D 8 11.119530305134157 2 0.0016113328450745638
D 8 11.119530305134157 3 0.0003616089873256226
D 8 11.119530305134157 4 0.00011315418921502938
D 8 11.119530305134157 5 4.5126351400442783e-05
D 8 11.119530305134157 6 2.1654234179386484e-05
D 8 11.119530305134157 7 1.199173876923284e-05
D 8 11.119530305134157 8 7.4218981372680558e-06
F 8 11.119530305134157 0 0.26576679944992065
F 8 11.119530305134157 1 0.011949784122407436
F 8 11.119530305134157 2 0.0016113329911604524
F 8 11.119530305134157 3 0.00036160898162052035
F 8 11.119530305134157 4 0.00011315417941659689
F 8 11.119530305134157 5 4.5126347686164081e-05
F 8 11.119530305134157 6 2.1654230295098387e-05
F 8 11.119530305134157 7 1.1991736755589955e-05
F 8 11.119530305134157 8 7.4218964982719626e-06
D 8 11.314609766627738 0 0.26346582981084971
D 8 11.314609766627738 1 0.011642188364070329
D 8 11.314609766627738 2 0.0015428888993768296
D 8 11.314609766627738 3 0.00034036750639036703
D 8 11.314609766627738 4 0.00010474860029791612
D 8 11.314609766627738 5 4.1121344398287349e-05
D 8 11.314609766627738 6 1.9450132380595013e-05
D 8 11.314609766627738 7 1.063484526296954e-05
D 8 11.314609766627738 8 6.5105739037192816e-06
F 8 11.314609766627738 0 0.26346588134765625
F 8 11.314609766627738 1 0.011642190627753735
F 8 11.314609766627738 2 0.0015428891638293862
F 8 11.314609766627738 3 0.00034036758006550372
F 8 11.314609766627738 4 0.00010474861483089626
F 8 11.314609766627738 5 4.1121351387118921e-05
F 8 11.314609766627738 6 1.9450135368970223e-05
F 8 11.314609766627738 7 1.0634847058099695e-05
F 8 11.314609766627738 8 6.5105750763905235e-06
D 8 11.509689228121321 0 0.26122362114207093
D 8 11.509689228121321 1 0.01134755176921126
D 8 11.509689228121321 2 0.0014784336144233851
D 8 11.509689228121321 3 0.00032069222335252888
D 8 11.509689228121321 4 9.7083991773482152e-05
D 8 11.509689228121321 5 3.7521582644466936e-05
D 8 11.509689228121321 6 1.7494173227286125e-05
D 8 11.509689228121321 7 9.4438621606047623e-06
D 8 11.509689228121321 8 5.7180309133067199e-06
F 8 11.509689228121321 0 0.26122358441352844
F 8 11.509689228121321 1 0.011347549967467785
F 8 11.509689228121321 2 0.0014784333761781454
F 8 11.509689228121321 3 0.00032069216831587255
F 8 11.509689228121321 4 9.7083975560963154e-05
F 8 11.509689228121321 5 3.7521574995480478e-05
F 8 11.509689228121321 6 1.7494170606369153e-05
F 8 11.509689228121321 7 9.4438610176439397e-06
F 8 11.509689228121321 8 5.7180304793291725e-06
D 8 11.704768689614902 0 0.25903768745702221
D 8 11.704768689614902 1 0.011065123966276366
D 8 11.704768689614902 2 0.0014176750697179675
D 8 11.704768689614902 3 0.0003024460018679215
D 8 11.704768689614902 4 9.0085831951656968e-05
D 8 11.704768689614902 5 3.4281673828070949e-05
D 8 11.704768689614902 6 1.5756144321413069e-05
D 8 11.704768689614902 7 8.3972404208491712e-06
D 8 11.704768689614902 8 5.0280465496532735e-06
F 8 11.704768689614902 0 0.25903767347335815
F 8 11.704768689614902 1 0.011065122671425343
F 8 11.704768689614902 2 0.0014176748227328062
F 8 11.704768689614902 3 0.00030244592926464975
F 8 11.704768689614902 4 9.0085814008489251e-05
F 8 11.704768689614902 5 3.4281667467439547e-05
F 8 11.704768689614902 6 1.5756140783196315e-05
F 8 11.704768689614902 7 8.3972381617059e-06
F 8 11.704768689614902 8 5.0280450523132458e-06
D 16 9.9999999999999995e-07 0 0.99999966666676665
D 16 9.9999999999999995e-07 1 0.33333313333340475
D 16 9.9999999999999995e-07 2 0.19999985714291271
D 16 9.9999999999999995e-07 3 0.1428570317460772
D 16 9.9999999999999995e-07 4 0.11111102020205867
D 16 9.9999999999999995e-07 5 0.090909013986047324
D 16 9.9999999999999995e-07 6 0.076923010256439675
D 16 9.9999999999999995e-07 7 0.066666607843163569
D 16 9.9999999999999995e-07 8 0.05882347678020957
D 16 9.9999999999999995e-07 9 0.052631531328342543
D 16 9.9999999999999995e-07 10 0.047619004140806748
D 16 9.9999999999999995e-07 11 0.043478220869583736
D 16 9.9999999999999995e-07 12 0.039999962962980209
D 16 9.9999999999999995e-07 13 0.037037002554294547
D 16 9.9999999999999995e-07 14 0.034482726362640291
D 16 9.9999999999999995e-07 15 0.032258034213113011
D 16 9.9999999999999995e-07 16 0.030303001731615244
F 16 9.9999999999999995e-07 0 0.99999964237213135
F 16 9.9999999999999995e-07 1 0.33333313465118408
F 16 9.9999999999999995e-07 2 0.1999998539686203
F 16 9.9999999999999995e-07 3 0.14285703003406525
F 16 9.9999999999999995e-07 4 0.11111101508140564
F 16 9.9999999999999995e-07 5 0.090909011662006378
F 16 9.9999999999999995e-07 6 0.076923005282878876
F 16 9.9999999999999995e-07 7 0.066666610538959503
F 16 9.9999999999999995e-07 8 0.058823477476835251
F 16 9.9999999999999995e-07 9 0.052631530910730362
F 16 9.9999999999999995e-07 10 0.047619003802537918
F 16 9.9999999999999995e-07 11 0.043478220701217651
F 16 9.9999999999999995e-07 12 0.039999961853027344
F 16 9.9999999999999995e-07 13 0.037037000060081482
F 16 9.9999999999999995e-07 14 0.034482724964618683
F 16 9.9999999999999995e-07 15 0.032258033752441406
F 16 9.9999999999999995e-07 16 0.030303001403808594
D 16 0.19508046149358171 0 0.93860855162447743
D 16 0.19508046149358171 1 0.29690338161918539
D 16 0.19508046149358171 2 0.17413760999808123
D 16 0.19508046149358171 3 0.12282008000595346
D 16 0.19508046149358171 4 0.094761170710487938
D 16 0.19508046149358171 5 0.07710173010190223
D 16 0.19508046149358171 6 0.064974669202924079
D 16 0.19508046149358171 7 0.056136440462561797
D 16 0.19508046149358171 8 0.049410772808570286
D 16 0.19508046149358171 9 0.044122008426597741
D 16 0.19508046149358171 10 0.039854595822612901
D 16 0.19508046149358171 11 0.036339000718970761
D 16 0.19508046149358171 12 0.033392791422194798
D 16 0.19508046149358171 13 0.030888104448482352
D 16 0.19508046149358171 14 0.028732672173492332
D 16 0.19508046149358171 15 0.02685824796886789
D 16 0.19508046149358171 16 0.025213270323594467
F 16 0.19508046149358171 0 0.93860852718353271
F 16 0.19508046149358171 1 0.29690337181091309
F 16 0.19508046149358171 2 0.17413760721683502
F 16 0.19508046149358171 3 0.12282007932662964
F 16 0.19508046149358171 4 0.094761170446872711
F 16 0.19508046149358171 5 0.077101729810237885
F 16 0.19508046149358171 6 0.064974673092365265
F 16 0.19508046149358171 7 0.056136440485715866
F 16 0.19508046149358171 8 0.049410771578550339
F 16 0.19508046149358171 9 0.044122010469436646
F 16 0.19508046149358171 10 0.039854593575000763
F 16 0.19508046149358171 11 0.03633899986743927
F 16 0.19508046149358171 12 0.033392790704965591
F 16 0.19508046149358171 13 0.030888104811310768
F 16 0.19508046149358171 14 0.028732672333717346
F 16 0.19508046149358171 15 0.026858247816562653
F 16 0.19508046149358171 16 0.025213269516825676
D 16 0.3901599229871634 0 0.88385586333465949
D 16 0.3901599229871634 1 0.26515698428567941
D 16 0.3901599229871634 2 0.15188944286199352
D 16 0.3901599229871634 3 0.10572409318786029
D 16 0.3901599229871634 4 0.080889966393674989
D 16 0.3901599229871634 5 0.06543610496216147
D 16 0.3901599229871634 6 0.054911519432692617
D 16 0.3901599229871634 7 0.047289770492876783
D 16 0.3901599229871634 8 0.041518809706624506
D 16 0.3901599229871634 9 0.036999134346924346
D 16 0.3901599229871634 10 0.033364455009104066
D 16 0.3901599229871634 11 0.030378503270983338
D 16 0.3901599229871634 12 0.027882116733311219
D 16 0.3901599229871634 13 0.025764194309112611
D 16 0.3901599229871634 14 0.023944848057618352
D 16 0.3901599229871634 15 0.022365171875514751
D 16 0.3901599229871634 16 0.020980783748584479
F 16 0.3901599229871634 0 0.88385587930679321
F 16 0.3901599229871634 1 0.26515698432922363
F 16 0.3901599229871634 2 0.15188944339752197
F 16 0.3901599229871634 3 0.10572409629821777
F 16 0.3901599229871634 4 0.080889970064163208
F 16 0.3901599229871634 5 0.065436102449893951
F 16 0.3901599229871634 6 0.054911520332098007
F 16 0.3901599229871634 7 0.047289770096540451
F 16 0.3901599229871634 8 0.041518811136484146
F 16 0.3901599229871634 9 0.036999136209487915
F 16 0.3901599229871634 10 0.03336445614695549
F 16 0.3901599229871634 11 0.030378501862287521
F 16 0.3901599229871634 12 0.027882115915417671
F 16 0.3901599229871634 13 0.025764193385839462
F 16 0.3901599229871634 14 0.023944849148392677
F 16 0.3901599229871634 15 0.02236517146229744
F 16 0.3901599229871634 16 0.020980782806873322
D 16 0.5852393844807452 0 0.83489324999850956
D 16 0.5852393844807452 1 0.23744192726296856
D 16 0.5852393844807452 2 0.13272625752181463
D 16 0.5852393844807452 3 0.091124055524561182
D 16 0.5852393844807452 4 0.069113490599916699
D 16 0.5852393844807452 5 0.055574609167032343
D 16 0.5852393844807452 6 0.046432440299340065
D 16 0.5852393844807452 7 0.039854809717654385
D 16 0.5852393844807452 8 0.034899932892549008
D 16 0.5852393844807452 9 0.031035457336537096
D 16 0.5852393844807452 10 0.027938289002296651
D 16 0.5852393844807452 11 0.02540119014606541
D 16 0.5852393844807452 12 0.023285222087180698
D 16 0.5852393844807452 13 0.021493800289887059
D 16 0.5852393844807452 14 0.019957724283859175
D 16 0.5852393844807452 15 0.018626129353335651
D 16 0.5852393844807452 16 0.017460799135752044
F 16 0.5852393844807452 0 0.83489322662353516
F 16 0.5852393844807452 1 0.23744191229343414
F 16 0.5852393844807452 2 0.13272625207901001
F 16 0.5852393844807452 3 0.091124057769775391
F 16 0.5852393844807452 4 0.069113492965698242
F 16 0.5852393844807452 5 0.055574607104063034
F 16 0.5852393844807452 6 0.046432439237833023
F 16 0.5852393844807452 7 0.039854809641838074
F 16 0.5852393844807452 8 0.034899931401014328
F 16 0.5852393844807452 9 0.031035458669066429
F 16 0.5852393844807452 10 0.027938289567828178
F 16 0.5852393844807452 11 0.025401189923286438
F 16 0.5852393844807452 12 0.023285221308469772
F 16 0.5852393844807452 13 0.021493799984455109
F 16 0.5852393844807452 14 0.019957723096013069
F 16 0.5852393844807452 15 0.018626129254698753
F 16 0.5852393844807452 16 0.017460798844695091
D 16 0.78031884597432688 0 0.79099001492476773
D 16 0.78031884597432688 1 0.21320140026636655
D 16 0.78031884597432688 2 0.11619886411933567
D 16 0.78031884597432688 3 0.078643779742743822
D 16 0.78031884597432688 4 0.059108263873327856
D 16 0.78031884597432688 5 0.047233577368661649
D 16 0.78031884597432688 6 0.039284888272742617
D 16 0.78031884597432688 7 0.033604003109348947
D 16 0.78031884597432688 8 0.029347088810986265
D 16 0.78031884597432688 9 0.026041044826475481
D 16 0.78031884597432688 10 0.023400676658392069
D 16 0.78031884597432688 11 0.021244095477401727
D 16 0.78031884597432688 12 0.019449948212832201
D 16 0.78031884597432688 13 0.017934227638070881
D 16 0.78031884597432688 14 0.016636963639299087
D 16 0.78031884597432688 15 0.015514217022784667
D 16 0.78031884597432688 16 0.01453306820057663
F 16 0.78031884597432688 0 0.79098999500274658
F 16 0.78031884597432688 1 0.21320140361785889
F 16 0.78031884597432688 2 0.11619887501001358
F 16 0.78031884597432688 3 0.078643783926963806
F 16 0.78031884597432688 4 0.059108264744281769
F 16 0.78031884597432688 5 0.047233577817678452
F 16 0.78031884597432688 6 0.039284888654947281
F 16 0.78031884597432688 7 0.033604003489017487
F 16 0.78031884597432688 8 0.029347090050578117
F 16 0.78031884597432688 9 0.026041045784950256
F 16 0.78031884597432688 10 0.023400677368044853
F 16 0.78031884597432688 11 0.021244095638394356
F 16 0.78031884597432688 12 0.019449947401881218
F 16 0.78031884597432688 13 0.017934227362275124
F 16 0.78031884597432688 14 0.016636963933706284
F 16 0.78031884597432688 15 0.01551421731710434
F 16 0.78031884597432688 16 0.014533068053424358
D 16 0.97539830746790857 0 0.75151598308328693
D 16 0.97539830746790857 1 0.19195944634501036
D 16 0.97539830746790857 2 0.10192564030724745
D 16 0.97539830746790857 3 0.067965084403282264
D 16 0.97539830746790857 4 0.050601608142392895
D 16 0.97539830746790857 5 0.040174525490258524
D 16 0.97539830746790857 6 0.033256996115144093
D 16 0.97539830746790857 7 0.028346781066259711
D 16 0.97539830746790857 8 0.024687130722232237
D 16 0.97539830746790857 9 0.021857264362161028
D 16 0.97539830746790857 10 0.019605261583781678
D 16 0.97539830746790857 11 0.017771380186687887
D 16 0.97539830746790857 12 0.01624956651176953
D 16 0.97539830746790857 13 0.01496671545470765
D 16 0.97539830746790857 14 0.013870832111070581
D 16 0.97539830746790857 15 0.01292394403369892
D 16 0.97539830746790857 16 0.012097683538863412
F 16 0.97539830746790857 0 0.75151598453521729
F 16 0.97539830746790857 1 0.1919594407081604
F 16 0.97539830746790857 2 0.10192563384771347
F 16 0.97539830746790857 3 0.067965082824230194
F 16 0.97539830746790857 4 0.05060160905122757
F 16 0.97539830746790857 5 0.040174525231122971
F 16 0.97539830746790857 6 0.033256996423006058
F 16 0.97539830746790857 7 0.028346780687570572
F 16 0.97539830746790857 8 0.024687130004167557
F 16 0.97539830746790857 9 0.021857265383005142
F 16 0.97539830746790857 10 0.019605262205004692
F 16 0.97539830746790857 11 0.017771380022168159
F 16 0.97539830746790857 12 0.016249565407633781
F 16 0.97539830746790857 13 0.014966715127229691
F 16 0.97539830746790857 14 0.01387083251029253
F 16 0.97539830746790857 15 0.012923944741487503
F 16 0.97539830746790857 16 0.012097683735191822
D 16 1.1704777689614903 0 0.7159269451449054
D 16 1.1704777689614903 1 0.17330882435877595
D 16 1.1704777689614903 2 0.089582128617053558
D 16 1.1704777689614903 3 0.05881869512828411
D 16 1.1704777689614903 4 0.043363562981955692
D 16 1.1704777689614903 5 0.034196879244157576
D 16 1.1704777689614903 6 0.028170965926562326
D 16 1.1704777689614903 7 0.023923506084054955
D 16 1.1704777689614903 8 0.020775233652095451
D 16 1.1704777689614903 9 0.018351599762732627
D 16 1.1704777689614903 10 0.016429915851685694
D 16 1.1704777689614903 11 0.014869799673759216
D 16 1.1704777689614903 12 0.013578514837303211
D 16 1.1704777689614903 13 0.012492410670567292
D 16 1.1704777689614903 14 0.011566385894724349
D 16 1.1704777689614903 15 0.010767610724492024
D 16 1.1704777689614903 16 0.010071630616643026
F 16 1.1704777689614903 0 0.71592700481414795
F 16 1.1704777689614903 1 0.1733088344335556
F 16 1.1704777689614903 2 0.089582130312919617
F 16 1.1704777689614903 3 0.058818694204092026
F 16 1.1704777689614903 4 0.043363563716411591
F 16 1.1704777689614903 5 0.034196879714727402
F 16 1.1704777689614903 6 0.028170965611934662
F 16 1.1704777689614903 7 0.023923506960272789
F 16 1.1704777689614903 8 0.020775234326720238
F 16 1.1704777689614903 9 0.01835159957408905
F 16 1.1704777689614903 10 0.016429916024208069
F 16 1.1704777689614903 11 0.014869799837470055
F 16 1.1704777689614903 12 0.013578515499830246
F 16 1.1704777689614903 13 0.012492410838603973
F 16 1.1704777689614903 14 0.011566386558115482
F 16 1.1704777689614903 15 0.010767610743641853
F 16 1.1704777689614903 16 0.010071630589663982
D 16 1.3655572304550718 0 0.68375228214847505
D 16 1.3655572304550718 1 0.1569007372421396
D 16 1.3655572304550718 2 0.078892263605682286
D 16 1.3655572304550718 3 0.050976592260073408
D 16 1.3655572304550718 4 0.037200101839617361
D 16 1.3655572304550718 5 0.029131882957053181
D 16 1.3655572304550718 6 0.023877542930532517
D 16 1.3655572304550718 7 0.020200416038049385
D 16 1.3655572304550718 8 0.017490233937620208
D 16 1.3655572304550718 9 0.015413329541124506
D 16 1.3655572304550718 10 0.013772711499548652
D 16 1.3655572304550718 11 0.012444931268164499
D 16 1.3655572304550718 12 0.011348850395105553
D 16 1.3655572304550718 13 0.010429021026508731
D 16 1.3655572304550718 14 0.0096463031314884297
D 16 1.3655572304550718 15 0.0089723010239539866
D 16 1.3655572304550718 16 0.008385925354419713
F 16 1.3655572304550718 0 0.68375229835510254
F 16 1.3655572304550718 1 0.15690074861049652
F 16 1.3655572304550718 2 0.078892268240451813
F 16 1.3655572304550718 3 0.050976593047380447
F 16 1.3655572304550718 4 0.03720010444521904
F 16 1.3655572304550718 5 0.029131883755326271
F 16 1.3655572304550718 6 0.023877542465925217
F 16 1.3655572304550718 7 0.020200414583086967
F 16 1.3655572304550718 8 0.017490234225988388
F 16 1.3655572304550718 9 0.015413329936563969
F 16 1.3655572304550718 10 0.013772712089121342
F 16 1.3655572304550718 11 0.012444931082427502
F 16 1.3655572304550718 12 0.011348851025104523
F 16 1.3655572304550718 13 0.010429020971059799
F 16 1.3655572304550718 14 0.0096463039517402649
F 16 1.3655572304550718 15 0.00897230114787817
F 16 1.3655572304550718 16 0.0083859255537390709
D 16 1.5606366919486536 0 0.65458443611579487
D 16 1.5606366919486536 1 0.14243613410161432
D 16 1.5606366919486536 2 0.069620969949870298
D 16 1.5606366919486536 3 0.044245572535435637
D 16 1.5606366919486536 4 0.031947437357871519
D 16 1.5606366919486536 5 0.02483749574183227
D 16 1.5606366919486536 6 0.020251392155220472
D 16 1.5606366919486536 7 0.017065399158390421
D 16 1.5606366919486536 8 0.01473073963141526
D 16 1.5606366919486536 9 0.01294992361239149
D 16 1.5606366919486536 10 0.011548564435977522
D 16 1.5606366919486536 11 0.010418033705117832
D 16 1.5606366919486536 12 0.009487298847733935
D 16 1.5606366919486536 13 0.0087080322711789882
D 16 1.5606366919486536 14 0.0080462511269279932
D 16 1.5606366919486536 15 0.0074773843784780945
D 16 1.5606366919486536 16 0.0069832376766710818
F 16 1.5606366919486536 0 0.65458446741104126
F 16 1.5606366919486536 1 0.14243614673614502
F 16 1.5606366919486536 2 0.069620974361896515
F 16 1.5606366919486536 3 0.044245574623346329
F 16 1.5606366919486536 4 0.031947437673807144
F 16 1.5606366919486536 5 0.024837495759129524
F 16 1.5606366919486536 6 0.02025139331817627
F 16 1.5606366919486536 7 0.017065400257706642
F 16 1.5606366919486536 8 0.014730741269886494
F 16 1.5606366919486536 9 0.012949923984706402
F 16 1.5606366919486536 10 0.011548564769327641
F 16 1.5606366919486536 11 0.01041803415864706
F 16 1.5606366919486536 12 0.0094872992485761642
F 16 1.5606366919486536 13 0.0087080327793955803
F 16 1.5606366919486536 14 0.0080462517216801643
F 16 1.5606366919486536 15 0.0074773849919438362
F 16 1.5606366919486536 16 0.0069832378067076206
D 16 1.7557161534422354 0 0.62806994423957396
D 16 1.7557161534422354 1 0.12965834051324296
D 16 1.7557161534422354 2 0.061567914213103696
D 16 1.7557161534422354 3 0.038461830033398106
D 16 1.7557161534422354 4 0.027467239377032677
D 16 1.7557161534422354 5 0.02119411379312091
D 16 1.7557161534422354 6 0.017187229581974318
D 16 1.7557161534422354 7 0.014424463191848057
D 16 1.7557161534422354 8 0.012411883688581069
D 16 1.7557161534422354 9 0.010884038438275578
D 16 1.7557161534422354 10 0.0096864381398453787
D 16 1.7557161534422354 11 0.0087234324216792641
D 16 1.7557161534422354 12 0.007932799142864027
D 16 1.7557161534422354 13 0.0072723942355913127
D 16 1.7557161534422354 14 0.0067126983511563475
D 16 1.7557161534422354 15 0.0062324407155114718
D 16 1.7557161534422354 16 0.005815918375094738
F 16 1.7557161534422354 0 0.62806993722915649
F 16 1.7557161534422354 1 0.12965834140777588
F 16 1.7557161534422354 2 0.061567913740873337
F 16 1.7557161534422354 3 0.038461830466985703
F 16 1.7557161534422354 4 0.027467237785458565
F 16 1.7557161534422354 5 0.021194113418459892
F 16 1.7557161534422354 6 0.017187228426337242
F 16 1.7557161534422354 7 0.014424462802708149
F 16 1.7557161534422354 8 0.012411884032189846
F 16 1.7557161534422354 9 0.010884038172662258
F 16 1.7557161534422354 10 0.0096864374354481697
F 16 1.7557161534422354 11 0.0087234321981668472
F 16 1.7557161534422354 12 0.0079327989369630814
F 16 1.7557161534422354 13 0.0072723934426903725
F 16 1.7557161534422354 14 0.0067126983776688576
F 16 1.7557161534422354 15 0.0062324404716491699
F 16 1.7557161534422354 16 0.0058159180916845798
D 16 1.950795614935817 0 0.60390179828396273
D 16 1.950795614935817 1 0.11834681027590589
D 16 1.950795614935817 2 0.054562227834030565
D 16 1.950795614935817 3 0.033486393177648503
D 16 1.950795614935817 4 0.023642617993676476
D 16 1.950795614935817 5 0.018100984073927646
D 16 1.950795614935817 6 0.014596583862751738
D 16 1.950795614935817 7 0.012198784081522656
D 16 1.950795614935817 8 0.010462613223573607
D 16 1.950795614935817 9 0.0091510108232737385
D 16 1.950795614935817 10 0.0081270134531848774
D 16 1.950795614935817 11 0.0073063423637063666
D 16 1.950795614935817 12 0.0066344605603114335
D 16 1.950795614935817 13 0.0060745965897507732
D 16 1.950795614935817 14 0.0056010959138289157
D 16 1.950795614935817 15 0.0051955366614609205
D 16 1.950795614935817 16 0.0048443607142576815
F 16 1.950795614935817 0 0.60390186309814453
F 16 1.950795614935817 1 0.11834681779146194
F 16 1.950795614935817 2 0.05456223338842392
F 16 1.950795614935817 3 0.033486396074295044
F 16 1.950795614935817 4 0.023642620071768761
F 16 1.950795614935817 5 0.018100984394550323
F 16 1.950795614935817 6 0.014596583321690559
F 16 1.950795614935817 7 0.01219878438860178
F 16 1.950795614935817 8 0.01046261377632618
F 16 1.950795614935817 9 0.009151010774075985
F 16 1.950795614935817 10 0.0081270141527056694
F 16 1.950795614935817 11 0.0073063424788415432
F 16 1.950795614935817 12 0.0066344607621431351
F 16 1.950795614935817 13 0.0060745966620743275
F 16 1.950795614935817 14 0.0056010959669947624
F 16 1.950795614935817 15 0.0051955371163785458
F 16 1.950795614935817 16 0.0048443605192005634
D 16 2.145875076429399 0 0.58181292789042516
D 16 2.145875076429399 1 0.10831182453774595
D 16 2.145875076429399 2 0.048458048076393111
D 16 2.145875076429399 3 0.029201280956289193
D 16 2.145875076429399 4 0.020374748111009765
D 16 2.145875076429399 5 0.015473196775146485
D 16 2.145875076429399 6 0.012405085164850291
D 16 2.145875076429399 7 0.010322238525326526
D 16 2.145875076429399 8 0.0088234259118124166
D 16 2.145875076429399 9 0.0076967672744585386
D 16 2.145875076429399 10 0.0068207465015348934
D 16 2.145875076429399 11 0.0061210548662985823
D 16 2.145875076429399 12 0.0055498625740976002
D 16 2.145875076429399 13 0.0050750684924640074
D 16 2.145875076429399 14 0.0046743659830771785
D 16 2.145875076429399 15 0.0043317934346005062
D 16 2.145875076429399 16 0.0040356398861988562
F 16 2.145875076429399 0 0.58181297779083252
F 16 2.145875076429399 1 0.10831183195114136
F 16 2.145875076429399 2 0.048458050936460495
F 16 2.145875076429399 3 0.029201284050941467
F 16 2.145875076429399 4 0.020374750718474388
F 16 2.145875076429399 5 0.015473198145627975
F 16 2.145875076429399 6 0.012405086308717728
F 16 2.145875076429399 7 0.010322239249944687
F 16 2.145875076429399 8 0.0088234264403581619
F 16 2.145875076429399 9 0.0076967682689428329
F 16 2.145875076429399 10 0.0068207476288080215
F 16 2.145875076429399 11 0.0061210556887090206
F 16 2.145875076429399 12 0.0055498629808425903
F 16 2.145875076429399 13 0.0050750691443681717
F 16 2.145875076429399 14 0.0046743662096560001
F 16 2.145875076429399 15 0.0043317941017448902
F 16 2.145875076429399 16 0.0040356400422751904
D 16 2.3409545379229808 0 0.56157063768757065
D 16 2.3409545379229808 1 0.099389991653473064
D 16 2.3409545379229808 2 0.043130748156832044
D 16 2.3409545379229808 3 0.025506263605869394
D 16 2.3409545379229808 4 0.017580032031974686
D 16 2.3409545379229808 5 0.013239162394381099
D 16 2.3409545379229808 6 0.010550194764802491
D 16 2.3409545379229808 7 0.0087393406327777659
D 16 2.3409545379229808 8 0.0074444794228405615
D 16 2.3409545379229808 9 0.0064760797316177994
D 16 2.3409545379229808 10 0.005726249858659032
D 16 2.3409545379229808 11 0.0051294275317765713
D 16 2.3409545379229808 12 0.0046436398404452201
D 16 2.3409545379229808 13 0.004240847477505142
D 16 2.3409545379229808 14 0.0039016452220224694
D 16 2.3409545379229808 15 0.0036121969580699379
D 16 2.3409545379229808 16 0.0033623831065969357
F 16 2.3409545379229808 0 0.56157058477401733
F 16 2.3409545379229808 1 0.099389977753162384
F 16 2.3409545379229808 2 0.043130744248628616
F 16 2.3409545379229808 3 0.025506261736154556
F 16 2.3409545379229808 4 0.017580030485987663
F 16 2.3409545379229808 5 0.013239161111414433
F 16 2.3409545379229808 6 0.010550194419920444
F 16 2.3409545379229808 7 0.0087393401190638542
F 16 2.3409545379229808 8 0.0074444790370762348
F 16 2.3409545379229808 9 0.0064760795794427395
F 16 2.3409545379229808 10 0.005726249422878027
F 16 2.3409545379229808 11 0.005129427183419466
F 16 2.3409545379229808 12 0.004643639549612999
F 16 2.3409545379229808 13 0.0042408471927046776
F 16 2.3409545379229808 14 0.0039016450755298138
F 16 2.3409545379229808 15 0.003612196771427989
F 16 2.3409545379229808 16 0.0033623829949647188
D 16 2.5360339994165626 0 0.54297185439590889
D 16 2.5360339994165626 1 0.091440424192347006
D 16 2.5360339994165626 2 0.038473748295913171
D 16 2.5360339994165626 3 0.022316131498123962
D 16 2.5360339994165626 4 0.015187713464096014
D 16 2.5360339994165626 5 0.011338494700764135
D 16 2.5360339994165626 6 0.0089793032484390689
D 16 2.5360339994165626 7 0.0074035161177191441
D 16 2.5360339994165626 8 0.0062840121076729359
D 16 2.5360339994165626 9 0.0054511100376831286
D 16 2.5360339994165626 10 0.0048089429541188188
D 16 2.5360339994165626 11 0.0042996263045631308
D 16 2.5360339994165626 12 0.0038863043554044421
D 16 2.5360339994165626 13 0.0035444721638329046
D 16 2.5360339994165626 14 0.0032572401192393053
D 16 2.5360339994165626 15 0.0030126091391668658
D 16 2.5360339994165626 16 0.0028018311795628332
F 16 2.5360339994165626 0 0.54297184944152832
F 16 2.5360339994165626 1 0.091440416872501373
F 16 2.5360339994165626 2 0.038473743945360184
F 16 2.5360339994165626 3 0.022316128015518188
F 16 2.5360339994165626 4 0.015187712386250496
F 16 2.5360339994165626 5 0.011338493786752224
F 16 2.5360339994165626 6 0.0089793018996715546
F 16 2.5360339994165626 7 0.007403514813631773
F 16 2.5360339994165626 8 0.0062840110622346401
F 16 2.5360339994165626 9 0.0054511092603206635
F 16 2.5360339994165626 10 0.0048089423216879368
F 16 2.5360339994165626 11 0.0042996257543563843
F 16 2.5360339994165626 12 0.0038863038644194603
F 16 2.5360339994165626 13 0.0035444716922938824
F 16 2.5360339994165626 14 0.0032572397030889988
F 16 2.5360339994165626 15 0.0030126085039228201
F 16 2.5360339994165626 16 0.002801830880343914
D 16 2.731113460910144 0 0.52583906228064714
D 16 2.731113460910144 1 0.084341488905837494
D 16 2.731113460910144 2 0.034395816661188384
D 16 2.731113460910144 3 0.01955839145503049
D 16 2.731113460910144 4 0.01313787037037345
D 16 2.731113460910144 5 0.0097202337325987421
D 16 2.731113460910144 6 0.0076481370517447952
D 16 2.731113460910144 7 0.0062756584833506598
D 16 2.731113460910144 8 0.0053070234379470078
D 16 2.731113460910144 9 0.0045901951440653881
D 16 2.731113460910144 10 0.0040399267735134721
D 16 2.731113460910144 11 0.0036050774844861517
D 16 2.731113460910144 12 0.0032532649127812369
D 16 2.731113460910144 13 0.0029630610552083816
D 16 2.731113460910144 14 0.0027197583971668863
D 16 2.731113460910144 15 0.0025129462326495431
D 16 2.731113460910144 16 0.002335059022980113
F 16 2.731113460910144 0 0.52583909034729004
F 16 2.731113460910144 1 0.084341496229171753
F 16 2.731113460910144 2 0.034395821392536163
F 16 2.731113460910144 3 0.019558394327759743
F 16 2.731113460910144 4 0.013137872330844402
F 16 2.731113460910144 5 0.0097202351316809654
F 16 2.731113460910144 6 0.0076481378637254238
F 16 2.731113460910144 7 0.0062756589613854885
F 16 2.731113460910144 8 0.0053070234134793282
F 16 2.731113460910144 9 0.0045901951380074024
F 16 2.731113460910144 10 0.0040399269200861454
F 16 2.731113460910144 11 0.0036050777416676283
F 16 2.731113460910144 12 0.0032532650511711836
F 16 2.731113460910144 13 0.002963061211630702
F 16 2.731113460910144 14 0.0027197583112865686
F 16 2.731113460910144 15 0.0025129462592303753
F 16 2.731113460910144 16 0.0023350589908659458
D 16 2.9261929224037257 0 0.51001682399474657
D 16 2.9261929224037257 1 0.077988041771251654
D 16 2.9261929224037257 2 0.030818783625717671
D 16 2.9261929224037257 3 0.017171322692151287
D 16 2.9261929224037257 4 0.011379725866114519
D 16 2.9261929224037257 5 0.0083413537352330196
D 16 2.9261929224037257 6 0.0065194229893427895
D 16 2.9261929224037257 7 0.0053229208427319598
D 16 2.9261929224037257 8 0.0044841712539925036
D 16 2.9261929224037257 9 0.0038668330574152419
D 16 2.9261929224037257 10 0.0033950454309326426
D 16 2.9261929224037257 11 0.0030235945220297533
D 16 2.9261929224037257 12 0.0027240107130680246
D 16 2.9261929224037257 13 0.0024775460714272944
D 16 2.9261929224037257 14 0.0022713867493733375
D 16 2.9261929224037257 15 0.002096495991338604
D 16 2.9261929224037257 16 0.0019463281754025074
F 16 2.9261929224037257 0 0.5100167989730835
F 16 2.9261929224037257 1 0.077988035976886749
F 16 2.9261929224037257 2 0.03081878088414669
F 16 2.9261929224037257 3 0.01717132143676281
F 16 2.9261929224037257 4 0.0113797252997756
F 16 2.9261929224037257 5 0.0083413533866405487
F 16 2.9261929224037257 6 0.0065194228664040565
F 16 2.9261929224037257 7 0.0053229206241667271
F 16 2.9261929224037257 8 0.0044841715134680271
F 16 2.9261929224037257 9 0.0038668329361826181
F 16 2.9261929224037257 10 0.0033950454089790583
F 16 2.9261929224037257 11 0.0030235946178436279
F 16 2.9261929224037257 12 0.0027240107301622629
F 16 2.9261929224037257 13 0.00247754598967731
F 16 2.9261929224037257 14 0.0022713865619152784
F 16 2.9261929224037257 15 0.0020964958239346743
F 16 2.9261929224037257 16 0.0019463280914351344
D 16 3.1212723838973075 0 0.49536879962200581
D 16 3.1212723838973075 1 0.072289073948055879
D 16 3.1212723838973075 2 0.027675604900203453
D 16 3.1212723838973075 3 0.015102335462381024
D 16 3.1212723838973075 4 0.0098702262057758974
D 16 3.1212723838973075 5 0.0071655099381744969
D 16 3.1212723838973075 6 0.0055617686909009952
D 16 3.1212723838973075 7 0.0045177046784439269
D 16 3.1212723838973075 8 0.0037908500103824867
D 16 3.1212723838973075 9 0.0032588362045238356
D 16 3.1212723838973075 10 0.0028541034577787574
D 16 3.1212723838973075 11 0.0025366503442948649
D 16 3.1212723838973075 12 0.0022814315587137983
D 16 3.1212723838973075 13 0.00207203475027109
D 16 3.1212723838973075 14 0.0018972901947889561
D 16 3.1212723838973075 15 0.001749350109007898
D 16 3.1212723838973075 16 0.0016225488926644338
F 16 3.1212723838973075 0 0.4953688383102417
F 16 3.1212723838973075 1 0.072289079427719116
F 16 3.1212723838973075 2 0.027675608173012733
F 16 3.1212723838973075 3 0.01510233711451292
F 16 3.1212723838973075 4 0.0098702274262905121
F 16 3.1212723838973075 5 0.0071655106730759144
F 16 3.1212723838973075 6 0.0055617690086364746
F 16 3.1212723838973075 7 0.004517704714089632
F 16 3.1212723838973075 8 0.0037908500526100397
F 16 3.1212723838973075 9 0.003258836455643177
F 16 3.1212723838973075 10 0.0028541036881506443
F 16 3.1212723838973075 11 0.0025366505142301321
F 16 3.1212723838973075 12 0.002281431807205081
F 16 3.1212723838973075 13 0.0020720348693430424
F 16 3.1212723838973075 14 0.0018972903490066528
F 16 3.1212723838973075 15 0.0017493502236902714
F 16 3.1212723838973075 16 0.0016225490253418684
D 16 3.3163518453908893 0 0.48177519003894675
D 16 3.3163518453908893 1 0.067165706032040945
D 16 3.3163518453908893 2 0.024908719287350656
D 16 3.3163518453908893 3 0.013306584585280279
D 16 3.3163518453908893 4 0.0085728431423408025
D 16 3.3163518453908893 5 0.006161985585396333
D 16 3.3163518453908893 6 0.004748723772610197
D 16 3.3163518453908893 7 0.0038368132339510826
D 16 3.3163518453908893 8 0.0032064201499848221
D 16 3.3163518453908893 9 0.0027476244459412689
D 16 3.3163518453908893 10 0.0024002128647394511
D 16 3.3163518453908893 11 0.0021287708710532377
D 16 3.3163518453908893 12 0.0019112517125675296
D 16 3.3163518453908893 13 0.0017332794594610175
D 16 3.3163518453908893 14 0.0015851125196191869
D 16 3.3163518453908893 15 0.0014599324459721571
D 16 3.3163518453908893 16 0.0013528332482789379
F 16 3.3163518453908893 0 0.48177516460418701
F 16 3.3163518453908893 1 0.06716570258140564
F 16 3.3163518453908893 2 0.024908717721700668
F 16 3.3163518453908893 3 0.013306583277881145
F 16 3.3163518453908893 4 0.008572842925786972
F 16 3.3163518453908893 5 0.0061619849875569344
F 16 3.3163518453908893 6 0.0047487234696745872
F 16 3.3163518453908893 7 0.0038368131499737501
F 16 3.3163518453908893 8 0.0032064199913293123
F 16 3.3163518453908893 9 0.0027476244140416384
F 16 3.3163518453908893 10 0.0024002126883715391
F 16 3.3163518453908893 11 0.00212877057492733
F 16 3.3163518453908893 12 0.0019112515728920698
F 16 3.3163518453908893 13 0.0017332793213427067
F 16 3.3163518453908893 14 0.0015851124189794064
F 16 3.3163518453908893 15 0.0014599324204027653
F 16 3.3163518453908893 16 0.0013528332347050309
D 16 3.5114313068844711 0 0.46913054195352222
D 16 3.5114313068844711 1 0.062549477716596774
D 16 3.5114313068844711 2 0.022468655367621684
D 16 3.5114313068844711 3 0.011745797687900099
D 16 3.5114313068844711 4 0.0074565648380719484
D 16 3.5114313068844711 5 0.0053048069148818062
D 16 3.5114313068844711 6 0.0040579923379056955
D 16 3.5114313068844711 7 0.0032607425583146012
D 16 3.5114313068844711 8 0.0027135636898969065
D 16 3.5114313068844711 9 0.0023176345938300154
D 16 3.5114313068844711 10 0.0020192483714698136
D 16 3.5114313068844711 11 0.001787029464224375
D 16 3.5114313068844711 12 0.001601558354316623
D 16 3.5114313068844711 13 0.0014502356134784994
D 16 3.5114313068844711 14 0.0013245607508853327
D 16 3.5114313068844711 15 0.001218606835912555
D 16 3.5114313068844711 16 0.001128123809640677
F 16 3.5114313068844711 0 0.46913054585456848
F 16 3.5114313068844711 1 0.062549479305744171
F 16 3.5114313068844711 2 0.022468656301498413
F 16 3.5114313068844711 3 0.011745798401534557
F 16 3.5114313068844711 4 0.0074565657414495945
F 16 3.5114313068844711 5 0.0053048073314130306
F 16 3.5114313068844711 6 0.0040579927153885365
F 16 3.5114313068844711 7 0.0032607426401227713
F 16 3.5114313068844711 8 0.0027135638520121574
F 16 3.5114313068844711 9 0.0023176348768174648
F 16 3.5114313068844711 10 0.0020192484371364117
F 16 3.5114313068844711 11 0.0017870295559987426
F 16 3.5114313068844711 12 0.0016015585279092193
F 16 3.5114313068844711 13 0.0014502356061711907
F 16 3.5114313068844711 14 0.0013245608424767852
F 16 3.5114313068844711 15 0.0012186069507151842
F 16 3.5114313068844711 16 0.0011281239567324519
D 16 3.7065107683780525 0 0.45734186147477773
D 16 3.7065107683780525 1 0.058380888161714162
D 16 3.7065107683780525 2 0.020312848619349098
D 16 3.7065107683780525 3 0.010387284391109383
D 16 3.7065107683780525 4 0.0064950452797138134
D 16 3.7065107683780525 5 0.0045719990360657036
D 16 3.7065107683780525 6 0.0034707722177939947
D 16 3.7065107683780525 7 0.0027730876717884764
D 16 3.7065107683780525 8 0.0022977452305149625
D 16 3.7065107683780525 9 0.0019558271414462777
D 16 3.7065107683780525 10 0.001699392808718427
D 16 3.7065107683780525 11 0.0015006254508891826
D 16 3.7065107683780525 12 0.0013424087767812903
D 16 3.7065107683780525 13 0.0012136939273520914
D 16 3.7065107683780525 14 0.0011070594899494303
D 16 3.7065107683780525 15 0.0010173510186229121
D 16 3.7065107683780525 16 0.00094088508251134924
F 16 3.7065107683780525 0 0.45734184980392456
F 16 3.7065107683780525 1 0.058380886912345886
F 16 3.7065107683780525 2 0.020312849432229996
F 16 3.7065107683780525 3 0.010387284681200981
F 16 3.7065107683780525 4 0.0064950454980134964
F 16 3.7065107683780525 5 0.0045719989575445652
F 16 3.7065107683780525 6 0.0034707721788436174
F 16 3.7065107683780525 7 0.0027730877045542002
F 16 3.7065107683780525 8 0.0022977450862526894
F 16 3.7065107683780525 9 0.0019558269996196032
F 16 3.7065107683780525 10 0.0016993926838040352
F 16 3.7065107683780525 11 0.0015006252797320485
F 16 3.7065107683780525 12 0.0013424087082967162
F 16 3.7065107683780525 13 0.0012136938748881221
F 16 3.7065107683780525 14 0.0011070594191551208
F 16 3.7065107683780525 15 0.0010173509363085032
F 16 3.7065107683780525 16 0.00094088504556566477
D 16 3.9015902298716343 0 0.44632699109503871
D 16 3.9015902298716343 1 0.054608149274413743
D 16 3.9015902298716343 2 0.018404636523525489
D 16 3.9015902298716343 3 0.0092030980513553746
D 16 3.9015902298716343 4 0.0056658869871570802
D 16 3.9015902298716343 5 0.0039449600466162586
D 16 3.9015902298716343 6 0.0029712003840228762
D 16 3.9015902298716343 7 0.0023600450294742315
D 16 3.9015902298716343 8 0.00194676104010331
D 16 3.9015902298716343 9 0.0016512741200900656
D 16 3.9015902298716343 10 0.0014307577025956322
D 16 3.9015902298716343 11 0.0012605326854944992
D 16 3.9015902298716343 12 0.001125503130100956
D 16 3.9015902298716343 13 0.0010159742632166267
D 16 3.9015902298716343 14 0.00092546332997361913
D 16 3.9015902298716343 15 0.00084948552314567628
D 16 3.9015902298716343 16 0.00078484709086525681
F 16 3.9015902298716343 0 0.44632703065872192
F 16 3.9015902298716343 1 0.054608151316642761
F 16 3.9015902298716343 2 0.018404636532068253
F 16 3.9015902298716343 3 0.0092030977830290794
F 16 3.9015902298716343 4 0.0056658866815268993
F 16 3.9015902298716343 5 0.0039449599571526051
F 16 3.9015902298716343 6 0.0029712000396102667
F 16 3.9015902298716343 7 0.0023600449785590172
F 16 3.9015902298716343 8 0.001946760923601687
F 16 3.9015902298716343 9 0.0016512739239260554
F 16 3.9015902298716343 10 0.0014307575765997171
F 16 3.9015902298716343 11 0.001260532415471971
F 16 3.9015902298716343 12 0.0011255029821768403
F 16 3.9015902298716343 13 0.001015974092297256
F 16 3.9015902298716343 14 0.00092546321684494615
F 16 3.9015902298716343 15 0.00084948539733886719
F 16 3.9015902298716343 16 0.00078484701225534081
D 16 4.0966696913652161 0 0.4360132117556807
D 16 4.0966696913652161 1 0.051186119924237349
D 16 4.0966696913652161 2 0.016712404289033121
D 16 4.0966696913652161 3 0.0081693261791379399
D 16 4.0966696913652161 4 0.0049500358557325944
D 16 4.0966696913652161 5 0.0034079344045216675
D 16 4.0966696913652161 6 0.0025458873292177708
D 16 4.0966696913652161 7 0.0020099955560584724
D 16 4.0966696913652161 8 0.0016503617362798539
D 16 4.0966696913652161 9 0.0013948146722179435
D 16 4.0966696913652161 10 0.0012050665521909085
D 16 4.0966696913652161 11 0.0010592064675164175
D 16 4.0966696913652161 12 0.00094391173859032461
D 16 4.0966696913652161 13 0.00085067072263414402
D 16 4.0966696913652161 14 0.00077381757104086303
D 16 4.0966696913652161 15 0.00070944821853381832
D 16 4.0966696913652161 16 0.00065479226389576056
F 16 4.0966696913652161 0 0.43601316213607788
F 16 4.0966696913652161 1 0.051186114549636841
F 16 4.0966696913652161 2 0.016712402924895287
F 16 4.0966696913652161 3 0.0081693259999155998
F 16 4.0966696913652161 4 0.0049500358290970325
F 16 4.0966696913652161 5 0.0034079344477504492
F 16 4.0966696913652161 6 0.0025458873715251684
F 16 4.0966696913652161 7 0.0020099957473576069
F 16 4.0966696913652161 8 0.0016503619262948632
F 16 4.0966696913652161 9 0.0013948148116469383
F 16 4.0966696913652161 10 0.0012050665682181716
F 16 4.0966696913652161 11 0.001059206435456872
F 16 4.0966696913652161 12 0.00094391172751784325
F 16 4.0966696913652161 13 0.00085067073814570904
F 16 4.0966696913652161 14 0.00077381753362715244
F 16 4.0966696913652161 15 0.00070944824256002903
F 16 4.0966696913652161 16 0.00065479229670017958
D 16 4.2917491528587979 0 0.426336037413098
D 16 4.2917491528587979 1 0.04807539402634764
D 16 4.2917491528587979 2 0.015208858112181095
D 16 4.2917491528587979 3 0.0072654894424720928
D 16 4.2917491528587979 4 0.0043312703669205607
D 16 4.2917491528587979 5 0.0029475696458394879
D 16 4.2917491528587979 6 0.0021835260164859197
D 16 4.2917491528587979 7 0.0017131551087141987
D 16 4.2917491528587979 8 0.0013999364782854937
D 16 4.2917491528587979 9 0.0011787671563791738
D 16 4.2917491528587979 10 0.0010153903943991584
D 16 4.2917491528587979 11 0.00089033908657668026
D 16 4.2917491528587979 12 0.00079184785829095224
D 16 4.2917491528587979 13 0.00071243938056854634
D 16 4.2917491528587979 14 0.00064715909950297716
D 16 4.2917491528587979 15 0.00059260682103949537
D 16 4.2917491528587979 16 0.00054637829984345414
F 16 4.2917491528587979 0 0.42633599042892456
F 16 4.2917491528587979 1 0.048075392842292786
F 16 4.2917491528587979 2 0.01520885806530714
F 16 4.2917491528587979 3 0.0072654900141060352
F 16 4.2917491528587979 4 0.0043312706984579563
F 16 4.2917491528587979 5 0.0029475698247551918
F 16 4.2917491528587979 6 0.0021835262887179852
F 16 4.2917491528587979 7 0.0017131553031504154
F 16 4.2917491528587979 8 0.001399936736561358
F 16 4.2917491528587979 9 0.0011787672992795706
F 16 4.2917491528587979 10 0.0010153905022889376
F 16 4.2917491528587979 11 0.00089033920085057616
F 16 4.2917491528587979 12 0.00079184793867170811
F 16 4.2917491528587979 13 0.00071243941783905029
F 16 4.2917491528587979 14 0.00064715917687863111
F 16 4.2917491528587979 15 0.00059260689886286855
F 16 4.2917491528587979 16 0.00054637837456539273
D 16 4.4868286143523797 0 0.4172381743863337
D 16 4.4868286143523797 1 0.045241519567161964
D 16 4.4868286143523797 2 0.013870406484711306
D 16 4.4868286143523797 3 0.0064740323435620063
D 16 4.4868286143523797 4 0.0037957702475078341
D 16 4.4868286143523797 5 0.0025525431113434392
D 16 4.4868286143523797 6 0.0018745633481615526
D 16 4.4868286143523797 7 0.0014612813824971533
D 16 4.4868286143523797 8 0.0011882485792376815
D 16 4.4868286143523797 9 0.00099668845535440579
D 16 4.4868286143523797 10 0.00085592698395940692
D 16 4.4868286143523797 11 0.00074865589436317746
D 16 4.4868286143523797 12 0.00066447827608085298
D 16 4.4868286143523797 13 0.0005968215055068911
D 16 4.4868286143523797 14 0.00054135067119165077
D 16 4.4868286143523797 15 0.00049510295149932364
D 16 4.4868286143523797 16 0.00045599091956699799
F 16 4.4868286143523797 0 0.41723808646202087
F 16 4.4868286143523797 1 0.045241508632898331
F 16 4.4868286143523797 2 0.013870403170585632
F 16 4.4868286143523797 3 0.0064740306697785854
F 16 4.4868286143523797 4 0.0037957695312798023
F 16 4.4868286143523797 5 0.0025525426026433706
F 16 4.4868286143523797 6 0.0018745629349723458
F 16 4.4868286143523797 7 0.0014612810919061303
F 16 4.4868286143523797 8 0.0011882483959197998
F 16 4.4868286143523797 9 0.00099668826442211866
F 16 4.4868286143523797 10 0.00085592688992619514
F 16 4.4868286143523797 11 0.00074865581700578332
F 16 4.4868286143523797 12 0.00066447816789150238
F 16 4.4868286143523797 13 0.00059682136634364724
F 16 4.4868286143523797 14 0.00054135057143867016
F 16 4.4868286143523797 15 0.0004951028386130929
F 16 4.4868286143523797 16 0.00045599084114655852
D 16 4.6819080758459615 0 0.40866862188932046
D 16 4.6819080758459615 1 0.042654329144618829
D 16 4.6819080758459615 2 0.012676633095477152
D 16 4.6819080758459615 3 0.0057798913279871978
D 16 4.6819080758459615 4 0.0033317520426667242
D 16 4.6819080758459615 5 0.0022132474989805008
D 16 4.6819080758459615 6 0.0016109240654735403
D 16 4.6819080758459615 7 0.0012474280738297404
D 16 4.6819080758459615 8 0.0010092141119604787
D 16 4.6819080758459615 9 0.00084317270545154668
D 16 4.6819080758459615 10 0.00072181636084375474
D 16 4.6819080758459615 11 0.00062974515697834961
D 16 4.6819080758459615 12 0.00055776542603340115
D 16 4.6819080758459615 13 0.00050009631432519879
D 16 4.6819080758459615 14 0.00045294297887927437
D 16 4.6819080758459615 15 0.00041372242036638498
D 16 4.6819080758459615 16 0.00038062145478569401
F 16 4.6819080758459615 0 0.40866857767105103
F 16 4.6819080758459615 1 0.042654324322938919
F 16 4.6819080758459615 2 0.012676632031798363
F 16 4.6819080758459615 3 0.0057798908092081547
F 16 4.6819080758459615 4 0.0033317515626549721
F 16 4.6819080758459615 5 0.0022132471203804016
F 16 4.6819080758459615 6 0.0016109237913042307
F 16 4.6819080758459615 7 0.0012474278919398785
F 16 4.6819080758459615 8 0.0010092139709740877
F 16 4.6819080758459615 9 0.00084317260188981891
F 16 4.6819080758459615 10 0.0007218162645585835
F 16 4.6819080758459615 11 0.00062974507454782724
F 16 4.6819080758459615 12 0.00055776542285457253
F 16 4.6819080758459615 13 0.00050009629921987653
F 16 4.6819080758459615 14 0.00045294294250197709
F 16 4.6819080758459615 15 0.00041372238774783909
F 16 4.6819080758459615 16 0.00038062143721617758
D 16 4.8769875373395433 0 0.40058189364445801
D 16 4.8769875373395433 1 0.040287365549054321
D 16 4.8769875373395433 2 0.01160984742380957
D 16 4.8769875373395433 3 0.005170128330085959
D 16 4.8769875373395433 4 0.0029291610689341969
D 16 4.8769875373395433 5 0.0019215258622677187
D 16 4.8769875373395433 6 0.0013857786314768101
D 16 4.8769875373395433 7 0.001065738621958016
D 16 4.8769875373395433 8 0.00085771647054862785
D 16 4.8769875373395433 9 0.00071368295402974755
D 16 4.8769875373395433 10 0.00060898677991172391
D 16 4.8769875373395433 11 0.00052991606848236525
D 16 4.8769875373395433 12 0.00046833575907487783
D 16 4.8769875373395433 13 0.00041915831146505767
D 16 4.8769875373395433 14 0.0003790598321967713
D 16 4.8769875373395433 15 0.00034578731782540902
D 16 4.8769875373395433 16 0.00031776507263552186
F 16 4.8769875373395433 0 0.40058192610740662
F 16 4.8769875373395433 1 0.04028736799955368
F 16 4.8769875373395433 2 0.011609848588705063
F 16 4.8769875373395433 3 0.0051701287738978863
F 16 4.8769875373395433 4 0.0029291613027453423
F 16 4.8769875373395433 5 0.0019215260399505496
F 16 4.8769875373395433 6 0.0013857787707820535
F 16 4.8769875373395433 7 0.001065738731995225
F 16 4.8769875373395433 8 0.00085771660087630153
F 16 4.8769875373395433 9 0.00071368308272212744
F 16 4.8769875373395433 10 0.00060898688388988376
F 16 4.8769875373395433 11 0.00052991614211350679
F 16 4.8769875373395433 12 0.00046833581291139126
F 16 4.8769875373395433 13 0.0004191583429928869
F 16 4.8769875373395433 14 0.00037905987119302154
F 16 4.8769875373395433 15 0.00034578735358081758
F 16 4.8769875373395433 16 0.00031776510877534747
D 16 5.0720669988331251 0 0.39293734343769621
D 16 5.0720669988331251 1 0.038117388406878651
D 16 5.0720669988331251 2 0.010654701273491881
D 16 5.0720669988331251 3 0.0046336196447172373
D 16 5.0720669988331251 4 0.0025794108912413115
D 16 5.0720669988331251 5 0.0016704481849156507
D 16 5.0720669988331251 6 0.0011933480215884432
D 16 5.0720669988331251 7 0.0009112731047862117
D 16 5.0720669988331251 8 0.00072945100846128993
D 16 5.0720669988331251 9 0.00060441032699522679
D 16 5.0720669988331251 10 0.00051402597963314011
D 16 5.0720669988331251 11 0.00044608024461308468
D 16 5.0720669988331251 12 0.00039336998405087135
D 16 5.0720669988331251 13 0.00035141509416800152
D 16 5.0720669988331251 14 0.0003173025658028051
D 16 5.0720669988331251 15 0.00028906623391675255
D 16 5.0720669988331251 16 0.00026533614942482854
F 16 5.0720669988331251 0 0.39293736219406128
F 16 5.0720669988331251 1 0.038117390125989914
F 16 5.0720669988331251 2 0.01065470278263092
F 16 5.0720669988331251 3 0.0046336203813552856
F 16 5.0720669988331251 4 0.0025794112589210272
F 16 5.0720669988331251 5 0.0016704484587535262
F 16 5.0720669988331251 6 0.0011933482019230723
F 16 5.0720669988331251 7 0.00091127329505980015
F 16 5.0720669988331251 8 0.00072945118881762028
F 16 5.0720669988331251 9 0.00060441048117354512
F 16 5.0720669988331251 10 0.00051402609096840024
F 16 5.0720669988331251 11 0.00044608034659177065
F 16 5.0720669988331251 12 0.00039337007910944521
F 16 5.0720669988331251 13 0.00035141519038006663
F 16 5.0720669988331251 14 0.00031730261980555952
F 16 5.0720669988331251 15 0.00028906631632708013
F 16 5.0720669988331251 16 0.00026533618802204728
D 16 5.267146460326706 0 0.38569857999046914
D 16 5.267146460326706 1 0.036123950019766281
D 16 5.267146460326706 2 0.0097978613092988952
D 16 5.267146460326706 3 0.0041607916018124398
D 16 5.267146460326706 4 0.0022751628763321811
D 16 5.267146460326706 5 0.0014541229270119789
D 16 5.267146460326706 6 0.0010287394937231395
D 16 5.267146460326706 7 0.00077986291524953315
D 16 5.267146460326706 8 0.00062079484088713166
D 16 5.267146460326706 9 0.00051215618404686102
D 16 5.267146460326706 10 0.00043407360134420923
D 16 5.267146460326706 11 0.00037565279671142977
D 16 5.267146460326706 12 0.00033051153213417583
D 16 5.267146460326706 13 0.00029470219743560247
D 16 5.267146460326706 14 0.00026567044609769125
D 16 5.267146460326706 15 0.0002416995544744728
D 16 5.267146460326706 16 0.00022159789699073012
F 16 5.267146460326706 0 0.3856985867023468
F 16 5.267146460326706 1 0.036123950034379959
F 16 5.267146460326706 2 0.0097978608682751656
F 16 5.267146460326706 3 0.0041607911698520184
F 16 5.267146460326706 4 0.0022751626092940569
F 16 5.267146460326706 5 0.0014541228301823139
F 16 5.267146460326706 6 0.0010287394979968667
F 16 5.267146460326706 7 0.00077986286487430334
F 16 5.267146460326706 8 0.00062079483177512884
F 16 5.267146460326706 9 0.0005121561698615551
F 16 5.267146460326706 10 0.00043407356133684516
F 16 5.267146460326706 11 0.00037565277307294309
F 16 5.267146460326706 12 0.00033051148056983948
F 16 5.267146460326706 13 0.00029470215667970479
F 16 5.267146460326706 14 0.00026567041641101241
F 16 5.267146460326706 15 0.00024169954122044146
F 16 5.267146460326706 16 0.00022159787476994097
D 16 5.4622259218202878 0 0.37883295865990352
D 16 5.4622259218202878 1 0.034289030317425181
D 16 5.4622259218202878 2 0.0090277291869455475
D 16 5.4622259218202878 3 0.0037433958543625382
D 16 5.4622259218202878 4 0.0020101395569115605
D 16 5.4622259218202878 5 0.0012675379980922738
D 16 5.4622259218202878 6 0.00088780837022962768
D 16 5.4622259218202878 7 0.00066798872157350071
D 16 5.4622259218202878 8 0.0005286977062290137
D 16 5.4622259218202878 9 0.00043423348665263135
D 16 5.4622259218202878 10 0.00036673126594189494
D 16 5.4622259218202878 11 0.00031646973616639075
D 16 5.4622259218202878 12 0.00027779020706957978
D 16 5.4622259218202878 13 0.00024721212774178706
D 16 5.4622259218202878 14 0.00022249439072613672
D 16 5.4622259218202878 15 0.00020213729444768636
D 16 5.4622259218202878 16 0.00018510383539243767
F 16 5.4622259218202878 0 0.37883296608924866
F 16 5.4622259218202878 1 0.034289032220840454
F 16 5.4622259218202878 2 0.0090277297422289848
F 16 5.4622259218202878 3 0.0037433959078043699
F 16 5.4622259218202878 4 0.002010139636695385
F 16 5.4622259218202878 5 0.0012675380567088723
F 16 5.4622259218202878 6 0.00088780838996171951
F 16 5.4622259218202878 7 0.00066798873012885451
F 16 5.4622259218202878 8 0.00052869773935526609
F 16 5.4622259218202878 9 0.00043423351598903537
F 16 5.4622259218202878 10 0.00036673128488473594
F 16 5.4622259218202878 11 0.00031646975548937917
F 16 5.4622259218202878 12 0.00027779024094343185
F 16 5.4622259218202878 13 0.0002472121559549123
F 16 5.4622259218202878 14 0.00022249440371524543
F 16 5.4622259218202878 15 0.00020213730749674141
F 16 5.4622259218202878 16 0.00018510383961256593
D 16 5.6573053833138696 0 0.37231113929401999
D 16 5.6573053833138696 1 0.032596722353094174
D 16 5.6573053833138696 2 0.0083342021571336904
D 16 5.6573053833138696 3 0.0033743182131683717
D 16 5.6573053833138696 4 0.0017789665333094102
D 16 5.6573053833138696 5 0.0011064265008375825
D 16 5.6573053833138696 6 0.00076704166738866516
D 16 5.6573053833138696 7 0.00057267794790066319
D 16 5.6573053833138696 8 0.00045059045536251642
D 16 5.6573053833138696 9 0.00036838422692639762
D 16 5.6573053833138696 10 0.00030998739444232685
D 16 5.6573053833138696 11 0.00026671900117539665
D 16 5.6573053833138696 12 0.00023355849181334401
D 16 5.6573053833138696 13 0.00020743521300181688
D 16 5.6573053833138696 14 0.00018638176722291788
D 16 5.6573053833138696 15 0.00016908735863737544
D 16 5.6573053833138696 16 0.00015464911280855593
F 16 5.6573053833138696 0 0.37231117486953735
F 16 5.6573053833138696 1 0.032596725970506668
F 16 5.6573053833138696 2 0.0083342026919126511
F 16 5.6573053833138696 3 0.0033743183594197035
F 16 5.6573053833138696 4 0.0017789666308090091
F 16 5.6573053833138696 5 0.0011064265854656696
F 16 5.6573053833138696 6 0.00076704169623553753
F 16 5.6573053833138696 7 0.00057267799274995923
F 16 5.6573053833138696 8 0.00045059050898998976
F 16 5.6573053833138696 9 0.00036838426603935659
F 16 5.6573053833138696 10 0.00030998743022792041
F 16 5.6573053833138696 11 0.00026671905652619898
F 16 5.6573053833138696 12 0.00023355853045359254
F 16 5.6573053833138696 13 0.00020743523782584816
F 16 5.6573053833138696 14 0.00018638180335983634
F 16 5.6573053833138696 15 0.00016908737597987056
F 16 5.6573053833138696 16 0.00015464914031326771
D 16 5.8523848448074514 0 0.36610670111237842
D 16 5.8523848448074514 1 0.03103296105056547
D 16 5.8523848448074514 2 0.0077084681130487973
D 16 5.8523848448074514 3 0.0030474159067112464
D 16 5.8523848448074514 4 0.0015770384730112675
D 16 5.8523848448074514 5 0.00096715333394603402
D 16 5.8523848448074514 6 0.00066346008085717409
D 16 5.8523848448074514 7 0.00049141862462503841
D 16 5.8523848448074514 8 0.00038430829994431969
D 16 5.8523848448074514 9 0.0003127102854130561
D 16 5.8523848448074514 10 0.00026215434181936053
D 16 5.8523848448074514 11 0.00022488284855550221
D 16 5.8523848448074514 12 0.00019643840494330377
D 16 5.8523848448074514 13 0.00017411029425644115
D 16 5.8523848448074514 14 0.00015617041297496745
D 16 5.8523848448074514 15 0.0001414724758765131
D 16 5.8523848448074514 16 0.00012923001165876012
F 16 5.8523848448074514 0 0.36610668897628784
F 16 5.8523848448074514 1 0.031032958999276161
F 16 5.8523848448074514 2 0.0077084675431251526
F 16 5.8523848448074514 3 0.003047415753826499
F 16 5.8523848448074514 4 0.0015770383179187775
F 16 5.8523848448074514 5 0.00096715317340567708
F 16 5.8523848448074514 6 0.00066345999948680401
F 16 5.8523848448074514 7 0.00049141858471557498
F 16 5.8523848448074514 8 0.00038430825225077569
F 16 5.8523848448074514 9 0.00031271026819013059
F 16 5.8523848448074514 10 0.0002621543244458735
F 16 5.8523848448074514 11 0.00022488282411359251
F 16 5.8523848448074514 12 0.00019643837003968656
F 16 5.8523848448074514 13 0.00017411027511116117
F 16 5.8523848448074514 14 0.00015617038297932595
F 16 5.8523848448074514 15 0.00014147245383355767
F 16 5.8523848448074514 16 0.00012922998575959355
D 16 6.0474643063010332 0 0.36019580679630792
D 16 6.0474643063010332 1 0.029585288995795735
D 16 6.0474643063010332 2 0.0071428299699442402
D 16 6.0474643063010332 3 0.0027573789402953143
D 16 6.0474643063010332 4 0.0014004054687401918
D 16 6.0474643063010332 5 0.00084661936731362988
D 16 6.0474643063010332 6 0.00057453539860107558
D 16 6.0474643063010332 7 0.00042208697019821757
D 16 6.0474643063010332 8 0.00032802642091516007
D 16 6.0474643063010332 9 0.00026561551948751244
D 16 6.0474643063010332 10 0.00022181581613556228
D 16 6.0474643063010332 11 0.00018968972892483883
D 16 6.0474643063010332 12 0.00016527715213063884
D 16 6.0474643063010332 13 0.00014618361554169989
D 16 6.0474643063010332 14 0.00013089033109458482
D 16 6.0474643063010332 15 0.00011839434846220598
D 16 6.0474643063010332 16 0.00010801026076418408
F 16 6.0474643063010332 0 0.36019587516784668
F 16 6.0474643063010332 1 0.029585292562842369
F 16 6.0474643063010332 2 0.0071428306400775909
F 16 6.0474643063010332 3 0.0027573790866881609
F 16 6.0474643063010332 4 0.001400405541062355
F 16 6.0474643063010332 5 0.00084661936853080988
F 16 6.0474643063010332 6 0.00057453539920970798
F 16 6.0474643063010332 7 0.00042208694503642619
F 16 6.0474643063010332 8 0.00032802639179863036
F 16 6.0474643063010332 9 0.00026561549748294055
F 16 6.0474643063010332 10 0.00022181580425240099
F 16 6.0474643063010332 11 0.00018968971562571824
F 16 6.0474643063010332 12 0.00016527714615222067
F 16 6.0474643063010332 13 0.00014618359273299575
F 16 6.0474643063010332 14 0.00013089031563140452
F 16 6.0474643063010332 15 0.00011839433864224702
F 16 6.0474643063010332 16 0.00010801025200635195
D 16 6.242543767794615 0 0.35455690909158305
D 16 6.242543767794615 1 0.02824265398541374
D 16 6.242543767794615 2 0.0066305550420796295
D 16 6.242543767794615 3 0.0024996118990038615
D 16 6.242543767794615 4 0.0012456766043778106
D 16 6.242543767794615 5 0.00074218042658108377
D 16 6.242543767794615 6 0.00049812088448156027
D 16 6.242543767794615 7 0.00036288649470906167
D 16 6.242543767794615 8 0.00028020593082179855
D 16 6.242543767794615 9 0.00022575724596255643
D 16 6.242543767794615 10 0.00018778289061017903
D 16 6.242543767794615 11 0.0001600740764357748
D 16 6.242543767794615 12 0.00013911011090130432
D 16 6.242543767794615 13 0.00012277454377701769
D 16 6.242543767794615 14 0.00010973177654859833
D 16 6.242543767794615 15 9.9103804442524993e-05
D 16 6.242543767794615 16 9.0293006610510829e-05
F 16 6.242543767794615 0 0.35455691814422607
F 16 6.242543767794615 1 0.028242655098438263
F 16 6.242543767794615 2 0.0066305557265877724
F 16 6.242543767794615 3 0.0024996120482683182
F 16 6.242543767794615 4 0.0012456766562536359
F 16 6.242543767794615 5 0.00074218044755980372
F 16 6.242543767794615 6 0.00049812090583145618
F 16 6.242543767794615 7 0.00036288652336224914
F 16 6.242543767794615 8 0.00028020594618283212
F 16 6.242543767794615 9 0.00022575727780349553
F 16 6.242543767794615 10 0.00018778290541376919
F 16 6.242543767794615 11 0.00016007407975848764
F 16 6.242543767794615 12 0.00013911012501921505
F 16 6.242543767794615 13 0.00012277455243747681
F 16 6.242543767794615 14 0.00010973177995765582
F 16 6.242543767794615 15 9.910381049849093e-05
F 16 6.242543767794615 16 9.0293011453468353e-05
D 16 6.4376232292881967 0 0.3491704941797884
D 16 6.4376232292881967 1 0.02699523382423142
D 16 6.4376232292881967 2 0.006165745738708036
D 16 6.4376232292881967 3 0.002270133103988816
D 16 6.4376232292881967 4 0.0011099380728740386
D 16 6.4376232292881967 5 0.00065157876371112178
D 16 6.4376232292881967 6 0.00043239257072262327
D 16 6.4376232292881967 7 0.00031229677400113618
D 16 6.4376232292881967 8 0.00023954851148122599
D 16 6.4376232292881967 9 0.00019200558352209135
D 16 6.4376232292881967 10 0.00015905719611638633
D 16 6.4376232292881967 11 0.0001351427048896555
D 16 6.4376232292881967 12 0.00011712993078640314
D 16 6.4376232292881967 13 0.00010314697959543197
D 16 6.4376232292881967 14 9.2018662864222942e-05
D 16 6.4376232292881967 15 8.2975944622767916e-05
D 16 6.4376232292881967 16 7.5497490515777097e-05
F 16 6.4376232292881967 0 0.3491705060005188
F 16 6.4376232292881967 1 0.026995236054062843
F 16 6.4376232292881967 2 0.0061657465994358063
F 16 6.4376232292881967 3 0.0022701334673911333
F 16 6.4376232292881967 4 0.0011099382536485791
F 16 6.4376232292881967 5 0.0006515788845717907
F 16 6.4376232292881967 6 0.00043239264050498605
F 16 6.4376232292881967 7 0.00031229681917466223
F 16 6.4376232292881967 8 0.00023954854987096041
F 16 6.4376232292881967 9 0.00019200560927856714
F 16 6.4376232292881967 10 0.00015905720647424459
F 16 6.4376232292881967 11 0.00013514271995518357
F 16 6.4376232292881967 12 0.00011712994455592707
F 16 6.4376232292881967 13 0.00010314699466107413
F 16 6.4376232292881967 14 9.2018679424654692e-05
F 16 6.4376232292881967 15 8.2975959230680019e-05
F 16 6.4376232292881967 16 7.5497504440136254e-05
D 16 6.6327026907817785 0 0.34401885688768513
D 16 6.6327026907817785 1 0.025834284525771856
D 16 6.6327026907817785 2 0.0057432284559153597
D 16 6.6327026907817785 3 0.0020654885079494107
D 16 6.6327026907817785 4 0.00099068360649147967
D 16 6.6327026907817785 5 0.00057288505923220961
D 16 6.6327026907817785 6 0.00037579972850401608
D 16 6.6327026907817785 7 0.00026903034300370234
D 16 6.6327026907817785 8 0.00020495832250759787
D 16 6.6327026907817785 9 0.00016340937269620454
D 16 6.6327026907817785 10 0.00013480011497018509
D 16 6.6327026907817785 11 0.00011414671924096189
D 16 6.6327026907817785 12 9.8660734009235006e-05
D 16 6.6327026907817785 13 8.6685510656315167e-05
D 16 6.6327026907817785 14 7.7186399329834664e-05
D 16 6.6327026907817785 15 6.9489445922198267e-05
D 16 6.6327026907817785 16 6.313963944782342e-05
F 16 6.6327026907817785 0 0.34401890635490417
F 16 6.6327026907817785 1 0.025834286585450172
F 16 6.6327026907817785 2 0.0057432288303971291
F 16 6.6327026907817785 3 0.0020654886029660702
F 16 6.6327026907817785 4 0.00099068367853760719
F 16 6.6327026907817785 5 0.00057288503739982843
F 16 6.6327026907817785 6 0.00037579968920908868
F 16 6.6327026907817785 7 0.00026903033722192049
F 16 6.6327026907817785 8 0.00020495831267908216
F 16 6.6327026907817785 9 0.0001634093641769141
F 16 6.6327026907817785 10 0.0001348001096630469
F 16 6.6327026907817785 11 0.00011414671462262049
F 16 6.6327026907817785 12 9.8660726507660002e-05
F 16 6.6327026907817785 13 8.668550435686484e-05
F 16 6.6327026907817785 14 7.7186392445582896e-05
F 16 6.6327026907817785 15 6.9489440647885203e-05
F 16 6.6327026907817785 16 6.3139632402453572e-05
D 16 6.8277821522753603 0 0.33908590349784473
D 16 6.8277821522753603 1 0.024752008632014582
D 16 6.8277821522753603 2 0.0053584580107820072
D 16 6.8277821522753603 3 0.0018826781174299324
D 16 6.8277821522753603 4 0.00088575532989168375
D 16 6.8277821522753603 5 0.00050444931156411058
D 16 6.8277821522753603 6 0.00032702306334875703
D 16 6.8277821522753603 7 0.00023199640793335717
D 16 6.8277821522753603 8 0.00017551000522377237
D 16 6.8277821522753603 9 0.00013916760156119774
D 16 6.8277821522753603 10 0.00011430699151462211
D 16 6.8277821522753603 11 9.6458032480796824e-05
D 16 6.8277821522753603 12 8.3136570936500549e-05
D 16 6.8277821522753603 13 7.2875517601698558e-05
D 16 6.8277821522753603 14 6.4763417969921562e-05
D 16 6.8277821522753603 15 5.8209323820307419e-05
D 16 6.8277821522753603 16 5.2815911943974242e-05
F 16 6.8277821522753603 0 0.33908593654632568
F 16 6.8277821522753603 1 0.024752011522650719
F 16 6.8277821522753603 2 0.0053584584966301918
F 16 6.8277821522753603 3 0.0018826781306415796
F 16 6.8277821522753603 4 0.0008857553475536406
F 16 6.8277821522753603 5 0.00050444930093362927
F 16 6.8277821522753603 6 0.00032702306634746492
F 16 6.8277821522753603 7 0.00023199639690574259
F 16 6.8277821522753603 8 0.00017550999473314732
F 16 6.8277821522753603 9 0.00013916759053245187
F 16 6.8277821522753603 10 0.00011430698214098811
F 16 6.8277821522753603 11 9.6458032203372568e-05
F 16 6.8277821522753603 12 8.3136575995013118e-05
F 16 6.8277821522753603 13 7.2875518526416272e-05
F 16 6.8277821522753603 14 6.4763415139168501e-05
F 16 6.8277821522753603 15 5.8209319831803441e-05
F 16 6.8277821522753603 16 5.2815910748904571e-05
D 16 7.0228616137689421 0 0.33435697851655272
D 16 7.0228616137689421 1 0.023741440846352897
D 16 7.0228616137689421 2 0.0050074353619219388
D 16 7.0228616137689421 3 0.0017190930685970199
D 16 7.0228616137689421 4 0.00079329344128156851
D 16 7.0228616137689421 5 0.00044485922900477503
D 16 7.0228616137689421 6 0.00028493941454639683
D 16 7.0228616137689421 7 0.00020027028710568542
D 16 7.0228616137689421 8 0.00015042179791253691
D 16 7.0228616137689421 9 0.00011860544108756409
D 16 7.0228616137689421 10 9.698553736811422e-05
D 16 7.0228616137689421 11 8.1549728729350126e-05
D 16 7.0228616137689421 12 7.0083425332484944e-05
D 16 7.0228616137689421 13 6.128657482779304e-05
D 16 7.0228616137689421 14 5.4355773801410016e-05
D 16 7.0228616137689421 15 4.8772573930592951e-05
D 16 7.0228616137689421 16 4.418985167772166e-05
F 16 7.0228616137689421 0 0.33435696363449097
F 16 7.0228616137689421 1 0.02374144084751606
F 16 7.0228616137689421 2 0.005007435567677021
F 16 7.0228616137689421 3 0.0017190931830555201
F 16 7.0228616137689421 4 0.00079329346772283316
F 16 7.0228616137689421 5 0.00044485926628112793
F 16 7.0228616137689421 6 0.00028493942227214575
F 16 7.0228616137689421 7 0.00020027029677294195
F 16 7.0228616137689421 8 0.00015042180893942714
F 16 7.0228616137689421 9 0.00011860545055242255
F 16 7.0228616137689421 10 9.698554640635848e-05
F 16 7.0228616137689421 11 8.1549740571063012e-05
F 16 7.0228616137689421 12 7.0083442551549524e-05
F 16 7.0228616137689421 13 6.1286584241315722e-05
F 16 7.0228616137689421 14 5.435578350443393e-05
F 16 7.0228616137689421 15 4.8772581067169085e-05
F 16 7.0228616137689421 16 4.4189855543663725e-05
D 16 7.2179410752625239 0 0.32981871226167614
D 16 7.2179410752625239 1 0.02279634858009286
D 16 7.2179410752625239 2 0.0046866366972004763
D 16 7.2179410752625239 3 0.0015724617693703045
D 16 7.2179410752625239 4 0.00071169337497340899
D 16 7.2179410752625239 5 0.00039290495852294143
D 16 7.2179410752625239 6 0.00024859193287715128
D 16 7.2179410752625239 7 0.00017306766598572788
D 16 7.2179410752625239 8 0.00012903293842362126
D 16 7.2179410752625239 9 0.00010115414082830289
D 16 7.2179410752625239 10 8.2337744668271404e-05
D 16 7.2179410752625239 11 6.8979639102340214e-05
D 16 7.2179410752625239 12 5.9104181738988884e-05
D 16 7.2179410752625239 13 5.1558598120107584e-05
D 16 7.2179410752625239 14 4.5634305213026264e-05
D 16 7.2179410752625239 15 4.0876210255687975e-05
D 16 7.2179410752625239 16 3.698089352581365e-05
F 16 7.2179410752625239 0 0.3298187255859375
F 16 7.2179410752625239 1 0.022796347737312317
F 16 7.2179410752625239 2 0.0046866363845765591
F 16 7.2179410752625239 3 0.0015724616823717952
F 16 7.2179410752625239 4 0.00071169331204146147
F 16 7.2179410752625239 5 0.0003929049416910857
F 16 7.2179410752625239 6 0.00024859191034920514
F 16 7.2179410752625239 7 0.00017306763038504869
F 16 7.2179410752625239 8 0.00012903290917165577
F 16 7.2179410752625239 9 0.00010115411714650691
F 16 7.2179410752625239 10 8.2337726780679077e-05
F 16 7.2179410752625239 11 6.8979628849774599e-05
F 16 7.2179410752625239 12 5.9104171668877825e-05
F 16 7.2179410752625239 13 5.1558585255406797e-05
F 16 7.2179410752625239 14 4.5634296839125454e-05
F 16 7.2179410752625239 15 4.0876202547224239e-05
F 16 7.2179410752625239 16 3.6980887671234086e-05
D 16 7.4130205367561048 0 0.32545888656668326
D 16 7.4130205367561048 1 0.021911145358618329
D 16 7.4130205367561048 2 0.004392952254806788
D 16 7.4130205367561048 3 0.001440803762515279
D 16 7.4130205367561048 4 0.00063956930771197221
D 16 7.4130205367561048 5 0.0003475491691778782
D 16 7.4130205367561048 6 0.00021716487448543456
D 16 7.4130205367561048 7 0.0001497228994033339
D 16 7.4130205367561048 8 0.00011078466401074294
D 16 7.4130205367561048 9 8.633415823715392e-05
D 16 7.4130205367561048 10 6.9944733678576016e-05
D 16 7.4130205367561048 11 5.8376601740627837e-05
D 16 7.4130205367561048 12 4.9866065003947585e-05
D 16 7.4130205367561048 13 4.3390282665311028e-05
D 16 7.4130205367561048 14 3.8323927273277977e-05
D 16 7.4130205367561048 15 3.4267298754570618e-05
D 16 7.4130205367561048 16 3.0955043696738181e-05
F 16 7.4130205367561048 0 0.32545897364616394
F 16 7.4130205367561048 1 0.021911149844527245
F 16 7.4130205367561048 2 0.0043929526582360268
F 16 7.4130205367561048 3 0.0014408037532120943
F 16 7.4130205367561048 4 0.00063956930534914136
F 16 7.4130205367561048 5 0.00034754915395751595
F 16 7.4130205367561048 6 0.00021716486662626266
F 16 7.4130205367561048 7 0.00014972289500292391
F 16 7.4130205367561048 8 0.00011078465468017384
F 16 7.4130205367561048 9 8.6334148363675922e-05
F 16 7.4130205367561048 10 6.9944726419635117e-05
F 16 7.4130205367561048 11 5.8376594097353518e-05
F 16 7.4130205367561048 12 4.9866059271153063e-05
F 16 7.4130205367561048 13 4.3390278733568266e-05
F 16 7.4130205367561048 14 3.8323923945426941e-05
F 16 7.4130205367561048 15 3.4267297451151535e-05
F 16 7.4130205367561048 16 3.0955041438573971e-05
D 16 7.6080999982496866 0 0.32126631626818214
D 16 7.6080999982496866 1 0.021080815327822151
D 16 7.6080999982496866 2 0.0041236334858329275
D 16 7.6080999982496866 3 0.0013223901685718545
D 16 7.6080999982496866 4 0.0005757230472291108
D 16 7.6080999982496866 5 0.00030790166239725214
D 16 7.6080999982496866 6 0.00018996228600202304
D 16 7.6080999982496866 7 0.0001296707172427709
D 16 7.6080999982496866 8 9.5204230241720036e-05
D 16 7.6080999982496866 9 7.3740997331567858e-05
D 16 7.6080999982496866 10 5.945405546306819e-05
D 16 7.6080999982496866 11 4.942896479585487e-05
D 16 7.6080999982496866 12 4.2090143378847964e-05
D 16 7.6080999982496866 13 3.6529451100031382e-05
D 16 7.6080999982496866 14 3.2194702293790272e-05
D 16 7.6080999982496866 15 2.873465226861698e-05
D 16 7.6080999982496866 16 2.5917119231284747e-05
F 16 7.6080999982496866 0 0.32126638293266296
F 16 7.6080999982496866 1 0.021080819889903069
F 16 7.6080999982496866 2 0.0041236341930925846
F 16 7.6080999982496866 3 0.0013223903952166438
F 16 7.6080999982496866 4 0.00057572312653064728
F 16 7.6080999982496866 5 0.00030790173332206905
F 16 7.6080999982496866 6 0.00018996231665369123
F 16 7.6080999982496866 7 0.00012967073416803032
F 16 7.6080999982496866 8 9.5204231911338866e-05
F 16 7.6080999982496866 9 7.3741000960581005e-05
F 16 7.6080999982496866 10 5.9454057918628678e-05
F 16 7.6080999982496866 11 4.9428967031417415e-05
F 16 7.6080999982496866 12 4.2090145143447444e-05
F 16 7.6080999982496866 13 3.6529454519040883e-05
F 16 7.6080999982496866 14 3.2194704544963315e-05
F 16 7.6080999982496866 15 2.8734655643347651e-05
F 16 7.6080999982496866 16 2.5917121092788875e-05
D 16 7.8031794597432684 0 0.3172307444624391
D 16 7.8031794597432684 1 0.020300847352352779
D 16 7.8031794597432684 2 0.0038762473718075259
D 16 7.8031794597432684 3 0.0012157097401773809
D 16 7.8031794597432684 4 0.00051911748993624428
D 16 7.8031794597432684 5 0.00027319781119405245
D 16 7.8031794597432684 6 0.00016638997120452701
D 16 7.8031794597432684 7 0.00011243079329376856
D 16 7.8031794597432684 8 8.1891464504064952e-05
D 16 7.8031794597432684 9 6.3033318003926202e-05
D 16 7.8031794597432684 10 5.0569049080082537e-05
D 16 7.8031794597432684 11 4.1874964054045692e-05
D 16 7.8031794597432684 12 3.55425544286791e-05
D 16 7.8031794597432684 13 3.0764994658925549e-05
D 16 7.8031794597432684 14 2.7054391485902217e-05
D 16 7.8031794597432684 15 2.410190891533338e-05
D 16 7.8031794597432684 16 2.1704285170495102e-05
F 16 7.8031794597432684 0 0.31723076105117798
F 16 7.8031794597432684 1 0.020300848409533501
F 16 7.8031794597432684 2 0.0038762479089200497
F 16 7.8031794597432684 3 0.0012157099554315209
F 16 7.8031794597432684 4 0.00051911757327616215
F 16 7.8031794597432684 5 0.00027319786022417247
F 16 7.8031794597432684 6 0.00016639000386931002
F 16 7.8031794597432684 7 0.00011243081826251
F 16 7.8031794597432684 8 8.1891485024243593e-05
F 16 7.8031794597432684 9 6.3033330661710352e-05
F 16 7.8031794597432684 10 5.0569058657856658e-05
F 16 7.8031794597432684 11 4.187496961094439e-05
F 16 7.8031794597432684 12 3.5542561818147078e-05
F 16 7.8031794597432684 13 3.0765000701649114e-05
F 16 7.8031794597432684 14 2.705439692363143e-05
F 16 7.8031794597432684 15 2.410191336821299e-05
F 16 7.8031794597432684 16 2.1704288883483969e-05
D 16 7.9982589212368502 0 0.31334274978917992
D 16 7.9982589212368502 1 0.019567177411235166
D 16 7.9982589212368502 2 0.0036486368849116772
D 16 7.9982589212368502 3 0.0011194397054028495
D 16 7.9982589212368502 4 0.00046885395985354927
D 16 7.9982589212368502 5 0.00024278023963827741
D 16 7.9982589212368502 6 0.00014594022621062139
D 16 7.9982589212368502 7 9.759472358944711e-05
D 16 7.9982589212368502 8 7.0507448023393945e-05
D 16 7.9982589212368502 9 5.3922948818222907e-05
D 16 7.9982589212368502 10 4.3039918488383284e-05
D 16 7.9982589212368502 11 3.5494667673252036e-05
D 16 7.9982589212368502 12 3.0027169519433388e-05
D 16 7.9982589212368502 13 2.5920143281227871e-05
D 16 7.9982589212368502 14 2.2742241071929238e-05
D 16 7.9982589212368502 15 2.0221762683804633e-05
D 16 7.9982589212368502 16 1.8180671728289829e-05
F 16 7.9982589212368502 0 0.31334272027015686
F 16 7.9982589212368502 1 0.019567174836993217
F 16 7.9982589212368502 2 0.0036486363969743252
F 16 7.9982589212368502 3 0.0011194396065548062
F 16 7.9982589212368502 4 0.00046885391930118203
F 16 7.9982589212368502 5 0.00024278021010104567
F 16 7.9982589212368502 6 0.00014594019739888608
F 16 7.9982589212368502 7 9.7594704129733145e-05
F 16 7.9982589212368502 8 7.0507434429600835e-05
F 16 7.9982589212368502 9 5.3922940423944965e-05
F 16 7.9982589212368502 10 4.3039912270614877e-05
F 16 7.9982589212368502 11 3.5494660551194102e-05
F 16 7.9982589212368502 12 3.0027164029888809e-05
F 16 7.9982589212368502 13 2.5920138796209358e-05
F 16 7.9982589212368502 14 2.2742238797945902e-05
F 16 7.9982589212368502 15 2.0221759768901393e-05
F 16 7.9982589212368502 16 1.8180669940193184e-05
D 16 8.1933383827304311 0 0.30959366423520912
D 16 8.1933383827304311 1 0.018876138179067043
D 16 8.1933383827304311 2 0.0034388867266433656
D 16 8.1933383827304311 3 0.0010324207013232372
D 16 8.1933383827304311 4 0.00042415284649112043
D 16 8.1933383827304311 5 0.000216083245824491
D 16 8.1933383827304311 6 0.00012817891140893563
D 16 8.1933383827304311 7 8.4815033184951308e-05
D 16 8.1933383827304311 8 6.0764985931162703e-05
D 16 8.1933383827304311 9 4.6166495928069279e-05
D 16 8.1933383827304311 10 3.665624925469098e-05
D 16 8.1933383827304311 11 3.0103231225364789e-05
D 16 8.1933383827304311 12 2.5379459757053689e-05
D 16 8.1933383827304311 13 2.1846844505921042e-05
D 16 8.1933383827304311 14 1.9123797429010014e-05
D 16 8.1933383827304311 15 1.6971153746373387e-05
D 16 8.1933383827304311 16 1.5232890417486994e-05
F 16 8.1933383827304311 0 0.30959367752075195
F 16 8.1933383827304311 1 0.01887613907456398
F 16 8.1933383827304311 2 0.003438886720687151
F 16 8.1933383827304311 3 0.0010324206668883562
F 16 8.1933383827304311 4 0.00042415285133756697
F 16 8.1933383827304311 5 0.00021608326642308384
F 16 8.1933383827304311 6 0.00012817891547456384
F 16 8.1933383827304311 7 8.4815037553198636e-05
F 16 8.1933383827304311 8 6.0764985391870141e-05
F 16 8.1933383827304311 9 4.6166493120836094e-05
F 16 8.1933383827304311 10 3.6656245356425643e-05
F 16 8.1933383827304311 11 3.0103230528766289e-05
F 16 8.1933383827304311 12 2.5379460566909984e-05
F 16 8.1933383827304311 13 2.1846844902029261e-05
F 16 8.1933383827304311 14 1.9123797756037675e-05
F 16 8.1933383827304311 15 1.6971152945188805e-05
F 16 8.1933383827304311 16 1.5232890291372314e-05
D 16 8.388417844224012 0 0.30597550015166186
D 16 8.388417844224012 1 0.018224414836980937
D 16 8.388417844224012 2 0.0032452936065240244
D 16 8.388417844224012 3 0.00095363520369446883
D 16 8.388417844224012 4 0.00038433704854025466
D 16 8.388417844224012 5 0.00019261954896351944
D 16 8.388417844224012 6 0.00011273449655244956
D 16 8.388417844224012 7 7.3795891230905679e-05
D 16 8.388417844224012 8 5.2420579856473726e-05
D 16 8.388417844224012 9 3.9558290750780409e-05
D 16 8.388417844224012 10 3.1240730998358815e-05
D 16 8.388417844224012 11 2.554524854423388e-05
D 16 8.388417844224012 12 2.1461365521207509e-05
D 16 8.388417844224012 13 1.8421067610778967e-05
D 16 8.388417844224012 14 1.608658015042173e-05
D 16 8.388417844224012 15 1.4247258260296186e-05
D 16 8.388417844224012 16 1.2766298515893587e-05
F 16 8.388417844224012 0 0.30597549676895142
F 16 8.388417844224012 1 0.018224414438009262
F 16 8.388417844224012 2 0.0032452933955937624
F 16 8.388417844224012 3 0.00095363514265045524
F 16 8.388417844224012 4 0.00038433700683526695
F 16 8.388417844224012 5 0.00019261952547822148
F 16 8.388417844224012 6 0.00011273447307758033
F 16 8.388417844224012 7 7.3795876232907176e-05
F 16 8.388417844224012 8 5.2420567953959107e-05
F 16 8.388417844224012 9 3.9558279240736738e-05
F 16 8.388417844224012 10 3.1240721000358462e-05
F 16 8.388417844224012 11 2.5545239623170346e-05
F 16 8.388417844224012 12 2.1461357391672209e-05
F 16 8.388417844224012 13 1.842106030380819e-05
F 16 8.388417844224012 14 1.6086574760265648e-05
F 16 8.388417844224012 15 1.4247253602661658e-05
F 16 8.388417844224012 16 1.2766294275934342e-05
D 16 8.5834973057175947 0 0.30248088535181172
D 16 8.5834973057175947 1 0.017609006290890943
D 16 8.5834973057175947 2 0.0030663404294570058
D 16 8.5834973057175947 3 0.00088218894726270166
D 16 8.5834973057175947 4 0.00034881780550519712
D 16 8.5834973057175947 5 0.00017196900639915915
D 16 8.5834973057175947 6 9.9288772764967226e-05
D 16 8.5834973057175947 7 6.4285265275898347e-05
D 16 8.5834973057175947 8 4.526766352348509e-05
D 16 8.5834973057175947 9 3.3924460846091745e-05
D 16 8.5834973057175947 10 2.6643889805412988e-05
D 16 8.5834973057175947 11 2.1690019189910959e-05
D 16 8.5834973057175947 12 1.8157004476588922e-05
D 16 8.5834973057175947 13 1.5538879960880722e-05
D 16 8.5834973057175947 14 1.3536470468187946e-05
D 16 8.5834973057175947 15 1.1964144270313496e-05
D 16 8.5834973057175947 16 1.0701886566609324e-05
F 16 8.5834973057175947 0 0.30248090624809265
F 16 8.5834973057175947 1 0.017609009519219398
F 16 8.5834973057175947 2 0.0030663411598652601
F 16 8.5834973057175947 3 0.00088218919700011611
F 16 8.5834973057175947 4 0.0003488179063424468
F 16 8.5834973057175947 5 0.00017196904809679836
F 16 8.5834973057175947 6 9.9288794444873929e-05
F 16 8.5834973057175947 7 6.4285275584552437e-05
F 16 8.5834973057175947 8 4.5267672248883173e-05
F 16 8.5834973057175947 9 3.392446888028644e-05
F 16 8.5834973057175947 10 2.6643896489986219e-05
F 16 8.5834973057175947 11 2.1690024368581362e-05
F 16 8.5834973057175947 12 1.8157008526031859e-05
F 16 8.5834973057175947 13 1.5538884326815605e-05
F 16 8.5834973057175947 14 1.3536473488784395e-05
F 16 8.5834973057175947 15 1.1964147233811673e-05
F 16 8.5834973057175947 16 1.0701888641051482e-05
D 16 8.7785767672111756 0 0.29910300530540102
D 16 8.7785767672111756 1 0.017027191088592665
D 16 8.7785767672111756 2 0.0029006738514246321
D 16 8.7785767672111756 3 0.0008172949063729733
D 16 8.7785767672111756 4 0.00031708256299431225
D 16 8.7785767672111756 5 0.00015376900125776044
D 16 8.7785767672111756 6 8.756897339819397e-05
D 16 8.7785767672111756 7 5.6068288587611455e-05
D 16 8.7785767672111756 8 3.9130900372641129e-05
D 16 8.7785767672111756 9 2.9117943424090032e-05
D 16 8.7785767672111756 10 2.2739666839697624e-05
D 16 8.7785767672111756 11 1.842758280650691e-05
D 16 8.7785767672111756 12 1.5369080243508281e-05
D 16 8.7785767672111756 13 1.3113167952014212e-05
D 16 8.7785767672111756 14 1.1394696257603758e-05
D 16 8.7785767672111756 15 1.0049982651973634e-05
D 16 8.7785767672111756 16 8.9736846505762214e-06
F 16 8.7785767672111756 0 0.29910293221473694
F 16 8.7785767672111756 1 0.017027188092470169
F 16 8.7785767672111756 2 0.002900673309341073
F 16 8.7785767672111756 3 0.00081729475641623139
F 16 8.7785767672111756 4 0.00031708250753581524
F 16 8.7785767672111756 5 0.00015376898227259517
F 16 8.7785767672111756 6 8.756896568229422e-05
F 16 8.7785767672111756 7 5.6068285630317405e-05
F 16 8.7785767672111756 8 3.9130896766437218e-05
F 16 8.7785767672111756 9 2.9117940357537009e-05
F 16 8.7785767672111756 10 2.2739664927939884e-05
F 16 8.7785767672111756 11 1.8427581380819902e-05
F 16 8.7785767672111756 12 1.5369078028015792e-05
F 16 8.7785767672111756 13 1.3113166460243519e-05
F 16 8.7785767672111756 14 1.1394695320632309e-05
F 16 8.7785767672111756 15 1.0049981938209385e-05
F 16 8.7785767672111756 16 8.9736840891418979e-06
D 16 8.9736562287047583 0 0.29583555157388425
D 16 8.9736562287047583 1 0.016476497424921285
D 16 8.9736562287047583 2 0.0027470847407735743
D 16 8.9736562287047583 3 0.000758259469268383
D 16 8.9736562287047583 4 0.00028868457113315454
D 16 8.9736562287047583 5 0.00013770624771506447
D 16 8.9736562287047583 6 7.734108619555211e-05
D 16 8.9736562287047583 7 4.8961650247566832e-05
D 16 8.9736562287047583 8 3.3861374511475251e-05
D 16 8.9736562287047583 9 2.5014290169726325e-05
D 16 8.9736562287047583 10 1.942170611523516e-05
D 16 8.9736562287047583 11 1.5665395248923288e-05
D 16 8.9736562287047583 12 1.3015876675735963e-05
D 16 8.9736562287047583 13 1.1070896115851344e-05
D 16 8.9736562287047583 14 9.5953146421204725e-06
D 16 8.9736562287047583 15 8.4447206155498105e-06
D 16 8.9736562287047583 16 7.5266006698168369e-06
F 16 8.9736562287047583 0 0.29583555459976196
F 16 8.9736562287047583 1 0.016476497054100037
F 16 8.9736562287047583 2 0.0027470844797790051
F 16 8.9736562287047583 3 0.00075825938256457448
F 16 8.9736562287047583 4 0.00028868450317531824
F 16 8.9736562287047583 5 0.00013770621444564313
F 16 8.9736562287047583 6 7.7341064752545208e-05
F 16 8.9736562287047583 7 4.8961639549816027e-05
F 16 8.9736562287047583 8 3.3861364499898627e-05
F 16 8.9736562287047583 9 2.5014282073243521e-05
F 16 8.9736562287047583 10 1.9421700926613994e-05
F 16 8.9736562287047583 11 1.5665391401853412e-05
F 16 8.9736562287047583 12 1.301587326452136e-05
F 16 8.9736562287047583 13 1.1070892469433602e-05
F 16 8.9736562287047583 14 9.5953109848778695e-06
F 16 8.9736562287047583 15 8.4447174231172539e-06
F 16 8.9736562287047583 16 7.526597983087413e-06
D 16 9.1687356901983392 0 0.29267267574176531
D 16 9.1687356901983392 1 0.015954676707827128
D 16 9.1687356901983392 2 0.0026044911484379564
D 16 9.1687356901983392 3 0.00070447049354339388
D 16 9.1687356901983392 4 0.00026323396100621285
D 16 9.1687356901983392 5 0.00012350979988294593
D 16 9.1687356901983392 6 6.8404173301095402e-05
D 16 9.1687356901983392 7 4.2808847966332047e-05
D 16 9.1687356901983392 8 2.933253335932249e-05
D 16 9.1687356901983392 9 2.1508136559451675e-05
D 16 9.1687356901983392 10 1.660023673989904e-05
D 16 9.1687356901983392 11 1.3325541889882974e-05
D 16 9.1687356901983392 12 1.1028741682434724e-05
D 16 9.1687356901983392 13 9.3508156059238022e-06
D 16 9.1687356901983392 14 8.0831097036925569e-06
D 16 9.1687356901983392 15 7.0981407525116878e-06
D 16 9.1687356901983392 16 6.3146184346755734e-06
F 16 9.1687356901983392 0 0.29267272353172302
F 16 9.1687356901983392 1 0.015954678878188133
F 16 9.1687356901983392 2 0.0026044915430247784
F 16 9.1687356901983392 3 0.00070447055622935295
F 16 9.1687356901983392 4 0.00026323398924432695
F 16 9.1687356901983392 5 0.00012350980250630528
F 16 9.1687356901983392 6 6.8404173362068832e-05
F 16 9.1687356901983392 7 4.2808849684661254e-05
F 16 9.1687356901983392 8 2.9332535632420331e-05
F 16 9.1687356901983392 9 2.1508138161152601e-05
F 16 9.1687356901983392 10 1.6600239177932963e-05
F 16 9.1687356901983392 11 1.3325543477549218e-05
F 16 9.1687356901983392 12 1.1028742846974637e-05
F 16 9.1687356901983392 13 9.3508169811684638e-06
F 16 9.1687356901983392 14 8.0831105151446536e-06
F 16 9.1687356901983392 15 7.0981418502924498e-06
F 16 9.1687356901983392 16 6.3146194406726863e-06
D 16 9.3638151516919219 0 0.28960894819486427
D 16 9.3638151516919219 1 0.015459680229962584
D 16 9.3638151516919219 2 0.0024719234468191247
D 16 9.3638151516919219 3 0.00065538697612399076
D 16 9.3638151516919219 4 0.0002403900824794488
D 16 9.3638151516919219 5 0.00011094508323067172
D 16 9.3638151516919219 6 6.0585544330160553e-05
D 16 9.3638151516919219 7 3.7476168918840983e-05
D 16 9.3638151516919219 8 2.543676303262307e-05
D 16 9.3638151516919219 9 1.8510229342742179e-05
D 16 9.3638151516919219 10 1.4199453620738324e-05
D 16 9.3638151516919219 11 1.1342400666904181e-05
D 16 9.3638151516919219 12 9.3499803717445397e-06
D 16 9.3638151516919219 13 7.9015479963851549e-06
D 16 9.3638151516919219 14 6.811836534731254e-06
D 16 9.3638151516919219 15 5.9682414754920589e-06
D 16 9.3638151516919219 16 5.2992954548794608e-06
F 16 9.3638151516919219 0 0.28960892558097839
F 16 9.3638151516919219 1 0.015459679067134857
F 16 9.3638151516919219 2 0.0024719233624637127
F 16 9.3638151516919219 3 0.00065538700437173247
F 16 9.3638151516919219 4 0.00024039008712861687
F 16 9.3638151516919219 5 0.00011094508226960897
F 16 9.3638151516919219 6 6.0585542087210342e-05
F 16 9.3638151516919219 7 3.7476165744010359e-05
F 16 9.3638151516919219 8 2.5436760552111082e-05
F 16 9.3638151516919219 9 1.8510227164370008e-05
F 16 9.3638151516919219 10 1.4199452380125877e-05
F 16 9.3638151516919219 11 1.1342399375280365e-05
F 16 9.3638151516919219 12 9.3499784270534292e-06
F 16 9.3638151516919219 13 7.9015462688403204e-06
F 16 9.3638151516919219 14 6.8118356466584373e-06
F 16 9.3638151516919219 15 5.968240657239221e-06
F 16 9.3638151516919219 16 5.2992945711594075e-06
D 16 9.5588946131855028 0 0.28663932117903457
D 16 9.5588946131855028 1 0.014989638551940288
D 16 9.5588946131855028 2 0.002348511345147233
D 16 9.5588946131855028 3 0.00061053011014897325
D 16 9.5588946131855028 4 0.00021985491929631687
D 16 9.5588946131855028 5 9.9808795228256513e-05
D 16 9.5588946131855028 6 5.3736651858192494e-05
D 16 9.5588946131855028 7 3.284928519534121e-05
D 16 9.5588946131855028 8 2.208249653640709e-05
D 16 9.5588946131855028 9 1.5944923021926471e-05
D 16 9.5588946131855028 10 1.2155316240281349e-05
D 16 9.5588946131855028 11 9.660681750593149e-06
D 16 9.5588946131855028 12 7.9310905101658912e-06
D 16 9.5588946131855028 13 6.6799825904017072e-06
D 16 9.5588946131855028 14 5.7427543052093205e-06
D 16 9.5588946131855028 15 5.019885414557832e-06
D 16 9.5588946131855028 16 4.4485104051132375e-06
F 16 9.5588946131855028 0 0.28663936257362366
F 16 9.5588946131855028 1 0.014989641495049
F 16 9.5588946131855028 2 0.0023485119454562664
F 16 9.5588946131855028 3 0.00061053026001900434
F 16 9.5588946131855028 4 0.00021985496277920902
F 16 9.5588946131855028 5 9.9808821687474847e-05
F 16 9.5588946131855028 6 5.3736668633064255e-05
F 16 9.5588946131855028 7 3.2849296985659748e-05
F 16 9.5588946131855028 8 2.2082504074205644e-05
F 16 9.5588946131855028 9 1.5944928236422129e-05
F 16 9.5588946131855028 10 1.2155320291640237e-05
F 16 9.5588946131855028 11 9.6606854640413076e-06
F 16 9.5588946131855028 12 7.9310939327115193e-06
F 16 9.5588946131855028 13 6.679985744995065e-06
F 16 9.5588946131855028 14 5.7427569117862731e-06
F 16 9.5588946131855028 15 5.0198873395856936e-06
F 16 9.5588946131855028 16 4.4485122998594306e-06
D 16 9.7539740746790855 0 0.28375909564439039
D 16 9.7539740746790855 1 0.014542843256307206
D 16 9.7539740746790855 2 0.0022334725302337261
D 16 9.7539740746790855 3 0.00056947553428000311
D 16 9.7539740746790855 4 0.00020136742489665569
D 16 9.7539740746790855 5 8.9924545345960964e-05
D 16 9.7539740746790855 6 4.7729599011155765e-05
D 16 9.7539740746790855 7 2.8830368357178669e-05
D 16 9.7539740746790855 8 1.9191770779015056e-05
D 16 9.7539740746790855 9 1.3748070534306443e-05
D 16 9.7539740746790855 10 1.0413698175234242e-05
D 16 9.7539740746790855 11 8.2337826789290875e-06
D 16 9.7539740746790855 12 6.7312843208168126e-06
D 16 9.7539740746790855 13 5.6499356605968627e-06
D 16 9.7539740746790855 14 4.843400546609354e-06
D 16 9.7539740746790855 15 4.2236712500230397e-06
D 16 9.7539740746790855 16 3.7354186143264239e-06
F 16 9.7539740746790855 0 0.28375902771949768
F 16 9.7539740746790855 1 0.014542840421199799
F 16 9.7539740746790855 2 0.0022334721870720387
F 16 9.7539740746790855 3 0.00056947546545416117
F 16 9.7539740746790855 4 0.00020136742386966944
F 16 9.7539740746790855 5 8.992454968392849e-05
F 16 9.7539740746790855 6 4.7729601647006348e-05
F 16 9.7539740746790855 7 2.883036904677283e-05
F 16 9.7539740746790855 8 1.919177157105878e-05
F 16 9.7539740746790855 9 1.3748071978625376e-05
F 16 9.7539740746790855 10 1.04136997833848e-05
F 16 9.7539740746790855 11 8.2337837739032693e-06
F 16 9.7539740746790855 12 6.7312848841538653e-06
F 16 9.7539740746790855 13 5.6499361562600825e-06
F 16 9.7539740746790855 14 4.8434012569487095e-06
F 16 9.7539740746790855 15 4.2236720219079871e-06
F 16 9.7539740746790855 16 3.7354188862082083e-06
D 16 9.9490535361726664 0 0.28096389144207429
D 16 9.9490535361726664 1 0.01411773077674789
D 16 9.9490535361726664 2 0.0021261027166368323
D 16 9.9490535361726664 3 0.00053184660816769404
D 16 9.9490535361726664 4 0.00018469864575620593
D 16 9.9490535361726664 5 8.1139124346658929e-05
D 16 9.9490535361726664 6 4.2454165963736938e-05
D 16 9.9490535361726664 7 2.5335642626505771e-05
D 16 9.9490535361726664 8 1.6698161809556088e-05
D 16 9.9490535361726664 9 1.1865245377581219e-05
D 16 9.9490535361726664 10 8.9288309550447205e-06
D 16 9.9490535361726664 11 7.0224077972949311e-06
D 16 9.9490535361726664 12 5.7162498485181309e-06
D 16 9.9490535361726664 13 4.7810285705759008e-06
D 16 9.9490535361726664 14 4.0865667930227455e-06
D 16 9.9490535361726664 15 3.5549918864533539e-06
D 16 9.9490535361726664 16 3.1375808991967311e-06
F 16 9.9490535361726664 0 0.28096392750740051
F 16 9.9490535361726664 1 0.014117731712758541
F 16 9.9490535361726664 2 0.002126102801412344
F 16 9.9490535361726664 3 0.00053184659918770194
F 16 9.9490535361726664 4 0.00018469864153303206
F 16 9.9490535361726664 5 8.113912190310657e-05
F 16 9.9490535361726664 6 4.2454161302885041e-05
F 16 9.9490535361726664 7 2.5335637474199757e-05
F 16 9.9490535361726664 8 1.6698159015504643e-05
F 16 9.9490535361726664 9 1.1865243322972674e-05
F 16 9.9490535361726664 10 8.9288296294398606e-06
F 16 9.9490535361726664 11 7.0224064074864145e-06
F 16 9.9490535361726664 12 5.7162483244610485e-06
F 16 9.9490535361726664 13 4.7810276555537712e-06
F 16 9.9490535361726664 14 4.086566150363069e-06
F 16 9.9490535361726664 15 3.5549910535337403e-06
F 16 9.9490535361726664 16 3.1375802791444585e-06
D 16 10.144132997666249 0 0.27824962049432417
D 16 10.144132997666249 1 0.013712868046157361
D 16 10.144132997666249 2 0.002025766920294676
D 16 10.144132997666249 3 0.00049730857180236069
D 16 10.144132997666249 4 0.00016964751883774489
D 16 10.144132997666249 5 7.3319309540487393e-05
D 16 10.144132997666249 6 3.7815276580743188e-05
D 16 10.144132997666249 7 2.2293308884334405e-05
D 16 10.144132997666249 8 1.4545038907944583e-05
D 16 10.144132997666249 9 1.025024250444691e-05
D 16 10.144132997666249 10 7.6619949990836003e-06
D 16 10.144132997666249 11 5.9934091962592564e-06
D 16 10.144132997666249 12 4.8571128034528742e-06
D 16 10.144132997666249 13 4.0477488375319446e-06
D 16 10.144132997666249 14 3.4494423348593196e-06
D 16 10.144132997666249 15 2.9932480546496883e-06
D 16 10.144132997666249 16 2.6362368631340466e-06
F 16 10.144132997666249 0 0.278249591588974
F 16 10.144132997666249 1 0.0137128671631217
F 16 10.144132997666249 2 0.0020257667638361454
F 16 10.144132997666249 3 0.00049730855971574783
F 16 10.144132997666249 4 0.00016964752285275608
F 16 10.144132997666249 5 7.331931556109339e-05
F 16 10.144132997666249 6 3.781528357649222e-05
F 16 10.144132997666249 7 2.2293314032140188e-05
F 16 10.144132997666249 8 1.4545043086400256e-05
F 16 10.144132997666249 9 1.0250246305076871e-05
F 16 10.144132997666249 10 7.6619980973191559e-06
F 16 10.144132997666249 11 5.9934113778581377e-06
F 16 10.144132997666249 12 4.8571146180620417e-06
F 16 10.144132997666249 13 4.0477502807334531e-06
F 16 10.144132997666249 14 3.4494437386456411e-06
F 16 10.144132997666249 15 2.9932491543149808e-06
F 16 10.144132997666249 16 2.6362376956967637e-06
D 16 10.33921245915983 0 0.27561246260524169
D 16 10.33921245915983 1 0.013326939740926002
D 16 10.33921245915983 2 0.0019318917953878348
D 16 10.33921245915983 3 0.00046556346691944191
D 16 10.33921245915983 4 0.00015603724653344596
D 16 10.33921245915983 5 6.6349126816357462e-05
D 16 10.33921245915983 6 3.3730838601207882e-05
D 16 10.33921245915983 7 1.964178228695627e-05
D 16 10.33921245915983 8 1.2684087584402022e-05
D 16 10.33921245915983 9 8.8638137636661133e-06
D 16 10.33921245915983 10 6.580418020920388e-06
D 16 10.33921245915983 11 5.1188133198992828e-06
D 16 10.33921245915983 12 4.1295662102936573e-06
D 16 10.33921245915983 13 3.4286641272001927e-06
D 16 10.33921245915983 14 2.9128983536916125e-06
D 16 10.33921245915983 15 2.5211915767323816e-06
D 16 10.33921245915983 16 2.2156986098693012e-06
F 16 10.33921245915983 0 0.275612473487854
F 16 10.33921245915983 1 0.013326940126717091
F 16 10.33921245915983 2 0.0019318920094519854
F 16 10.33921245915983 3 0.00046556349843740463
F 16 10.33921245915983 4 0.00015603726205881685
F 16 10.33921245915983 5 6.6349130065646023e-05
F 16 10.33921245915983 6 3.3730841096257791e-05
F 16 10.33921245915983 7 1.9641784092527814e-05
F 16 10.33921245915983 8 1.2684088687819894e-05
F 16 10.33921245915983 9 8.8638144006836228e-06
F 16 10.33921245915983 10 6.5804183577711228e-06
F 16 10.33921245915983 11 5.1188135330448858e-06
F 16 10.33921245915983 12 4.1295661503681913e-06
F 16 10.33921245915983 13 3.4286642858205596e-06
F 16 10.33921245915983 14 2.9128984806447988e-06
F 16 10.33921245915983 15 2.521191618143348e-06
F 16 10.33921245915983 16 2.2156987142807338e-06
D 16 10.534291920653411 0 0.27304884362019566
D 16 10.534291920653411 1 0.012958736927834788
D 16 10.534291920653411 2 0.0018439588962152586
D 16 10.534291920653411 3 0.00043634571605057933
D 16 10.534291920653411 4 0.00014371216672608814
D 16 10.534291920653411 5 6.0127502228294748e-05
D 16 10.534291920653411 6 3.0129901023393387e-05
D 16 10.534291920653411 7 1.7328195259082334e-05
D 16 10.534291920653411 8 1.1074059460949544e-05
D 16 10.534291920653411 9 7.6726007492543929e-06
D 16 10.534291920653411 10 5.656347691133621e-06
D 16 10.534291920653411 11 4.3750032531131046e-06
D 16 10.534291920653411 12 3.5131405465839727e-06
D 16 10.534291920653411 13 2.9057641204611456e-06
D 16 10.534291920653411 14 2.4608893019756224e-06
D 16 10.534291920653411 15 2.1243768173890876e-06
D 16 10.534291920653411 16 1.8628448387931521e-06
F 16 10.534291920653411 0 0.27304884791374207
F 16 10.534291920653411 1 0.012958736158907413
F 16 10.534291920653411 2 0.0018439587438479066
F 16 10.534291920653411 3 0.0004363456682767719
F 16 10.534291920653411 4 0.00014371215365827084
F 16 10.534291920653411 5 6.0127498727524653e-05
F 16 10.534291920653411 6 3.0129898732411675e-05
F 16 10.534291920653411 7 1.7328193280263804e-05
F 16 10.534291920653411 8 1.1074058420490474e-05
F 16 10.534291920653411 9 7.6725991675630212e-06
F 16 10.534291920653411 10 5.6563462749181781e-06
F 16 10.534291920653411 11 4.3750023905886337e-06
F 16 10.534291920653411 12 3.5131397453369573e-06
F 16 10.534291920653411 13 2.9057632673357148e-06
F 16 10.534291920653411 14 2.4608887088106712e-06
F 16 10.534291920653411 15 2.1243763512757141e-06
F 16 10.534291920653411 16 1.8628443285706453e-06
D 16 10.729371382146994 0 0.27055541567705726
D 16 10.729371382146994 1 0.012607146945033631
D 16 10.729371382146994 2 0.0017614987447480458
D 16 10.729371382146994 3 0.0004094182696683007
D 16 10.729371382146994 4 0.0001325350476955521
D 16 10.729371382146994 5 5.4566246037605449e-05
D 16 10.729371382146994 6 2.6951081004156396e-05
D 16 10.729371382146994 7 1.5307125153425659e-05
D 16 10.729371382146994 8 9.6797136559738769e-06
D 16 10.729371382146994 9 6.6482338594001903e-06
D 16 10.729371382146994 10 4.8662707107212716e-06
D 16 10.729371382146994 11 3.7420315757240897e-06
D 16 10.729371382146994 12 2.9905915281587886e-06
D 16 10.729371382146994 13 2.4639093193347896e-06
D 16 10.729371382146994 14 2.0799522221072688e-06
D 16 10.729371382146994 15 1.7907024161374384e-06
D 16 10.729371382146994 16 1.5666986339191961e-06
F 16 10.729371382146994 0 0.27055540680885315
F 16 10.729371382146994 1 0.012607146054506302
F 16 10.729371382146994 2 0.0017614986281841993
F 16 10.729371382146994 3 0.0004094182513654232
F 16 10.729371382146994 4 0.00013253504585009068
F 16 10.729371382146994 5 5.45662478543818e-05
F 16 10.729371382146994 6 2.6951081963488832e-05
F 16 10.729371382146994 7 1.5307126886909828e-05
F 16 10.729371382146994 8 9.6797157311812043e-06
F 16 10.729371382146994 9 6.6482352849561721e-06
F 16 10.729371382146994 10 4.8662718654668424e-06
F 16 10.729371382146994 11 3.7420322769321501e-06
F 16 10.729371382146994 12 2.9905920655437512e-06
F 16 10.729371382146994 13 2.4639098228362855e-06
F 16 10.729371382146994 14 2.0799527646886418e-06
F 16 10.729371382146994 15 1.7907028677655035e-06
F 16 10.729371382146994 16 1.5666990975660156e-06
D 16 10.924450843640575 0 0.26812903932317406
D 16 10.924450843640575 1 0.01227114437023499
D 16 10.924450843640575 2 0.001684085600726025
D 16 10.924450843640575 3 0.00038456924455132561
D 16 10.924450843640575 4 0.00012238474787680715
D 16 10.924450843640575 5 4.9588320681846522e-05
D 16 10.924450843640575 6 2.4141219891667657e-05
D 16 10.924450843640575 7 1.3539512207501834e-05
D 16 10.924450843640575 8 8.4709198789630188e-06
D 16 10.924450843640575 9 5.7665713485033661e-06
D 16 10.924450843640575 10 4.1902549361842834e-06
D 16 10.924450843640575 11 3.203042751772734e-06
D 16 10.924450843640575 12 2.5473864366804164e-06
D 16 10.924450843640575 13 2.0903693052620807e-06
D 16 10.924450843640575 14 1.7587878931331788e-06
D 16 10.924450843640575 15 1.5100283710754669e-06
D 16 10.924450843640575 16 1.3180750428235422e-06
F 16 10.924450843640575 0 0.26812902092933655
F 16 10.924450843640575 1 0.012271144427359104
F 16 10.924450843640575 2 0.0016840856987982988
F 16 10.924450843640575 3 0.00038456922629848123
F 16 10.924450843640575 4 0.00012238473573233932
F 16 10.924450843640575 5 4.9588317779125646e-05
F 16 10.924450843640575 6 2.4141219910234213e-05
F 16 10.924450843640575 7 1.3539512110583019e-05
F 16 10.924450843640575 8 8.470919965475332e-06
F 16 10.924450843640575 9 5.7665711210574955e-06
F 16 10.924450843640575 10 4.1902544580807444e-06
F 16 10.924450843640575 11 3.2030422971729422e-06
F 16 10.924450843640575 12 2.5473862024227856e-06
F 16 10.924450843640575 13 2.0903692075080471e-06
F 16 10.924450843640575 14 1.7587877891855896e-06
F 16 10.924450843640575 15 1.510028255324869e-06
F 16 10.924450843640575 16 1.3180749647290213e-06
D 16 11.119530305134157 0 0.26576676729877158
D 16 11.119530305134157 1 0.011949782947983285
D 16 11.119530305134157 2 0.0016113328450745638
D 16 11.119530305134157 3 0.0003616089873256226
D 16 11.119530305134157 4 0.00011315418921502938
D 16 11.119530305134157 5 4.5126351400442783e-05
D 16 11.119530305134157 6 2.1654234179386484e-05
D 16 11.119530305134157 7 1.199173876923284e-05
D 16 11.119530305134157 8 7.4218981372680558e-06
D 16 11.119530305134157 9 5.0070563349960973e-06
D 16 11.119530305134157 10 3.611394957361288e-06
D 16 11.119530305134157 11 2.7437874356915128e-06
D 16 11.119530305134157 12 2.1712730068309927e-06
D 16 11.119530305134157 13 1.774435837995942e-06
D 16 11.119530305134157 14 1.4879103567019051e-06
D 16 11.119530305134157 15 1.2738560238791777e-06
D 16 11.119530305134157 16 1.1092868602693221e-06
F 16 11.119530305134157 0 0.26576679944992065
F 16 11.119530305134157 1 0.011949784122407436
F 16 11.119530305134157 2 0.0016113329911604524
F 16 11.119530305134157 3 0.00036160898162052035
F 16 11.119530305134157 4 0.00011315417941659689
F 16 11.119530305134157 5 4.5126347686164081e-05
F 16 11.119530305134157 6 2.1654230295098387e-05
F 16 11.119530305134157 7 1.1991736755589955e-05
F 16 11.119530305134157 8 7.4218969530193135e-06
F 16 11.119530305134157 9 5.0070557335857302e-06
F 16 11.119530305134157 10 3.6113942769588903e-06
F 16 11.119530305134157 11 2.7437868084234651e-06
F 16 11.119530305134157 12 2.1712723992095562e-06
F 16 11.119530305134157 13 1.7744353044690797e-06
F 16 11.119530305134157 14 1.4879099126119399e-06
F 16 11.119530305134157 15 1.2738556733893347e-06
F 16 11.119530305134157 16 1.1092864724560059e-06
D 16 11.314609766627738 0 0.26346582981084971
D 16 11.314609766627738 1 0.011642188364070329
D 16 11.314609766627738 2 0.0015428888993768296
D 16 11.314609766627738 3 0.00034036750639036703
D 16 11.314609766627738 4 0.00010474860029791612
D 16 11.314609766627738 5 4.1121344398287349e-05
D 16 11.314609766627738 6 1.9450132380595013e-05
D 16 11.314609766627738 7 1.063484526296954e-05
D 16 11.314609766627738 8 6.5105739037192816e-06
D 16 11.314609766627738 9 4.3521732346402329e-06
D 16 11.314609766627738 10 3.1153446792438769e-06
D 16 11.314609766627738 11 2.352213932791719e-06
D 16 11.314609766627738 12 1.8519174999750995e-06
D 16 11.314609766627738 13 1.5070985837343104e-06
D 16 11.314609766627738 14 1.2593535949903448e-06
D 16 11.314609766627738 15 1.075060561818006e-06
D 16 11.314609766627738 16 9.3389896171653504e-07
F 16 11.314609766627738 0 0.26346588134765625
F 16 11.314609766627738 1 0.011642190627753735
F 16 11.314609766627738 2 0.0015428891638293862
F 16 11.314609766627738 3 0.00034036758006550372
F 16 11.314609766627738 4 0.00010474861483089626
F 16 11.314609766627738 5 4.1121351387118921e-05
F 16 11.314609766627738 6 1.9450135368970223e-05
F 16 11.314609766627738 7 1.0634846148604993e-05
F 16 11.314609766627738 8 6.5105746216431726e-06
F 16 11.314609766627738 9 4.3521736188267823e-06
F 16 11.314609766627738 10 3.1153454074228648e-06
F 16 11.314609766627738 11 2.3522145511378767e-06
F 16 11.314609766627738 12 1.8519178865972208e-06
F 16 11.314609766627738 13 1.5070988865772961e-06
F 16 11.314609766627738 14 1.2593538940564031e-06
F 16 11.314609766627738 15 1.0750607088994002e-06
F 16 11.314609766627738 16 9.3389917310560122e-07
D 16 11.509689228121321 0 0.26122362114207093
D 16 11.509689228121321 1 0.01134755176921126
D 16 11.509689228121321 2 0.0014784336144233851
D 16 11.509689228121321 3 0.00032069222335252888
D 16 11.509689228121321 4 9.7083991773482152e-05
D 16 11.509689228121321 5 3.7521582644466936e-05
D 16 11.509689228121321 6 1.7494173227286125e-05
D 16 11.509689228121321 7 9.4438621606047623e-06
D 16 11.509689228121321 8 5.7180309133067199e-06
D 16 11.509689228121321 9 3.7869880327461303e-06
D 16 11.509689228121321 10 2.6899230988669454e-06
D 16 11.509689228121321 11 2.0181244412547619e-06
D 16 11.509689228121321 12 1.5806007719475644e-06
D 16 11.509689228121321 13 1.2807732651671327e-06
D 16 11.509689228121321 14 1.0664259860450748e-06
D 16 11.509689228121321 15 9.0766737441912379e-07
D 16 11.509689228121321 16 7.865231396338412e-07
F 16 11.509689228121321 0 0.26122358441352844
F 16 11.509689228121321 1 0.011347549967467785
F 16 11.509689228121321 2 0.0014784333761781454
F 16 11.509689228121321 3 0.00032069216831587255
F 16 11.509689228121321 4 9.7083975560963154e-05
F 16 11.509689228121321 5 3.7521574995480478e-05
F 16 11.509689228121321 6 1.7494170606369153e-05
F 16 11.509689228121321 7 9.4438610176439397e-06
F 16 11.509689228121321 8 5.7180304793291725e-06
F 16 11.509689228121321 9 3.7869874631724088e-06
F 16 11.509689228121321 10 2.6899226668319898e-06
F 16 11.509689228121321 11 2.0181241779937409e-06
F 16 11.509689228121321 12 1.5806004967089393e-06
F 16 11.509689228121321 13 1.2807730627173441e-06
F 16 11.509689228121321 14 1.0664258525139303e-06
F 16 11.509689228121321 15 9.0766729954339098e-07
F 16 11.509689228121321 16 7.8652306001458783e-07
D 16 11.704768689614902 0 0.25903768745702221
D 16 11.704768689614902 1 0.011065123966276366
D 16 11.704768689614902 2 0.0014176750697179675
D 16 11.704768689614902 3 0.0003024460018679215
D 16 11.704768689614902 4 9.0085831951656968e-05
D 16 11.704768689614902 5 3.4281673828070949e-05
D 16 11.704768689614902 6 1.5756144321413069e-05
D 16 11.704768689614902 7 8.3972404208491712e-06
D 16 11.704768689614902 8 5.0280465496532735e-06
D 16 11.704768689614902 9 3.2987592804161826e-06
D 16 11.704768689614902 10 2.3247816811652088e-06
D 16 11.704768689614902 11 1.7328857030869798e-06
D 16 11.704768689614902 12 1.3499629657319809e-06
D 16 11.704768689614902 13 1.0890736995852804e-06
D 16 11.704768689614902 14 9.0350470759181794e-07
D 16 11.704768689614902 15 7.6666503764250775e-07
D 16 11.704768689614902 16 6.6264673459797755e-07
F 16 11.704768689614902 0 0.25903773307800293
F 16 11.704768689614902 1 0.011065125465393066
F 16 11.704768689614902 2 0.0014176751719787717
F 16 11.704768689614902 3 0.00030244601657614112
F 16 11.704768689614902 4 9.008582856040448e-05
F 16 11.704768689614902 5 3.4281671105418354e-05
F 16 11.704768689614902 6 1.5756142602185719e-05
F 16 11.704768689614902 7 8.3972390712006018e-06
F 16 11.704768689614902 8 5.0280455070605967e-06
F 16 11.704768689614902 9 3.2987584290822269e-06
F 16 11.704768689614902 10 2.3247807803272735e-06
F 16 11.704768689614902 11 1.7328850390185835e-06
F 16 11.704768689614902 12 1.3499625310942065e-06
F 16 11.704768689614902 13 1.0890732937696157e-06
F 16 11.704768689614902 14 9.0350431491970085e-07
F 16 11.704768689614902 15 7.6666469794872683e-07
F 16 11.704768689614902 16 6.6264647102798335e-07
D 32 9.9999999999999995e-07 0 0.99999966666676665
D 32 9.9999999999999995e-07 1 0.33333313333340475
D 32 9.9999999999999995e-07 2 0.19999985714291271
D 32 9.9999999999999995e-07 3 0.1428570317460772
D 32 9.9999999999999995e-07 4 0.11111102020205867
D 32 9.9999999999999995e-07 5 0.090909013986047324
D 32 9.9999999999999995e-07 6 0.076923010256439675
D 32 9.9999999999999995e-07 7 0.066666607843163569
D 32 9.9999999999999995e-07 8 0.05882347678020957
D 32 9.9999999999999995e-07 9 0.052631531328342543
D 32 9.9999999999999995e-07 10 0.047619004140806748
D 32 9.9999999999999995e-07 11 0.043478220869583736
D 32 9.9999999999999995e-07 12 0.039999962962980209
D 32 9.9999999999999995e-07 13 0.037037002554294547
D 32 9.9999999999999995e-07 14 0.034482726362640291
D 32 9.9999999999999995e-07 15 0.032258034213113011
D 32 9.9999999999999995e-07 16 0.030303001731615244
D 32 9.9999999999999995e-07 17 0.028571401544414364
D 32 9.9999999999999995e-07 18 0.027027001386013584
D 32 9.9999999999999995e-07 19 0.025641001250793365
D 32 9.9999999999999995e-07 20 0.024390220646636183
D 32 9.9999999999999995e-07 21 0.02325579173127679
D 32 9.9999999999999995e-07 22 0.022222200945636681
D 32 9.9999999999999995e-07 23 0.021276575336527392
D 32 9.9999999999999995e-07 24 0.02040814365747242
D 32 9.9999999999999995e-07 25 0.019607824269339463
D 32 9.9999999999999995e-07 26 0.018867906346492477
D 32 9.9999999999999995e-07 27 0.018181800637967007
D 32 9.9999999999999995e-07 28 0.017543842699978461
D 32 9.9999999999999995e-07 29 0.016949136148938195
D 32 9.9999999999999995e-07 30 0.016393426749942638
D 32 9.9999999999999995e-07 31 0.015873000488407951
D 32 9.9999999999999995e-07 32 0.015384600459249494
F 32 9.9999999999999995e-07 0 0.99999964237213135
F 32 9.9999999999999995e-07 1 0.33333313465118408
F 32 9.9999999999999995e-07 2 0.1999998539686203
F 32 9.9999999999999995e-07 3 0.14285703003406525
F 32 9.9999999999999995e-07 4 0.11111101508140564
F 32 9.9999999999999995e-07 5 0.090909011662006378
F 32 9.9999999999999995e-07 6 0.076923005282878876
F 32 9.9999999999999995e-07 7 0.066666610538959503
F 32 9.9999999999999995e-07 8 0.058823477476835251
F 32 9.9999999999999995e-07 9 0.052631530910730362
F 32 9.9999999999999995e-07 10 0.047619003802537918
F 32 9.9999999999999995e-07 11 0.043478220701217651
F 32 9.9999999999999995e-07 12 0.039999961853027344
F 32 9.9999999999999995e-07 13 0.037037000060081482
F 32 9.9999999999999995e-07 14 0.034482724964618683
F 32 9.9999999999999995e-07 15 0.032258033752441406
F 32 9.9999999999999995e-07 16 0.030303001403808594
F 32 9.9999999999999995e-07 17 0.028571400791406631
F 32 9.9999999999999995e-07 18 0.027027001604437828
F 32 9.9999999999999995e-07 19 0.025641001760959625
F 32 9.9999999999999995e-07 20 0.024390220642089844
F 32 9.9999999999999995e-07 21 0.023255791515111923
F 32 9.9999999999999995e-07 22 0.022222200408577919
F 32 9.9999999999999995e-07 23 0.021276574581861496
F 32 9.9999999999999995e-07 24 0.020408144220709801
F 32 9.9999999999999995e-07 25 0.019607825204730034
F 32 9.9999999999999995e-07 26 0.018867906183004379
F 32 9.9999999999999995e-07 27 0.018181800842285156
F 32 9.9999999999999995e-07 28 0.017543843016028404
F 32 9.9999999999999995e-07 29 0.016949135810136795
F 32 9.9999999999999995e-07 30 0.016393426805734634
F 32 9.9999999999999995e-07 31 0.015873000025749207
F 32 9.9999999999999995e-07 32 0.01538460049778223
D 32 0.19508046149358171 0 0.93860855162447743
D 32 0.19508046149358171 1 0.29690338161918539
D 32 0.19508046149358171 2 0.17413760999808123
D 32 0.19508046149358171 3 0.12282008000595346
D 32 0.19508046149358171 4 0.094761170710487938
D 32 0.19508046149358171 5 0.07710173010190223
D 32 0.19508046149358171 6 0.064974669202924079
D 32 0.19508046149358171 7 0.056136440462561797
D 32 0.19508046149358171 8 0.049410772808570286
D 32 0.19508046149358171 9 0.044122008426597741
D 32 0.19508046149358171 10 0.039854595822612901
D 32 0.19508046149358171 11 0.036339000718970761
D 32 0.19508046149358171 12 0.033392791422194798
D 32 0.19508046149358171 13 0.030888104448482352
D 32 0.19508046149358171 14 0.028732672173492332
D 32 0.19508046149358171 15 0.02685824796886789
D 32 0.19508046149358171 16 0.025213270323594463
D 32 0.19508046149358171 17 0.023758059607102634
D 32 0.19508046149358171 18 0.022461583204103755
D 32 0.19508046149358171 19 0.02129922257280065
D 32 0.19508046149358171 20 0.020251198056447119
D 32 0.19508046149358171 21 0.019301436040157958
D 32 0.19508046149358171 22 0.018436740045088693
D 32 0.19508046149358171 23 0.017646174717736947
D 32 0.19508046149358171 24 0.016920601553753453
D 32 0.19508046149358171 25 0.016252324480485681
D 32 0.19508046149358171 26 0.015634816126996673
D 32 0.19508046149358171 27 0.015062504137788512
D 32 0.19508046149358171 28 0.014530602708843354
D 32 0.19508046149358171 29 0.014034978562743704
D 32 0.19508046149358171 30 0.013572043420982765
D 32 0.19508046149358171 31 0.01313866705762143
D 32 0.19508046149358171 32 0.012732106481067039
F 32 0.19508046149358171 0 0.93860852718353271
F 32 0.19508046149358171 1 0.29690337181091309
F 32 0.19508046149358171 2 0.17413760721683502
F 32 0.19508046149358171 3 0.12282007932662964
F 32 0.19508046149358171 4 0.094761170446872711
F 32 0.19508046149358171 5 0.077101729810237885
F 32 0.19508046149358171 6 0.064974673092365265
F 32 0.19508046149358171 7 0.056136440485715866
F 32 0.19508046149358171 8 0.049410771578550339
F 32 0.19508046149358171 9 0.044122010469436646
F 32 0.19508046149358171 10 0.039854593575000763
F 32 0.19508046149358171 11 0.03633899986743927
F 32 0.19508046149358171 12 0.033392790704965591
F 32 0.19508046149358171 13 0.030888104811310768
F 32 0.19508046149358171 14 0.028732672333717346
F 32 0.19508046149358171 15 0.026858247816562653
F 32 0.19508046149358171 16 0.025213271379470825
F 32 0.19508046149358171 17 0.023758059367537498
F 32 0.19508046149358171 18 0.022461583837866783
F 32 0.19508046149358171 19 0.021299222484230995
F 32 0.19508046149358171 20 0.0202511977404356
F 32 0.19508046149358171 21 0.019301434978842735
F 32 0.19508046149358171 22 0.018436741083860397
F 32 0.19508046149358171 23 0.017646174877882004
F 32 0.19508046149358171 24 0.016920601949095726
F 32 0.19508046149358171 25 0.016252323985099792
F 32 0.19508046149358171 26 0.015634816139936447
F 32 0.19508046149358171 27 0.015062504447996616
F 32 0.19508046149358171 28 0.014530601911246777
F 32 0.19508046149358171 29 0.014034978114068508
F 32 0.19508046149358171 30 0.013572042807936668
F 32 0.19508046149358171 31 0.013138666749000549
F 32 0.19508046149358171 32 0.012732106260955334
D 32 0.3901599229871634 0 0.88385586333465949
D 32 0.3901599229871634 1 0.26515698428567941
D 32 0.3901599229871634 2 0.15188944286199352
D 32 0.3901599229871634 3 0.10572409318786029
D 32 0.3901599229871634 4 0.080889966393674989
D 32 0.3901599229871634 5 0.06543610496216147
D 32 0.3901599229871634 6 0.054911519432692617
D 32 0.3901599229871634 7 0.047289770492876783
D 32 0.3901599229871634 8 0.041518809706624506
D 32 0.3901599229871634 9 0.036999134346924346
D 32 0.3901599229871634 10 0.033364455009104066
D 32 0.3901599229871634 11 0.030378503270983338
D 32 0.3901599229871634 12 0.027882116733311219
D 32 0.3901599229871634 13 0.025764194309112611
D 32 0.3901599229871634 14 0.023944848057618352
D 32 0.3901599229871634 15 0.022365171875514751
D 32 0.3901599229871634 16 0.020980783748584472
D 32 0.3901599229871634 17 0.019757612964714597
D 32 0.3901599229871634 18 0.018669072230221219
D 32 0.3901599229871634 19 0.017694111448753578
D 32 0.3901599229871634 20 0.016815848489876987
D 32 0.3901599229871634 21 0.016020586880634909
D 32 0.3901599229871634 22 0.015297098659019239
D 32 0.3901599229871634 23 0.014636092516350478
D 32 0.3901599229871634 24 0.014029813706662468
D 32 0.3901599229871634 25 0.013471739162924818
D 32 0.3901599229871634 26 0.012956342406876509
D 32 0.3901599229871634 27 0.012478910304344866
D 32 0.3901599229871634 28 0.012035398804191732
D 32 0.3901599229871634 29 0.011622318319693133
D 32 0.3901599229871634 30 0.0112366418838233
D 32 0.3901599229871634 31 0.010875730970014715
D 32 0.3901599229871634 32 0.010537275138528774
F 32 0.3901599229871634 0 0.88385587930679321
F 32 0.3901599229871634 1 0.26515698432922363
F 32 0.3901599229871634 2 0.15188944339752197
F 32 0.3901599229871634 3 0.10572409629821777
F 32 0.3901599229871634 4 0.080889970064163208
F 32 0.3901599229871634 5 0.065436102449893951
F 32 0.3901599229871634 6 0.054911520332098007
F 32 0.3901599229871634 7 0.047289770096540451
F 32 0.3901599229871634 8 0.041518811136484146
F 32 0.3901599229871634 9 0.036999136209487915
F 32 0.3901599229871634 10 0.03336445614695549
F 32 0.3901599229871634 11 0.030378501862287521
F 32 0.3901599229871634 12 0.027882115915417671
F 32 0.3901599229871634 13 0.025764193385839462
F 32 0.3901599229871634 14 0.023944849148392677
F 32 0.3901599229871634 15 0.02236517146229744
F 32 0.3901599229871634 16 0.020980784669518471
F 32 0.3901599229871634 17 0.01975761353969574
F 32 0.3901599229871634 18 0.018669072538614273
F 32 0.3901599229871634 19 0.017694111913442612
F 32 0.3901599229871634 20 0.016815848648548126
F 32 0.3901599229871634 21 0.016020586714148521
F 32 0.3901599229871634 22 0.015297099016606808
F 32 0.3901599229871634 23 0.014636092819273472
F 32 0.3901599229871634 24 0.014029813930392265
F 32 0.3901599229871634 25 0.013471739366650581
F 32 0.3901599229871634 26 0.012956342659890652
F 32 0.3901599229871634 27 0.012478910386562347
F 32 0.3901599229871634 28 0.012035398744046688
F 32 0.3901599229871634 29 0.011622318997979164
F 32 0.3901599229871634 30 0.011236642487347126
F 32 0.3901599229871634 31 0.010875730775296688
F 32 0.3901599229871634 32 0.010537275113165379
D 32 0.5852393844807452 0 0.83489324999850956
D 32 0.5852393844807452 1 0.23744192726296856
D 32 0.5852393844807452 2 0.13272625752181463
D 32 0.5852393844807452 3 0.091124055524561182
D 32 0.5852393844807452 4 0.069113490599916699
D 32 0.5852393844807452 5 0.055574609167032343
D 32 0.5852393844807452 6 0.046432440299340065
D 32 0.5852393844807452 7 0.039854809717654385
D 32 0.5852393844807452 8 0.034899932892549008
D 32 0.5852393844807452 9 0.031035457336537096
D 32 0.5852393844807452 10 0.027938289002296651
D 32 0.5852393844807452 11 0.02540119014606541
D 32 0.5852393844807452 12 0.023285222087180698
D 32 0.5852393844807452 13 0.021493800289887059
D 32 0.5852393844807452 14 0.019957724283859175
D 32 0.5852393844807452 15 0.018626129353335651
D 32 0.5852393844807452 16 0.017460799135752044
D 32 0.5852393844807452 17 0.016432469100636827
D 32 0.5852393844807452 18 0.015518353453346772
D 32 0.5852393844807452 19 0.014700448187702624
D 32 0.5852393844807452 20 0.013964340471547454
D 32 0.5852393844807452 21 0.013298356595865302
D 32 0.5852393844807452 22 0.012692941333300305
D 32 0.5852393844807452 23 0.0121401986088267
D 32 0.5852393844807452 24 0.011633546630692144
D 32 0.5852393844807452 25 0.011167455552915526
D 32 0.5852393844807452 26 0.010737245523843411
D 32 0.5852393844807452 27 0.01033892951217856
D 32 0.5852393844807452 28 0.0099690897462988998
D 32 0.5852393844807452 29 0.0096247796729592959
D 32 0.5852393844807452 30 0.0093034454938075231
D 32 0.5852393844807452 31 0.0090028628675616045
D 32 0.5852393844807452 32 0.0087210854661906607
F 32 0.5852393844807452 0 0.83489322662353516
F 32 0.5852393844807452 1 0.23744191229343414
F 32 0.5852393844807452 2 0.13272625207901001
F 32 0.5852393844807452 3 0.091124057769775391
F 32 0.5852393844807452 4 0.069113492965698242
F 32 0.5852393844807452 5 0.055574607104063034
F 32 0.5852393844807452 6 0.046432439237833023
F 32 0.5852393844807452 7 0.039854809641838074
F 32 0.5852393844807452 8 0.034899931401014328
F 32 0.5852393844807452 9 0.031035458669066429
F 32 0.5852393844807452 10 0.027938289567828178
F 32 0.5852393844807452 11 0.025401189923286438
F 32 0.5852393844807452 12 0.023285221308469772
F 32 0.5852393844807452 13 0.021493799984455109
F 32 0.5852393844807452 14 0.019957723096013069
F 32 0.5852393844807452 15 0.018626129254698753
F 32 0.5852393844807452 16 0.017460798844695091
F 32 0.5852393844807452 17 0.016432469710707664
F 32 0.5852393844807452 18 0.015518352389335632
F 32 0.5852393844807452 19 0.014700448140501976
F 32 0.5852393844807452 20 0.013964340090751648
F 32 0.5852393844807452 21 0.013298355974256992
F 32 0.5852393844807452 22 0.012692941352725029
F 32 0.5852393844807452 23 0.012140197679400444
F 32 0.5852393844807452 24 0.011633547022938728
F 32 0.5852393844807452 25 0.011167454533278942
F 32 0.5852393844807452 26 0.010737244971096516
F 32 0.5852393844807452 27 0.010338929481804371
F 32 0.5852393844807452 28 0.0099690891802310944
F 32 0.5852393844807452 29 0.009624779224395752
F 32 0.5852393844807452 30 0.009303445927798748
F 32 0.5852393844807452 31 0.0090028624981641769
F 32 0.5852393844807452 32 0.0087210852652788162
D 32 0.78031884597432688 0 0.79099001492476773
D 32 0.78031884597432688 1 0.21320140026636655
D 32 0.78031884597432688 2 0.11619886411933567
D 32 0.78031884597432688 3 0.078643779742743822
D 32 0.78031884597432688 4 0.059108263873327856
D 32 0.78031884597432688 5 0.047233577368661649
D 32 0.78031884597432688 6 0.039284888272742617
D 32 0.78031884597432688 7 0.033604003109348947
D 32 0.78031884597432688 8 0.029347088810986265
D 32 0.78031884597432688 9 0.026041044826475481
D 32 0.78031884597432688 10 0.023400676658392069
D 32 0.78031884597432688 11 0.021244095477401727
D 32 0.78031884597432688 12 0.019449948212832201
D 32 0.78031884597432688 13 0.017934227638070881
D 32 0.78031884597432688 14 0.016636963639299087
D 32 0.78031884597432688 15 0.015514217022784667
D 32 0.78031884597432688 16 0.014533068200576626
D 32 0.78031884597432688 17 0.01366837225336355
D 32 0.78031884597432688 18 0.012900595236644012
D 32 0.78031884597432688 19 0.012214334025972759
D 32 0.78031884597432688 20 0.011597280658712105
D 32 0.78031884597432688 21 0.011039483028786639
D 32 0.78031884597432688 22 0.010532807601523617
D 32 0.78031884597432688 23 0.010070542610113722
D 32 0.78031884597432688 24 0.0096471007077252105
D 32 0.78031884597432688 25 0.0092577931830229391
D 32 0.78031884597432688 26 0.0088986564357453023
D 32 0.78031884597432688 27 0.0085663171347372929
D 32 0.78031884597432688 28 0.0082578863654222002
D 32 0.78031884597432688 29 0.0079708757518784073
D 32 0.78031884597432688 30 0.0077031304126526307
D 32 0.78031884597432688 31 0.0074527749387131555
D 32 0.78031884597432688 32 0.007218169536850479
F 32 0.78031884597432688 0 0.79098999500274658
F 32 0.78031884597432688 1 0.21320140361785889
F 32 0.78031884597432688 2 0.11619887501001358
F 32 0.78031884597432688 3 0.078643783926963806
F 32 0.78031884597432688 4 0.059108264744281769
F 32 0.78031884597432688 5 0.047233577817678452
F 32 0.78031884597432688 6 0.039284888654947281
F 32 0.78031884597432688 7 0.033604003489017487
F 32 0.78031884597432688 8 0.029347090050578117
F 32 0.78031884597432688 9 0.026041045784950256
F 32 0.78031884597432688 10 0.023400677368044853
F 32 0.78031884597432688 11 0.021244095638394356
F 32 0.78031884597432688 12 0.019449947401881218
F 32 0.78031884597432688 13 0.017934227362275124
F 32 0.78031884597432688 14 0.016636963933706284
F 32 0.78031884597432688 15 0.01551421731710434
F 32 0.78031884597432688 16 0.014533068053424358
F 32 0.78031884597432688 17 0.013668373227119446
F 32 0.78031884597432688 18 0.012900595553219318
F 32 0.78031884597432688 19 0.012214334681630135
F 32 0.78031884597432688 20 0.011597280390560627
F 32 0.78031884597432688 21 0.011039483360946178
F 32 0.78031884597432688 22 0.010532807558774948
F 32 0.78031884597432688 23 0.010070542804896832
F 32 0.78031884597432688 24 0.0096471002325415611
F 32 0.78031884597432688 25 0.0092577934265136719
F 32 0.78031884597432688 26 0.0088986558839678764
F 32 0.78031884597432688 27 0.0085663171485066414
F 32 0.78031884597432688 28 0.0082578863948583603
F 32 0.78031884597432688 29 0.0079708760604262352
F 32 0.78031884597432688 30 0.0077031301334500313
F 32 0.78031884597432688 31 0.0074527752585709095
F 32 0.78031884597432688 32 0.0072181695140898228
D 32 0.97539830746790857 0 0.75151598308328693
D 32 0.97539830746790857 1 0.19195944634501036
D 32 0.97539830746790857 2 0.10192564030724745
D 32 0.97539830746790857 3 0.067965084403282264
D 32 0.97539830746790857 4 0.050601608142392895
D 32 0.97539830746790857 5 0.040174525490258524
D 32 0.97539830746790857 6 0.033256996115144093
D 32 0.97539830746790857 7 0.028346781066259711
D 32 0.97539830746790857 8 0.024687130722232237
D 32 0.97539830746790857 9 0.021857264362161028
D 32 0.97539830746790857 10 0.019605261583781678
D 32 0.97539830746790857 11 0.017771380186687887
D 32 0.97539830746790857 12 0.01624956651176953
D 32 0.97539830746790857 13 0.01496671545470765
D 32 0.97539830746790857 14 0.013870832111070581
D 32 0.97539830746790857 15 0.01292394403369892
D 32 0.97539830746790857 16 0.012097683538863408
D 32 0.97539830746790857 17 0.011370437935035701
D 32 0.97539830746790857 18 0.010725455753597828
D 32 0.97539830746790857 19 0.010149555203777118
D 32 0.97539830746790857 20 0.0096322229877555624
D 32 0.97539830746790857 21 0.0091649726130364553
D 32 0.97539830746790857 22 0.0087408791267774011
D 32 0.97539830746790857 23 0.0083542362293017574
D 32 0.97539830746790857 24 0.00800029983095343
D 32 0.97539830746790857 25 0.0076750936789603255
D 32 0.97539830746790857 26 0.0073752602236101987
D 32 0.97539830746790857 27 0.0070979449097050328
D 32 0.97539830746790857 28 0.0068407054754546174
D 32 0.97539830746790857 29 0.0066014401777347012
D 32 0.97539830746790857 30 0.0063783304946270682
D 32 0.97539830746790857 31 0.0061697950117471012
D 32 0.97539830746790857 32 0.0059744520276214406
F 32 0.97539830746790857 0 0.75151598453521729
F 32 0.97539830746790857 1 0.1919594407081604
F 32 0.97539830746790857 2 0.10192563384771347
F 32 0.97539830746790857 3 0.067965082824230194
F 32 0.97539830746790857 4 0.05060160905122757
F 32 0.97539830746790857 5 0.040174525231122971
F 32 0.97539830746790857 6 0.033256996423006058
F 32 0.97539830746790857 7 0.028346780687570572
F 32 0.97539830746790857 8 0.024687130004167557
F 32 0.97539830746790857 9 0.021857265383005142
F 32 0.97539830746790857 10 0.019605262205004692
F 32 0.97539830746790857 11 0.017771380022168159
F 32 0.97539830746790857 12 0.016249565407633781
F 32 0.97539830746790857 13 0.014966715127229691
F 32 0.97539830746790857 14 0.01387083251029253
F 32 0.97539830746790857 15 0.012923944741487503
F 32 0.97539830746790857 16 0.012097683735191822
F 32 0.97539830746790857 17 0.01137043721973896
F 32 0.97539830746790857 18 0.010725455358624458
F 32 0.97539830746790857 19 0.010149555280804634
F 32 0.97539830746790857 20 0.0096322232857346535
F 32 0.97539830746790857 21 0.0091649722307920456
F 32 0.97539830746790857 22 0.0087408795952796936
F 32 0.97539830746790857 23 0.0083542363718152046
F 32 0.97539830746790857 24 0.008000299334526062
F 32 0.97539830746790857 25 0.0076750935986638069
F 32 0.97539830746790857 26 0.0073752598837018013
F 32 0.97539830746790857 27 0.0070979450829327106
F 32 0.97539830746790857 28 0.0068407054059207439
F 32 0.97539830746790857 29 0.006601440254598856
F 32 0.97539830746790857 30 0.0063783307559788227
F 32 0.97539830746790857 31 0.0061697950586676598
F 32 0.97539830746790857 32 0.0059744520112872124
D 32 1.1704777689614903 0 0.7159269451449054
D 32 1.1704777689614903 1 0.17330882435877595
D 32 1.1704777689614903 2 0.089582128617053558
D 32 1.1704777689614903 3 0.05881869512828411
D 32 1.1704777689614903 4 0.043363562981955692
D 32 1.1704777689614903 5 0.034196879244157576
D 32 1.1704777689614903 6 0.028170965926562326
D 32 1.1704777689614903 7 0.023923506084054955
D 32 1.1704777689614903 8 0.020775233652095451
D 32 1.1704777689614903 9 0.018351599762732627
D 32 1.1704777689614903 10 0.016429915851685694
D 32 1.1704777689614903 11 0.014869799673759216
D 32 1.1704777689614903 12 0.013578514837303211
D 32 1.1704777689614903 13 0.012492410670567292
D 32 1.1704777689614903 14 0.011566385894724349
D 32 1.1704777689614903 15 0.010767610724492024
D 32 1.1704777689614903 16 0.010071630616643026
D 32 1.1704777689614903 17 0.0094598624361574013
D 32 1.1704777689614903 18 0.0089179362597907944
D 32 1.1704777689614903 19 0.0084345679792237841
D 32 1.1704777689614903 20 0.0080007748524082191
D 32 1.1704777689614903 21 0.0076093183611825451
D 32 1.1704777689614903 22 0.0072543011878854844
D 32 1.1704777689614903 23 0.0069308708348791298
D 32 1.1704777689614903 24 0.0066349983997527921
D 32 1.1704777689614903 25 0.0063633112014574696
D 32 1.1704777689614903 26 0.0061129645784387945
D 32 1.1704777689614903 27 0.0058815425764833298
D 32 1.1704777689614903 28 0.0056669802140052001
D 32 1.1704777689614903 29 0.0054675020518949831
D 32 1.1704777689614903 30 0.0052815732166644645
D 32 1.1704777689614903 31 0.0051078600304531319
D 32 1.1704777689614903 32 0.0049451981208968043
F 32 1.1704777689614903 0 0.71592700481414795
F 32 1.1704777689614903 1 0.1733088344335556
F 32 1.1704777689614903 2 0.089582130312919617
F 32 1.1704777689614903 3 0.058818694204092026
F 32 1.1704777689614903 4 0.043363563716411591
F 32 1.1704777689614903 5 0.034196879714727402
F 32 1.1704777689614903 6 0.028170965611934662
F 32 1.1704777689614903 7 0.023923506960272789
F 32 1.1704777689614903 8 0.020775234326720238
F 32 1.1704777689614903 9 0.01835159957408905
F 32 1.1704777689614903 10 0.016429916024208069
F 32 1.1704777689614903 11 0.014869799837470055
F 32 1.1704777689614903 12 0.013578515499830246
F 32 1.1704777689614903 13 0.012492410838603973
F 32 1.1704777689614903 14 0.011566386558115482
F 32 1.1704777689614903 15 0.010767610743641853
F 32 1.1704777689614903 16 0.010071630589663982
F 32 1.1704777689614903 17 0.0094598624855279922
F 32 1.1704777689614903 18 0.0089179361239075661
F 32 1.1704777689614903 19 0.0084345676004886627
F 32 1.1704777689614903 20 0.0080007752403616905
F 32 1.1704777689614903 21 0.0076093180105090141
F 32 1.1704777689614903 22 0.0072543011046946049
F 32 1.1704777689614903 23 0.0069308704696595669
F 32 1.1704777689614903 24 0.0066349981352686882
F 32 1.1704777689614903 25 0.0063633113168179989
F 32 1.1704777689614903 26 0.0061129648238420486
F 32 1.1704777689614903 27 0.0058815423399209976
F 32 1.1704777689614903 28 0.0056669800542294979
F 32 1.1704777689614903 29 0.0054675024002790451
F 32 1.1704777689614903 30 0.005281573161482811
F 32 1.1704777689614903 31 0.0051078596152365208
F 32 1.1704777689614903 32 0.0049451980739831924
D 32 1.3655572304550718 0 0.68375228214847505
D 32 1.3655572304550718 1 0.1569007372421396
D 32 1.3655572304550718 2 0.078892263605682286
D 32 1.3655572304550718 3 0.050976592260073408
D 32 1.3655572304550718 4 0.037200101839617361
D 32 1.3655572304550718 5 0.029131882957053181
D 32 1.3655572304550718 6 0.023877542930532517
D 32 1.3655572304550718 7 0.020200416038049385
D 32 1.3655572304550718 8 0.017490233937620208
D 32 1.3655572304550718 9 0.015413329541124506
D 32 1.3655572304550718 10 0.013772711499548652
D 32 1.3655572304550718 11 0.012444931268164499
D 32 1.3655572304550718 12 0.011348850395105553
D 32 1.3655572304550718 13 0.010429021026508731
D 32 1.3655572304550718 14 0.0096463031314884297
D 32 1.3655572304550718 15 0.0089723010239539866
D 32 1.3655572304550718 16 0.008385925354419713
D 32 1.3655572304550718 17 0.00787119224204238
D 32 1.3655572304550718 18 0.0074157707493991455
D 32 1.3655572304550718 19 0.0070099983954475019
D 32 1.3655572304550718 20 0.0066461980789332149
D 32 1.3655572304550718 21 0.0063181941819847572
D 32 1.3655572304550718 22 0.0060209633545932522
D 32 1.3655572304550718 23 0.0057503782585728077
D 32 1.3655572304550718 24 0.0055030166728744709
D 32 1.3655572304550718 25 0.0052760173321488215
D 32 1.3655572304550718 26 0.0050669696926482549
D 32 1.3655572304550718 27 0.0048738286739240999
D 32 1.3655572304550718 28 0.0046948480227912591
D 32 1.3655572304550718 29 0.0045285277263609567
D 32 1.3655572304550718 30 0.0043735721395986625
D 32 1.3655572304550718 31 0.0042288563668125062
D 32 1.3655572304550718 32 0.0040933990611501129
F 32 1.3655572304550718 0 0.68375229835510254
F 32 1.3655572304550718 1 0.15690074861049652
F 32 1.3655572304550718 2 0.078892268240451813
F 32 1.3655572304550718 3 0.050976593047380447
F 32 1.3655572304550718 4 0.03720010444521904
F 32 1.3655572304550718 5 0.029131883755326271
F 32 1.3655572304550718 6 0.023877542465925217
F 32 1.3655572304550718 7 0.020200414583086967
F 32 1.3655572304550718 8 0.017490234225988388
F 32 1.3655572304550718 9 0.015413329936563969
F 32 1.3655572304550718 10 0.013772712089121342
F 32 1.3655572304550718 11 0.012444931082427502
F 32 1.3655572304550718 12 0.011348851025104523
F 32 1.3655572304550718 13 0.010429020971059799
F 32 1.3655572304550718 14 0.0096463039517402649
F 32 1.3655572304550718 15 0.00897230114787817
F 32 1.3655572304550718 16 0.0083859255537390709
F 32 1.3655572304550718 17 0.0078711928799748421
F 32 1.3655572304550718 18 0.0074157705530524254
F 32 1.3655572304550718 19 0.0070099984295666218
F 32 1.3655572304550718 20 0.0066461986862123013
F 32 1.3655572304550718 21 0.0063181943260133266
F 32 1.3655572304550718 22 0.006020963191986084
F 32 1.3655572304550718 23 0.0057503785938024521
F 32 1.3655572304550718 24 0.0055030165240168571
F 32 1.3655572304550718 25 0.0052760173566639423
F 32 1.3655572304550718 26 0.0050669698975980282
F 32 1.3655572304550718 27 0.0048738289624452591
F 32 1.3655572304550718 28 0.004694848321378231
F 32 1.3655572304550718 29 0.0045285276137292385
F 32 1.3655572304550718 30 0.004373572301119566
F 32 1.3655572304550718 31 0.0042288564145565033
F 32 1.3655572304550718 32 0.0040933992713689804
D 32 1.5606366919486536 0 0.65458443611579487
D 32 1.5606366919486536 1 0.14243613410161432
D 32 1.5606366919486536 2 0.069620969949870298
D 32 1.5606366919486536 3 0.044245572535435637
D 32 1.5606366919486536 4 0.031947437357871519
D 32 1.5606366919486536 5 0.02483749574183227
D 32 1.5606366919486536 6 0.020251392155220472
D 32 1.5606366919486536 7 0.017065399158390421
D 32 1.5606366919486536 8 0.01473073963141526
D 32 1.5606366919486536 9 0.01294992361239149
D 32 1.5606366919486536 10 0.011548564435977522
D 32 1.5606366919486536 11 0.010418033705117832
D 32 1.5606366919486536 12 0.009487298847733935
D 32 1.5606366919486536 13 0.0087080322711789882
D 32 1.5606366919486536 14 0.0080462511269279932
D 32 1.5606366919486536 15 0.0074773843784780945
D 32 1.5606366919486536 16 0.0069832376766710818
D 32 1.5606366919486536 17 0.0065500579335410541
D 32 1.5606366919486536 18 0.0061672604309663398
D 32 1.5606366919486536 19 0.0058265687973310578
D 32 1.5606366919486536 20 0.0055214199901945024
D 32 1.5606366919486536 21 0.0052465438763741341
D 32 1.5606366919486536 22 0.0049976605462901495
D 32 1.5606366919486536 23 0.0047712586858582118
D 32 1.5606366919486536 24 0.0045644308087964902
D 32 1.5606366919486536 25 0.0043747490566749484
D 32 1.5606366919486536 26 0.0042001703916285582
D 32 1.5606366919486536 27 0.0040389633865950732
D 32 1.5606366919486536 28 0.0038896510911745914
D 32 1.5606366919486536 29 0.0037509660057826856
D 32 1.5606366919486536 30 0.0036218142762824996
D 32 1.5606366919486536 31 0.0035012469815727735
D 32 1.5606366919486536 32 0.0033884369291229299
F 32 1.5606366919486536 0 0.65458446741104126
F 32 1.5606366919486536 1 0.14243614673614502
F 32 1.5606366919486536 2 0.069620974361896515
F 32 1.5606366919486536 3 0.044245574623346329
F 32 1.5606366919486536 4 0.031947437673807144
F 32 1.5606366919486536 5 0.024837495759129524
F 32 1.5606366919486536 6 0.02025139331817627
F 32 1.5606366919486536 7 0.017065400257706642
F 32 1.5606366919486536 8 0.014730741269886494
F 32 1.5606366919486536 9 0.012949923984706402
F 32 1.5606366919486536 10 0.011548564769327641
F 32 1.5606366919486536 11 0.01041803415864706
F 32 1.5606366919486536 12 0.0094872992485761642
F 32 1.5606366919486536 13 0.0087080327793955803
F 32 1.5606366919486536 14 0.0080462517216801643
F 32 1.5606366919486536 15 0.0074773849919438362
F 32 1.5606366919486536 16 0.0069832382723689079
F 32 1.5606366919486536 17 0.0065500582568347454
F 32 1.5606366919486536 18 0.006167260929942131
F 32 1.5606366919486536 19 0.0058265691623091698
F 32 1.5606366919486536 20 0.0055214203894138336
F 32 1.5606366919486536 21 0.0052465442568063736
F 32 1.5606366919486536 22 0.0049976608715951443
F 32 1.5606366919486536 23 0.0047712591476738453
F 32 1.5606366919486536 24 0.0045644310303032398
F 32 1.5606366919486536 25 0.0043747490271925926
F 32 1.5606366919486536 26 0.0042001707479357719
F 32 1.5606366919486536 27 0.0040389634668827057
F 32 1.5606366919486536 28 0.0038896510377526283
F 32 1.5606366919486536 29 0.0037509661633521318
F 32 1.5606366919486536 30 0.0036218145396560431
F 32 1.5606366919486536 31 0.0035012471489608288
F 32 1.5606366919486536 32 0.0033884372096508741
D 32 1.7557161534422354 0 0.62806994423957396
D 32 1.7557161534422354 1 0.12965834051324296
D 32 1.7557161534422354 2 0.061567914213103696
D 32 1.7557161534422354 3 0.038461830033398106
D 32 1.7557161534422354 4 0.027467239377032677
D 32 1.7557161534422354 5 0.02119411379312091
D 32 1.7557161534422354 6 0.017187229581974318
D 32 1.7557161534422354 7 0.014424463191848057
D 32 1.7557161534422354 8 0.012411883688581069
D 32 1.7557161534422354 9 0.010884038438275578
D 32 1.7557161534422354 10 0.0096864381398453787
D 32 1.7557161534422354 11 0.0087234324216792641
D 32 1.7557161534422354 12 0.007932799142864027
D 32 1.7557161534422354 13 0.0072723942355913127
D 32 1.7557161534422354 14 0.0067126983511563475
D 32 1.7557161534422354 15 0.0062324407155114718
D 32 1.7557161534422354 16 0.005815918375094738
D 32 1.7557161534422354 17 0.0054512934326691005
D 32 1.7557161534422354 18 0.0051294771093151571
D 32 1.7557161534422354 19 0.004843378158528585
D 32 1.7557161534422354 20 0.0045873843692467598
D 32 1.7557161534422354 21 0.0043569971731411685
D 32 1.7557161534422354 22 0.0041485692069770409
D 32 1.7557161534422354 23 0.0039591125770431484
D 32 1.7557161534422354 24 0.0037861566035652526
D 32 1.7557161534422354 25 0.0036276407907331987
D 32 1.7557161534422354 26 0.0034818332676035467
D 32 1.7557161534422354 27 0.0033472679099064129
D 32 1.7557161534422354 28 0.0032226953423881272
D 32 1.7557161534422354 29 0.0031070443791235834
D 32 1.7557161534422354 30 0.0029993914002833738
D 32 1.7557161534422354 31 0.0028989358254132461
D 32 1.7557161534422354 32 0.0028049803145510721
F 32 1.7557161534422354 0 0.62806993722915649
F 32 1.7557161534422354 1 0.12965834140777588
F 32 1.7557161534422354 2 0.061567913740873337
F 32 1.7557161534422354 3 0.038461830466985703
F 32 1.7557161534422354 4 0.027467237785458565
F 32 1.7557161534422354 5 0.021194113418459892
F 32 1.7557161534422354 6 0.017187228426337242
F 32 1.7557161534422354 7 0.014424462802708149
F 32 1.7557161534422354 8 0.012411884032189846
F 32 1.7557161534422354 9 0.010884038172662258
F 32 1.7557161534422354 10 0.0096864374354481697
F 32 1.7557161534422354 11 0.0087234321981668472
F 32 1.7557161534422354 12 0.0079327989369630814
F 32 1.7557161534422354 13 0.0072723934426903725
F 32 1.7557161534422354 14 0.0067126983776688576
F 32 1.7557161534422354 15 0.0062324404716491699
F 32 1.7557161534422354 16 0.0058159180916845798
F 32 1.7557161534422354 17 0.00545129319652915
F 32 1.7557161534422354 18 0.0051294765435159206
F 32 1.7557161534422354 19 0.0048433779738843441
F 32 1.7557161534422354 20 0.0045873844064772129
F 32 1.7557161534422354 21 0.004356997087597847
F 32 1.7557161534422354 22 0.0041485689580440521
F 32 1.7557161534422354 23 0.0039591123349964619
F 32 1.7557161534422354 24 0.0037861564196646214
F 32 1.7557161534422354 25 0.0036276406608521938
F 32 1.7557161534422354 26 0.0034818332642316818
F 32 1.7557161534422354 27 0.0033472676295787096
F 32 1.7557161534422354 28 0.0032226950861513615
F 32 1.7557161534422354 29 0.0031070441473275423
F 32 1.7557161534422354 30 0.0029993911739438772
F 32 1.7557161534422354 31 0.0028989356942474842
F 32 1.7557161534422354 32 0.0028049801476299763
D 32 1.950795614935817 0 0.60390179828396273
D 32 1.950795614935817 1 0.11834681027590589
D 32 1.950795614935817 2 0.054562227834030565
D 32 1.950795614935817 3 0.033486393177648503
D 32 1.950795614935817 4 0.023642617993676476
D 32 1.950795614935817 5 0.018100984073927646
D 32 1.950795614935817 6 0.014596583862751738
D 32 1.950795614935817 7 0.012198784081522656
D 32 1.950795614935817 8 0.010462613223573607
D 32 1.950795614935817 9 0.0091510108232737385
D 32 1.950795614935817 10 0.0081270134531848774
D 32 1.950795614935817 11 0.0073063423637063666
D 32 1.950795614935817 12 0.0066344605603114335
D 32 1.950795614935817 13 0.0060745965897507732
D 32 1.950795614935817 14 0.0056010959138289157
D 32 1.950795614935817 15 0.0051955366614609205
D 32 1.950795614935817 16 0.0048443607142576815
D 32 1.950795614935817 17 0.0045373749578783663
D 32 1.950795614935817 18 0.0042667725337501477
D 32 1.950795614935817 19 0.0040264757620613817
D 32 1.950795614935817 20 0.0038116841606385
D 32 1.950795614935817 21 0.0036185567698328344
D 32 1.950795614935817 22 0.0034439845393664866
D 32 1.950795614935817 23 0.0032854244045723716
D 32 1.950795614935817 24 0.003140776433183274
D 32 1.950795614935817 25 0.0030082915677869526
D 32 1.950795614935817 26 0.0028865014465646681
D 32 1.950795614935817 27 0.002774164386277186
D 32 1.950795614935817 28 0.0026702233533013888
D 32 1.950795614935817 29 0.0025737729347683281
D 32 1.950795614935817 30 0.0024840331424069093
D 32 1.950795614935817 31 0.0024003284575056538
D 32 1.950795614935817 32 0.0023220709348755102
F 32 1.950795614935817 0 0.60390186309814453
F 32 1.950795614935817 1 0.11834681779146194
F 32 1.950795614935817 2 0.05456223338842392
F 32 1.950795614935817 3 0.033486396074295044
F 32 1.950795614935817 4 0.023642620071768761
F 32 1.950795614935817 5 0.018100984394550323
F 32 1.950795614935817 6 0.014596583321690559
F 32 1.950795614935817 7 0.01219878438860178
F 32 1.950795614935817 8 0.01046261377632618
F 32 1.950795614935817 9 0.009151010774075985
F 32 1.950795614935817 10 0.0081270141527056694
F 32 1.950795614935817 11 0.0073063424788415432
F 32 1.950795614935817 12 0.0066344607621431351
F 32 1.950795614935817 13 0.0060745966620743275
F 32 1.950795614935817 14 0.0056010959669947624
F 32 1.950795614935817 15 0.0051955371163785458
F 32 1.950795614935817 16 0.0048443605192005634
F 32 1.950795614935817 17 0.0045373751781880856
F 32 1.950795614935817 18 0.004266772884875536
F 32 1.950795614935817 19 0.004026475828140974
F 32 1.950795614935817 20 0.0038116844370961189
F 32 1.950795614935817 21 0.0036185567732900381
F 32 1.950795614935817 22 0.0034439845476299524
F 32 1.950795614935817 23 0.0032854245509952307
F 32 1.950795614935817 24 0.0031407764181494713
F 32 1.950795614935817 25 0.0030082918237894773
F 32 1.950795614935817 26 0.0028865013737231493
F 32 1.950795614935817 27 0.0027741643134504557
F 32 1.950795614935817 28 0.0026702233590185642
F 32 1.950795614935817 29 0.0025737730320543051
F 32 1.950795614935817 30 0.0024840331170707941
F 32 1.950795614935817 31 0.0024003284052014351
F 32 1.950795614935817 32 0.0023220707662403584
D 32 2.145875076429399 0 0.58181292789042516
D 32 2.145875076429399 1 0.10831182453774595
D 32 2.145875076429399 2 0.048458048076393111
D 32 2.145875076429399 3 0.029201280956289193
D 32 2.145875076429399 4 0.020374748111009765
D 32 2.145875076429399 5 0.015473196775146485
D 32 2.145875076429399 6 0.012405085164850291
D 32 2.145875076429399 7 0.010322238525326526
D 32 2.145875076429399 8 0.0088234259118124166
D 32 2.145875076429399 9 0.0076967672744585386
D 32 2.145875076429399 10 0.0068207465015348934
D 32 2.145875076429399 11 0.0061210548662985823
D 32 2.145875076429399 12 0.0055498625740976002
D 32 2.145875076429399 13 0.0050750684924640074
D 32 2.145875076429399 14 0.0046743659830771785
D 32 2.145875076429399 15 0.0043317934346005062
D 32 2.145875076429399 16 0.0040356398861988562
D 32 2.145875076429399 17 0.0037771252503190321
D 32 2.145875076429399 18 0.0035495415260555201
D 32 2.145875076429399 19 0.0033476781215572892
D 32 2.145875076429399 20 0.0031674277118719329
D 32 2.145875076429399 21 0.0030055099558902202
D 32 2.145875076429399 22 0.0028592740239006299
D 32 2.145875076429399 23 0.0027265549681625774
D 32 2.145875076429399 24 0.002605567596252926
D 32 2.145875076429399 25 0.0024948269262884395
D 32 2.145875076429399 26 0.0023930877848819631
D 32 2.145875076429399 27 0.0022992983918302136
D 32 2.145875076429399 28 0.0022125643008826445
D 32 2.145875076429399 29 0.0021321201025825613
D 32 2.145875076429399 30 0.0020573070108358929
D 32 2.145875076429399 31 0.0019875549561450363
D 32 2.145875076429399 32 0.001922368164303066
F 32 2.145875076429399 0 0.58181297779083252
F 32 2.145875076429399 1 0.10831183195114136
F 32 2.145875076429399 2 0.048458050936460495
F 32 2.145875076429399 3 0.029201284050941467
F 32 2.145875076429399 4 0.020374750718474388
F 32 2.145875076429399 5 0.015473198145627975
F 32 2.145875076429399 6 0.012405086308717728
F 32 2.145875076429399 7 0.010322239249944687
F 32 2.145875076429399 8 0.0088234264403581619
F 32 2.145875076429399 9 0.0076967682689428329
F 32 2.145875076429399 10 0.0068207476288080215
F 32 2.145875076429399 11 0.0061210556887090206
F 32 2.145875076429399 12 0.0055498629808425903
F 32 2.145875076429399 13 0.0050750691443681717
F 32 2.145875076429399 14 0.0046743662096560001
F 32 2.145875076429399 15 0.0043317941017448902
F 32 2.145875076429399 16 0.0040356405079364777
F 32 2.145875076429399 17 0.0037771253846585751
F 32 2.145875076429399 18 0.0035495420452207327
F 32 2.145875076429399 19 0.003347678342834115
F 32 2.145875076429399 20 0.0031674278434365988
F 32 2.145875076429399 21 0.0030055101960897446
F 32 2.145875076429399 22 0.0028592741582542658
F 32 2.145875076429399 23 0.0027265551034361124
F 32 2.145875076429399 24 0.0026055676862597466
F 32 2.145875076429399 25 0.0024948271457105875
F 32 2.145875076429399 26 0.0023930880706757307
F 32 2.145875076429399 27 0.0022992987651377916
F 32 2.145875076429399 28 0.0022125646937638521
F 32 2.145875076429399 29 0.0021321203093975782
F 32 2.145875076429399 30 0.0020573073998093605
F 32 2.145875076429399 31 0.0019875552970916033
F 32 2.145875076429399 32 0.0019223683048039675
D 32 2.3409545379229808 0 0.56157063768757065
D 32 2.3409545379229808 1 0.099389991653473064
D 32 2.3409545379229808 2 0.043130748156832044
D 32 2.3409545379229808 3 0.025506263605869394
D 32 2.3409545379229808 4 0.017580032031974686
D 32 2.3409545379229808 5 0.013239162394381099
D 32 2.3409545379229808 6 0.010550194764802491
D 32 2.3409545379229808 7 0.0087393406327777659
D 32 2.3409545379229808 8 0.0074444794228405615
D 32 2.3409545379229808 9 0.0064760797316177994
D 32 2.3409545379229808 10 0.005726249858659032
D 32 2.3409545379229808 11 0.0051294275317765713
D 32 2.3409545379229808 12 0.0046436398404452201
D 32 2.3409545379229808 13 0.004240847477505142
D 32 2.3409545379229808 14 0.0039016452220224694
D 32 2.3409545379229808 15 0.0036121969580699379
D 32 2.3409545379229808 16 0.0033623831065969357
D 32 2.3409545379229808 17 0.0031446379163435306
D 32 2.3409545379229808 18 0.0029531956155309349
D 32 2.3409545379229808 19 0.0027835876021084448
D 32 2.3409545379229808 20 0.0026322986127366769
D 32 2.3409545379229808 21 0.002496526356221693
D 32 2.3409545379229808 22 0.0023740101357273154
D 32 2.3409545379229808 23 0.0022629064809196655
D 32 2.3409545379229808 24 0.0021616974448558281
D 32 2.3409545379229808 25 0.0020691220021748107
D 32 2.3409545379229808 26 0.0019841240492941728
D 32 2.3409545379229808 27 0.001905812511760092
D 32 2.3409545379229808 28 0.0018334304000410943
D 32 2.3409545379229808 29 0.0017663305611989848
D 32 2.3409545379229808 30 0.0017039564982106931
D 32 2.3409545379229808 31 0.0016458270652210815
D 32 2.3409545379229808 32 0.001591524156342357
F 32 2.3409545379229808 0 0.56157058477401733
F 32 2.3409545379229808 1 0.099389977753162384
F 32 2.3409545379229808 2 0.043130744248628616
F 32 2.3409545379229808 3 0.025506261736154556
F 32 2.3409545379229808 4 0.017580030485987663
F 32 2.3409545379229808 5 0.013239161111414433
F 32 2.3409545379229808 6 0.010550194419920444
F 32 2.3409545379229808 7 0.0087393401190638542
F 32 2.3409545379229808 8 0.0074444790370762348
F 32 2.3409545379229808 9 0.0064760795794427395
F 32 2.3409545379229808 10 0.005726249422878027
F 32 2.3409545379229808 11 0.005129427183419466
F 32 2.3409545379229808 12 0.004643639549612999
F 32 2.3409545379229808 13 0.0042408471927046776
F 32 2.3409545379229808 14 0.0039016450755298138
F 32 2.3409545379229808 15 0.003612196771427989
F 32 2.3409545379229808 16 0.0033623829949647188
F 32 2.3409545379229808 17 0.0031446379143744707
F 32 2.3409545379229808 18 0.0029531954787671566
F 32 2.3409545379229808 19 0.0027835874352604151
F 32 2.3409545379229808 20 0.00263229850679636
F 32 2.3409545379229808 21 0.0024965263437479734
F 32 2.3409545379229808 22 0.0023740099277347326
F 32 2.3409545379229808 23 0.0022629064042121172
F 32 2.3409545379229808 24 0.0021616972517222166
F 32 2.3409545379229808 25 0.0020691219251602888
F 32 2.3409545379229808 26 0.0019841238390654325
F 32 2.3409545379229808 27 0.0019058124162256718
F 32 2.3409545379229808 28 0.0018334303749725223
F 32 2.3409545379229808 29 0.0017663304461166263
F 32 2.3409545379229808 30 0.0017039563972502947
F 32 2.3409545379229808 31 0.001645826967433095
F 32 2.3409545379229808 32 0.0015915241092443466
D 32 2.5360339994165626 0 0.54297185439590889
D 32 2.5360339994165626 1 0.091440424192347006
D 32 2.5360339994165626 2 0.038473748295913171
D 32 2.5360339994165626 3 0.022316131498123962
D 32 2.5360339994165626 4 0.015187713464096014
D 32 2.5360339994165626 5 0.011338494700764135
D 32 2.5360339994165626 6 0.0089793032484390689
D 32 2.5360339994165626 7 0.0074035161177191441
D 32 2.5360339994165626 8 0.0062840121076729359
D 32 2.5360339994165626 9 0.0054511100376831286
D 32 2.5360339994165626 10 0.0048089429541188188
D 32 2.5360339994165626 11 0.0042996263045631308
D 32 2.5360339994165626 12 0.0038863043554044421
D 32 2.5360339994165626 13 0.0035444721638329046
D 32 2.5360339994165626 14 0.0032572401192393053
D 32 2.5360339994165626 15 0.0030126091391668658
D 32 2.5360339994165626 16 0.0028018311795628332
D 32 2.5360339994165626 17 0.0026183844298714987
D 32 2.5360339994165626 18 0.0024573112975201593
D 32 2.5360339994165626 19 0.0023147783035967996
D 32 2.5360339994165626 20 0.0021877760299445258
D 32 2.5360339994165626 21 0.002073909927857076
D 32 2.5360339994165626 22 0.0019712515388151464
D 32 2.5360339994165626 23 0.0018782307726737677
D 32 2.5360339994165626 24 0.0017935566454512471
D 32 2.5360339994165626 25 0.0017161580994052761
D 32 2.5360339994165626 26 0.001645139225540626
D 32 2.5360339994165626 27 0.0015797449689785618
D 32 2.5360339994165626 28 0.0015193345683485286
D 32 2.5360339994165626 29 0.0014633607726462577
D 32 2.5360339994165626 30 0.0014113534238099179
D 32 2.5360339994165626 31 0.0013629063734587105
D 32 2.5360339994165626 32 0.001317666971195369
F 32 2.5360339994165626 0 0.54297184944152832
F 32 2.5360339994165626 1 0.091440416872501373
F 32 2.5360339994165626 2 0.038473743945360184
F 32 2.5360339994165626 3 0.022316128015518188
F 32 2.5360339994165626 4 0.015187712386250496
F 32 2.5360339994165626 5 0.011338493786752224
F 32 2.5360339994165626 6 0.0089793018996715546
F 32 2.5360339994165626 7 0.007403514813631773
F 32 2.5360339994165626 8 0.0062840110622346401
F 32 2.5360339994165626 9 0.0054511092603206635
F 32 2.5360339994165626 10 0.0048089423216879368
F 32 2.5360339994165626 11 0.0042996257543563843
F 32 2.5360339994165626 12 0.0038863038644194603
F 32 2.5360339994165626 13 0.0035444716922938824
F 32 2.5360339994165626 14 0.0032572397030889988
F 32 2.5360339994165626 15 0.0030126085039228201
F 32 2.5360339994165626 16 0.002801830880343914
F 32 2.5360339994165626 17 0.0026183840818703175
F 32 2.5360339994165626 18 0.0024573109112679958
F 32 2.5360339994165626 19 0.0023147778119891882
F 32 2.5360339994165626 20 0.0021877756807953119
F 32 2.5360339994165626 21 0.0020739096216857433
F 32 2.5360339994165626 22 0.0019712513312697411
F 32 2.5360339994165626 23 0.0018782304832711816
F 32 2.5360339994165626 24 0.0017935563810169697
F 32 2.5360339994165626 25 0.0017161577707156539
F 32 2.5360339994165626 26 0.0016451389528810978
F 32 2.5360339994165626 27 0.00157974474132061
F 32 2.5360339994165626 28 0.0015193343861028552
F 32 2.5360339994165626 29 0.0014633606187999249
F 32 2.5360339994165626 30 0.00141135323792696
F 32 2.5360339994165626 31 0.0013629061868414283
F 32 2.5360339994165626 32 0.0013176668435335159
D 32 2.731113460910144 0 0.52583906228064714
D 32 2.731113460910144 1 0.084341488905837494
D 32 2.731113460910144 2 0.034395816661188384
D 32 2.731113460910144 3 0.01955839145503049
D 32 2.731113460910144 4 0.01313787037037345
D 32 2.731113460910144 5 0.0097202337325987421
D 32 2.731113460910144 6 0.0076481370517447952
D 32 2.731113460910144 7 0.0062756584833506598
D 32 2.731113460910144 8 0.0053070234379470078
D 32 2.731113460910144 9 0.0045901951440653881
D 32 2.731113460910144 10 0.0040399267735134721
D 32 2.731113460910144 11 0.0036050774844861517
D 32 2.731113460910144 12 0.0032532649127812369
D 32 2.731113460910144 13 0.0029630610552083816
D 32 2.731113460910144 14 0.0027197583971668863
D 32 2.731113460910144 15 0.0025129462326495431
D 32 2.731113460910144 16 0.002335059022980113
D 32 2.731113460910144 17 0.0021804727222134862
D 32 2.731113460910144 18 0.0020449231576368052
D 32 2.731113460910144 19 0.0019251206568845804
D 32 2.731113460910144 20 0.0018184881016283315
D 32 2.731113460910144 21 0.001722978804925003
D 32 2.731113460910144 22 0.0016369473086667156
D 32 2.731113460910144 23 0.0015590560515178664
D 32 2.731113460910144 24 0.0014882068403441983
D 32 2.731113460910144 25 0.0014234897845474504
D 32 2.731113460910144 26 0.0013641447281106966
D 32 2.731113460910144 27 0.0013095317604836364
D 32 2.731113460910144 28 0.0012591084135211222
D 32 2.731113460910144 29 0.0012124118446039493
D 32 2.731113460910144 30 0.0011690447815980729
D 32 2.731113460910144 31 0.0011286643365328122
D 32 2.731113460910144 32 0.0010909730287819615
F 32 2.731113460910144 0 0.52583909034729004
F 32 2.731113460910144 1 0.084341496229171753
F 32 2.731113460910144 2 0.034395821392536163
F 32 2.731113460910144 3 0.019558394327759743
F 32 2.731113460910144 4 0.013137872330844402
F 32 2.731113460910144 5 0.0097202351316809654
F 32 2.731113460910144 6 0.0076481378637254238
F 32 2.731113460910144 7 0.0062756589613854885
F 32 2.731113460910144 8 0.0053070234134793282
F 32 2.731113460910144 9 0.0045901951380074024
F 32 2.731113460910144 10 0.0040399269200861454
F 32 2.731113460910144 11 0.0036050777416676283
F 32 2.731113460910144 12 0.0032532650511711836
F 32 2.731113460910144 13 0.002963061211630702
F 32 2.731113460910144 14 0.0027197583112865686
F 32 2.731113460910144 15 0.0025129462592303753
F 32 2.731113460910144 16 0.0023350592236965895
F 32 2.731113460910144 17 0.0021804729476571083
F 32 2.731113460910144 18 0.0020449231378734112
F 32 2.731113460910144 19 0.0019251207122579217
F 32 2.731113460910144 20 0.0018184882355853915
F 32 2.731113460910144 21 0.0017229790100827813
F 32 2.731113460910144 22 0.0016369473887607455
F 32 2.731113460910144 23 0.00155905622523278
F 32 2.731113460910144 24 0.0014882069081068039
F 32 2.731113460910144 25 0.0014234897680580616
F 32 2.731113460910144 26 0.0013641448458656669
F 32 2.731113460910144 27 0.0013095317408442497
F 32 2.731113460910144 28 0.0012591085396707058
F 32 2.731113460910144 29 0.0012124119093641639
F 32 2.731113460910144 30 0.0011690448736771941
F 32 2.731113460910144 31 0.0011286643566563725
F 32 2.731113460910144 32 0.0010909730335697532
D 32 2.9261929224037257 0 0.51001682399474657
D 32 2.9261929224037257 1 0.077988041771251654
D 32 2.9261929224037257 2 0.030818783625717671
D 32 2.9261929224037257 3 0.017171322692151287
D 32 2.9261929224037257 4 0.011379725866114519
D 32 2.9261929224037257 5 0.0083413537352330196
D 32 2.9261929224037257 6 0.0065194229893427895
D 32 2.9261929224037257 7 0.0053229208427319598
D 32 2.9261929224037257 8 0.0044841712539925036
D 32 2.9261929224037257 9 0.0038668330574152419
D 32 2.9261929224037257 10 0.0033950454309326426
D 32 2.9261929224037257 11 0.0030235945220297533
D 32 2.9261929224037257 12 0.0027240107130680246
D 32 2.9261929224037257 13 0.0024775460714272944
D 32 2.9261929224037257 14 0.0022713867493733375
D 32 2.9261929224037257 15 0.002096495991338604
D 32 2.9261929224037257 16 0.0019463281754025074
D 32 2.9261929224037257 17 0.0018160315812552597
D 32 2.9261929224037257 18 0.0017019371824826422
D 32 2.9261929224037257 19 0.0016012210629876768
D 32 2.9261929224037257 20 0.0015116756520672048
D 32 2.9261929224037257 21 0.0014315511124010348
D 32 2.9261929224037257 22 0.0013594431016338807
D 32 2.9261929224037257 23 0.0012942118831456937
D 32 2.9261929224037257 24 0.0012349230606247175
D 32 2.9261929224037257 25 0.0011808035022710156
D 32 2.9261929224037257 26 0.0011312081128886078
D 32 2.9261929224037257 27 0.0010855944708963521
D 32 2.9261929224037257 28 0.0010435032468504492
D 32 2.9261929224037257 29 0.0010045429262444405
D 32 2.9261929224037257 30 0.00096837777451552526
D 32 2.9261929224037257 31 0.00093471827081931572
D 32 2.9261929224037257 32 0.00090331344060067009
F 32 2.9261929224037257 0 0.5100167989730835
F 32 2.9261929224037257 1 0.077988035976886749
F 32 2.9261929224037257 2 0.03081878088414669
F 32 2.9261929224037257 3 0.01717132143676281
F 32 2.9261929224037257 4 0.0113797252997756
F 32 2.9261929224037257 5 0.0083413533866405487
F 32 2.9261929224037257 6 0.0065194228664040565
F 32 2.9261929224037257 7 0.0053229206241667271
F 32 2.9261929224037257 8 0.0044841715134680271
F 32 2.9261929224037257 9 0.0038668329361826181
F 32 2.9261929224037257 10 0.0033950454089790583
F 32 2.9261929224037257 11 0.0030235946178436279
F 32 2.9261929224037257 12 0.0027240107301622629
F 32 2.9261929224037257 13 0.00247754598967731
F 32 2.9261929224037257 14 0.0022713865619152784
F 32 2.9261929224037257 15 0.0020964958239346743
F 32 2.9261929224037257 16 0.0019463280914351344
F 32 2.9261929224037257 17 0.0018160315230488777
F 32 2.9261929224037257 18 0.0017019371734932065
F 32 2.9261929224037257 19 0.001601221039891243
F 32 2.9261929224037257 20 0.001511675538495183
F 32 2.9261929224037257 21 0.0014315510634332895
F 32 2.9261929224037257 22 0.0013594430638477206
F 32 2.9261929224037257 23 0.0012942118337377906
F 32 2.9261929224037257 24 0.0012349230237305164
F 32 2.9261929224037257 25 0.0011808034032583237
F 32 2.9261929224037257 26 0.0011312080314382911
F 32 2.9261929224037257 27 0.0010855944128707051
F 32 2.9261929224037257 28 0.0010435031726956367
F 32 2.9261929224037257 29 0.0010045429226011038
F 32 2.9261929224037257 30 0.00096837774617597461
F 32 2.9261929224037257 31 0.00093471823493018746
F 32 2.9261929224037257 32 0.00090331339742988348
D 32 3.1212723838973075 0 0.49536879962200581
D 32 3.1212723838973075 1 0.072289073948055879
D 32 3.1212723838973075 2 0.027675604900203453
D 32 3.1212723838973075 3 0.015102335462381024
D 32 3.1212723838973075 4 0.0098702262057758974
D 32 3.1212723838973075 5 0.0071655099381744969
D 32 3.1212723838973075 6 0.0055617686909009952
D 32 3.1212723838973075 7 0.0045177046784439269
D 32 3.1212723838973075 8 0.0037908500103824867
D 32 3.1212723838973075 9 0.0032588362045238356
D 32 3.1212723838973075 10 0.0028541034577787574
D 32 3.1212723838973075 11 0.0025366503442948649
D 32 3.1212723838973075 12 0.0022814315587137983
D 32 3.1212723838973075 13 0.00207203475027109
D 32 3.1212723838973075 14 0.0018972901947889561
D 32 3.1212723838973075 15 0.001749350109007898
D 32 3.1212723838973075 16 0.0016225488926644338
D 32 3.1212723838973075 17 0.0015126994727842154
D 32 3.1212723838973075 18 0.0014166437883184355
D 32 3.1212723838973075 19 0.0013319569499648189
D 32 3.1212723838973075 20 0.0012567473781286095
D 32 3.1212723838973075 21 0.0011895186179088884
D 32 3.1212723838973075 22 0.0011290718053946233
D 32 3.1212723838973075 23 0.0010744355408565283
D 32 3.1212723838973075 24 0.0010248146195778714
D 32 3.1212723838973075 25 0.00097955197886781878
D 32 3.1212723838973075 26 0.00093810006355405967
D 32 3.1212723838973075 27 0.00089999900657476012
D 32 3.1212723838973075 28 0.00086485981015520729
D 32 3.1212723838973075 29 0.00083235124348670167
D 32 3.1212723838973075 30 0.00080218953537965296
D 32 3.1212723838973075 31 0.0007741301919432659
D 32 3.1212723838973075 32 0.00074796144637401534
F 32 3.1212723838973075 0 0.4953688383102417
F 32 3.1212723838973075 1 0.072289079427719116
F 32 3.1212723838973075 2 0.027675608173012733
F 32 3.1212723838973075 3 0.01510233711451292
F 32 3.1212723838973075 4 0.0098702274262905121
F 32 3.1212723838973075 5 0.0071655106730759144
F 32 3.1212723838973075 6 0.0055617690086364746
F 32 3.1212723838973075 7 0.004517704714089632
F 32 3.1212723838973075 8 0.0037908500526100397
F 32 3.1212723838973075 9 0.003258836455643177
F 32 3.1212723838973075 10 0.0028541036881506443
F 32 3.1212723838973075 11 0.0025366505142301321
F 32 3.1212723838973075 12 0.002281431807205081
F 32 3.1212723838973075 13 0.0020720348693430424
F 32 3.1212723838973075 14 0.0018972903490066528
F 32 3.1212723838973075 15 0.0017493502236902714
F 32 3.1212723838973075 16 0.0016225489089265466
F 32 3.1212723838973075 17 0.0015126995276659727
F 32 3.1212723838973075 18 0.0014166439650580287
F 32 3.1212723838973075 19 0.0013319570571184158
F 32 3.1212723838973075 20 0.0012567475205287337
F 32 3.1212723838973075 21 0.0011895187199115753
F 32 3.1212723838973075 22 0.0011290719266980886
F 32 3.1212723838973075 23 0.0010744356550276279
F 32 3.1212723838973075 24 0.0010248146718367934
F 32 3.1212723838973075 25 0.00097955204546451569
F 32 3.1212723838973075 26 0.00093810015823692083
F 32 3.1212723838973075 27 0.00089999905321747065
F 32 3.1212723838973075 28 0.00086485984502360225
F 32 3.1212723838973075 29 0.00083235127385705709
F 32 3.1212723838973075 30 0.00080218957737088203
F 32 3.1212723838973075 31 0.00077413022518157959
F 32 3.1212723838973075 32 0.00074796151602640748
D 32 3.3163518453908893 0 0.48177519003894675
D 32 3.3163518453908893 1 0.067165706032040945
D 32 3.3163518453908893 2 0.024908719287350656
D 32 3.3163518453908893 3 0.013306584585280279
D 32 3.3163518453908893 4 0.0085728431423408025
D 32 3.3163518453908893 5 0.006161985585396333
D 32 3.3163518453908893 6 0.004748723772610197
D 32 3.3163518453908893 7 0.0038368132339510826
D 32 3.3163518453908893 8 0.0032064201499848221
D 32 3.3163518453908893 9 0.0027476244459412689
D 32 3.3163518453908893 10 0.0024002128647394511
D 32 3.3163518453908893 11 0.0021287708710532377
D 32 3.3163518453908893 12 0.0019112517125675296
D 32 3.3163518453908893 13 0.0017332794594610175
D 32 3.3163518453908893 14 0.0015851125196191869
D 32 3.3163518453908893 15 0.0014599324459721571
D 32 3.3163518453908893 16 0.0013528332482789379
D 32 3.3163518453908893 17 0.0012602000385690268
D 32 3.3163518453908893 18 0.0011793135904023962
D 32 3.3163518453908893 19 0.0011080909748521508
D 32 3.3163518453908893 20 0.0010449108834156466
D 32 3.3163518453908893 21 0.00098849319665656192
D 32 3.3163518453908893 22 0.00093781420065730894
D 32 3.3163518453908893 23 0.00089204577185275689
D 32 3.3163518453908893 24 0.00085051101237266363
D 32 3.3163518453908893 25 0.00081265138792298275
D 32 3.3163518453908893 26 0.0007780020453769204
D 32 3.3163518453908893 27 0.00074617303733774481
D 32 3.3163518453908893 28 0.00071683487292204255
D 32 3.3163518453908893 29 0.00068970727829278445
D 32 3.3163518453908893 30 0.00066455036716556312
D 32 3.3163518453908893 31 0.00064115764084936625
D 32 3.3163518453908893 32 0.00061935039144814252
F 32 3.3163518453908893 0 0.48177516460418701
F 32 3.3163518453908893 1 0.06716570258140564
F 32 3.3163518453908893 2 0.024908717721700668
F 32 3.3163518453908893 3 0.013306583277881145
F 32 3.3163518453908893 4 0.008572842925786972
F 32 3.3163518453908893 5 0.0061619849875569344
F 32 3.3163518453908893 6 0.0047487234696745872
F 32 3.3163518453908893 7 0.0038368131499737501
F 32 3.3163518453908893 8 0.0032064199913293123
F 32 3.3163518453908893 9 0.0027476244140416384
F 32 3.3163518453908893 10 0.0024002126883715391
F 32 3.3163518453908893 11 0.00212877057492733
F 32 3.3163518453908893 12 0.0019112515728920698
F 32 3.3163518453908893 13 0.0017332793213427067
F 32 3.3163518453908893 14 0.0015851124189794064
F 32 3.3163518453908893 15 0.0014599324204027653
F 32 3.3163518453908893 16 0.0013528331182897091
F 32 3.3163518453908893 17 0.0012601999333128333
F 32 3.3163518453908893 18 0.0011793135199695826
F 32 3.3163518453908893 19 0.0011080908589065075
F 32 3.3163518453908893 20 0.0010449107503518462
F 32 3.3163518453908893 21 0.00098849309142678976
F 32 3.3163518453908893 22 0.00093781412579119205
F 32 3.3163518453908893 23 0.0008920457330532372
F 32 3.3163518453908893 24 0.00085051089990884066
F 32 3.3163518453908893 25 0.00081265135668218136
F 32 3.3163518453908893 26 0.0007780020241625607
F 32 3.3163518453908893 27 0.00074617302743718028
F 32 3.3163518453908893 28 0.00071683479472994804
F 32 3.3163518453908893 29 0.00068970723077654839
F 32 3.3163518453908893 30 0.00066455034539103508
F 32 3.3163518453908893 31 0.00064115755958482623
F 32 3.3163518453908893 32 0.00061935035046190023
D 32 3.5114313068844711 0 0.46913054195352222
D 32 3.5114313068844711 1 0.062549477716596774
D 32 3.5114313068844711 2 0.022468655367621684
D 32 3.5114313068844711 3 0.011745797687900099
D 32 3.5114313068844711 4 0.0074565648380719484
D 32 3.5114313068844711 5 0.0053048069148818062
D 32 3.5114313068844711 6 0.0040579923379056955
D 32 3.5114313068844711 7 0.0032607425583146012
D 32 3.5114313068844711 8 0.0027135636898969065
D 32 3.5114313068844711 9 0.0023176345938300154
D 32 3.5114313068844711 10 0.0020192483714698136
D 32 3.5114313068844711 11 0.001787029464224375
D 32 3.5114313068844711 12 0.001601558354316623
D 32 3.5114313068844711 13 0.0014502356134784994
D 32 3.5114313068844711 14 0.0013245607508853327
D 32 3.5114313068844711 15 0.001218606835912555
D 32 3.5114313068844711 16 0.001128123809640677
D 32 3.5114313068844711 17 0.0010499895465453071
D 32 3.5114313068844711 18 0.00098186183063092222
D 32 3.5114313068844711 19 0.00092195087709514819
D 32 3.5114313068844711 20 0.00086886660830958905
D 32 3.5114313068844711 21 0.00082151365776694265
D 32 3.5114313068844711 22 0.00077901764536744624
D 32 3.5114313068844711 23 0.00074067242102610607
D 32 3.5114313068844711 24 0.00070590166346788121
D 32 3.5114313068844711 25 0.00067423049310143702
D 32 3.5114313068844711 26 0.00064526419076283152
D 32 3.5114313068844711 27 0.00061867203767456411
D 32 3.5114313068844711 28 0.00059417489914422093
D 32 3.5114313068844711 29 0.00057153558101649834
D 32 3.5114313068844711 30 0.00055055126459854092
D 32 3.5114313068844711 31 0.00053104751705350601
D 32 3.5114313068844711 32 0.00051287350836794589
F 32 3.5114313068844711 0 0.46913054585456848
F 32 3.5114313068844711 1 0.062549479305744171
F 32 3.5114313068844711 2 0.022468656301498413
F 32 3.5114313068844711 3 0.011745798401534557
F 32 3.5114313068844711 4 0.0074565657414495945
F 32 3.5114313068844711 5 0.0053048073314130306
F 32 3.5114313068844711 6 0.0040579927153885365
F 32 3.5114313068844711 7 0.0032607426401227713
F 32 3.5114313068844711 8 0.0027135638520121574
F 32 3.5114313068844711 9 0.0023176348768174648
F 32 3.5114313068844711 10 0.0020192484371364117
F 32 3.5114313068844711 11 0.0017870295559987426
F 32 3.5114313068844711 12 0.0016015585279092193
F 32 3.5114313068844711 13 0.0014502356061711907
F 32 3.5114313068844711 14 0.0013245608424767852
F 32 3.5114313068844711 15 0.0012186069507151842
F 32 3.5114313068844711 16 0.0011281239567324519
F 32 3.5114313068844711 17 0.0010499897180125117
F 32 3.5114313068844711 18 0.0009818618418648839
F 32 3.5114313068844711 19 0.00092195096658542752
F 32 3.5114313068844711 20 0.00086886674398556352
F 32 3.5114313068844711 21 0.00082151376409456134
F 32 3.5114313068844711 22 0.00077901774784550071
F 32 3.5114313068844711 23 0.00074067251989617944
F 32 3.5114313068844711 24 0.00070590176619589329
F 32 3.5114313068844711 25 0.00067423057043924928
F 32 3.5114313068844711 26 0.0006452642846852541
F 32 3.5114313068844711 27 0.00061867211479693651
F 32 3.5114313068844711 28 0.00059417489683255553
F 32 3.5114313068844711 29 0.00057153560919687152
F 32 3.5114313068844711 30 0.00055055128177627921
F 32 3.5114313068844711 31 0.00053104758262634277
F 32 3.5114313068844711 32 0.00051287357928231359
D 32 3.7065107683780525 0 0.45734186147477773
D 32 3.7065107683780525 1 0.058380888161714162
D 32 3.7065107683780525 2 0.020312848619349098
D 32 3.7065107683780525 3 0.010387284391109383
D 32 3.7065107683780525 4 0.0064950452797138134
D 32 3.7065107683780525 5 0.0045719990360657036
D 32 3.7065107683780525 6 0.0034707722177939947
D 32 3.7065107683780525 7 0.0027730876717884764
D 32 3.7065107683780525 8 0.0022977452305149625
D 32 3.7065107683780525 9 0.0019558271414462777
D 32 3.7065107683780525 10 0.001699392808718427
D 32 3.7065107683780525 11 0.0015006254508891826
D 32 3.7065107683780525 12 0.0013424087767812903
D 32 3.7065107683780525 13 0.0012136939273520914
D 32 3.7065107683780525 14 0.0011070594899494303
D 32 3.7065107683780525 15 0.0010173510186229121
D 32 3.7065107683780525 16 0.00094088508251134924
D 32 3.7065107683780525 17 0.00087496407418664228
D 32 3.7065107683780525 18 0.0008175697816930216
D 32 3.7065107683780525 19 0.00076716379379214873
D 32 3.7065107683780525 20 0.00072255391870837589
D 32 3.7065107683780525 21 0.00068280261225536071
D 32 3.7065107683780525 22 0.00064716284799014691
D 32 3.7065107683780525 23 0.00061503233734170573
D 32 3.7065107683780525 24 0.00058592028047981231
D 32 3.7065107683780525 25 0.0005594228380300147
D 32 3.7065107683780525 26 0.00053520477754146574
D 32 3.7065107683780525 27 0.00051298556112392964
D 32 3.7065107683780525 28 0.00049252867358763055
D 32 3.7065107683780525 29 0.00047363334640873828
D 32 3.7065107683780525 30 0.00045612807467360148
D 32 3.7065107683780525 31 0.00043986549099862783
D 32 3.7065107683780525 32 0.00042471827719121809
F 32 3.7065107683780525 0 0.45734184980392456
F 32 3.7065107683780525 1 0.058380886912345886
F 32 3.7065107683780525 2 0.020312849432229996
F 32 3.7065107683780525 3 0.010387284681200981
F 32 3.7065107683780525 4 0.0064950454980134964
F 32 3.7065107683780525 5 0.0045719989575445652
F 32 3.7065107683780525 6 0.0034707721788436174
F 32 3.7065107683780525 7 0.0027730877045542002
F 32 3.7065107683780525 8 0.0022977450862526894
F 32 3.7065107683780525 9 0.0019558269996196032
F 32 3.7065107683780525 10 0.0016993926838040352
F 32 3.7065107683780525 11 0.0015006252797320485
F 32 3.7065107683780525 12 0.0013424087082967162
F 32 3.7065107683780525 13 0.0012136938748881221
F 32 3.7065107683780525 14 0.0011070594191551208
F 32 3.7065107683780525 15 0.0010173509363085032
F 32 3.7065107683780525 16 0.00094088504556566477
F 32 3.7065107683780525 17 0.00087496405467391014
F 32 3.7065107683780525 18 0.00081756978761404753
F 32 3.7065107683780525 19 0.00076716381590813398
F 32 3.7065107683780525 20 0.00072255387203767896
F 32 3.7065107683780525 21 0.00068280257983133197
F 32 3.7065107683780525 22 0.00064716278575360775
F 32 3.7065107683780525 23 0.00061503233155235648
F 32 3.7065107683780525 24 0.00058592029381543398
F 32 3.7065107683780525 25 0.00055942282779142261
F 32 3.7065107683780525 26 0.00053520477376878262
F 32 3.7065107683780525 27 0.0005129855708219111
F 32 3.7065107683780525 28 0.00049252866301685572
F 32 3.7065107683780525 29 0.00047363335033878684
F 32 3.7065107683780525 30 0.00045612806570716202
F 32 3.7065107683780525 31 0.00043986548553220928
F 32 3.7065107683780525 32 0.00042471828055568039
D 32 3.9015902298716343 0 0.44632699109503871
D 32 3.9015902298716343 1 0.054608149274413743
D 32 3.9015902298716343 2 0.018404636523525489
D 32 3.9015902298716343 3 0.0092030980513553746
D 32 3.9015902298716343 4 0.0056658869871570802
D 32 3.9015902298716343 5 0.0039449600466162586
D 32 3.9015902298716343 6 0.0029712003840228762
D 32 3.9015902298716343 7 0.0023600450294742315
D 32 3.9015902298716343 8 0.00194676104010331
D 32 3.9015902298716343 9 0.0016512741200900656
D 32 3.9015902298716343 10 0.0014307577025956322
D 32 3.9015902298716343 11 0.0012605326854944992
D 32 3.9015902298716343 12 0.001125503130100956
D 32 3.9015902298716343 13 0.0010159742632166267
D 32 3.9015902298716343 14 0.00092546332997361913
D 32 3.9015902298716343 15 0.00084948552314567628
D 32 3.9015902298716343 16 0.00078484709086525681
D 32 3.9015902298716343 17 0.00072921628478535749
D 32 3.9015902298716343 18 0.00068085343671168638
D 32 3.9015902298716343 19 0.00063843575704084865
D 32 3.9015902298716343 20 0.00060094045172928647
D 32 3.9015902298716343 21 0.00056756482943835752
D 32 3.9015902298716343 22 0.0005376704990105465
D 32 3.9015902298716343 23 0.00051074363099067705
D 32 3.9015902298716343 24 0.00048636616081756295
D 32 3.9015902298716343 25 0.00046419458893174503
D 32 3.9015902298716343 26 0.00044394414805616253
D 32 3.9015902298716343 27 0.00042537682293919643
D 32 3.9015902298716343 28 0.00040829217572276846
D 32 3.9015902298716343 29 0.00039252024194615982
D 32 3.9015902298716343 30 0.00037791597360169432
D 32 3.9015902298716343 31 0.00036435485122781231
D 32 3.9015902298716343 32 0.00035172938871807445
F 32 3.9015902298716343 0 0.44632703065872192
F 32 3.9015902298716343 1 0.054608151316642761
F 32 3.9015902298716343 2 0.018404636532068253
F 32 3.9015902298716343 3 0.0092030977830290794
F 32 3.9015902298716343 4 0.0056658866815268993
F 32 3.9015902298716343 5 0.0039449599571526051
F 32 3.9015902298716343 6 0.0029712000396102667
F 32 3.9015902298716343 7 0.0023600449785590172
F 32 3.9015902298716343 8 0.001946760923601687
F 32 3.9015902298716343 9 0.0016512739239260554
F 32 3.9015902298716343 10 0.0014307575765997171
F 32 3.9015902298716343 11 0.001260532415471971
F 32 3.9015902298716343 12 0.0011255029821768403
F 32 3.9015902298716343 13 0.001015974092297256
F 32 3.9015902298716343 14 0.00092546321684494615
F 32 3.9015902298716343 15 0.00084948539733886719
F 32 3.9015902298716343 16 0.0007848469540476799
F 32 3.9015902298716343 17 0.0007292161462828517
F 32 3.9015902298716343 18 0.00068085332168266177
F 32 3.9015902298716343 19 0.00063843565294519067
F 32 3.9015902298716343 20 0.00060094037326052785
F 32 3.9015902298716343 21 0.00056756474077701569
F 32 3.9015902298716343 22 0.00053767039207741618
F 32 3.9015902298716343 23 0.00051074358634650707
F 32 3.9015902298716343 24 0.00048636607243679464
F 32 3.9015902298716343 25 0.00046419451246038079
F 32 3.9015902298716343 26 0.00044394406722858548
F 32 3.9015902298716343 27 0.00042537675471976399
F 32 3.9015902298716343 28 0.00040829210774973035
F 32 3.9015902298716343 29 0.00039252015994861722
F 32 3.9015902298716343 30 0.00037791591603308916
F 32 3.9015902298716343 31 0.00036435478250496089
F 32 3.9015902298716343 32 0.00035172933712601662
D 32 4.0966696913652161 0 0.4360132117556807
D 32 4.0966696913652161 1 0.051186119924237349
D 32 4.0966696913652161 2 0.016712404289033121
D 32 4.0966696913652161 3 0.0081693261791379399
D 32 4.0966696913652161 4 0.0049500358557325944
D 32 4.0966696913652161 5 0.0034079344045216675
D 32 4.0966696913652161 6 0.0025458873292177708
D 32 4.0966696913652161 7 0.0020099955560584724
D 32 4.0966696913652161 8 0.0016503617362798539
D 32 4.0966696913652161 9 0.0013948146722179435
D 32 4.0966696913652161 10 0.0012050665521909085
D 32 4.0966696913652161 11 0.0010592064675164175
D 32 4.0966696913652161 12 0.00094391173859032461
D 32 4.0966696913652161 13 0.00085067072263414402
D 32 4.0966696913652161 14 0.00077381757104086303
D 32 4.0966696913652161 15 0.00070944821853381832
D 32 4.0966696913652161 16 0.00065479226389576056
D 32 4.0966696913652161 17 0.00060783338083043208
D 32 4.0966696913652161 18 0.00056707144434834278
D 32 4.0966696913652161 19 0.00053136867719665568
D 32 4.0966696913652161 20 0.00049984733795327245
D 32 4.0966696913652161 21 0.00047181999234260154
D 32 4.0966696913652161 22 0.00044674094023041088
D 32 4.0966696913652161 23 0.00042417171030773845
D 32 4.0966696913652161 24 0.00040375611196728528
D 32 4.0966696913652161 25 0.00038520190702527108
D 32 4.0966696913652161 26 0.00036826714799397735
D 32 4.0966696913652161 27 0.00035274985905119771
D 32 4.0966696913652161 28 0.00033848014673934566
D 32 4.0966696913652161 29 0.0003253141006824087
D 32 4.0966696913652161 30 0.00031312902946577866
D 32 4.0966696913652161 31 0.00030181970386345655
D 32 4.0966696913652161 32 0.00029129536818214857
F 32 4.0966696913652161 0 0.43601316213607788
F 32 4.0966696913652161 1 0.051186114549636841
F 32 4.0966696913652161 2 0.016712402924895287
F 32 4.0966696913652161 3 0.0081693259999155998
F 32 4.0966696913652161 4 0.0049500358290970325
F 32 4.0966696913652161 5 0.0034079344477504492
F 32 4.0966696913652161 6 0.0025458873715251684
F 32 4.0966696913652161 7 0.0020099957473576069
F 32 4.0966696913652161 8 0.0016503619262948632
F 32 4.0966696913652161 9 0.0013948148116469383
F 32 4.0966696913652161 10 0.0012050665682181716
F 32 4.0966696913652161 11 0.001059206435456872
F 32 4.0966696913652161 12 0.00094391172751784325
F 32 4.0966696913652161 13 0.00085067073814570904
F 32 4.0966696913652161 14 0.00077381753362715244
F 32 4.0966696913652161 15 0.00070944824256002903
F 32 4.0966696913652161 16 0.00065479223849251866
F 32 4.0966696913652161 17 0.00060783338267356157
F 32 4.0966696913652161 18 0.00056707143085077405
F 32 4.0966696913652161 19 0.00053136865608394146
F 32 4.0966696913652161 20 0.00049984734505414963
F 32 4.0966696913652161 21 0.00047182000707834959
F 32 4.0966696913652161 22 0.00044674094533547759
F 32 4.0966696913652161 23 0.00042417173972353339
F 32 4.0966696913652161 24 0.00040375613025389612
F 32 4.0966696913652161 25 0.00038520191446878016
F 32 4.0966696913652161 26 0.00036826715222559869
F 32 4.0966696913652161 27 0.00035274986294098198
F 32 4.0966696913652161 28 0.00033848013845272362
F 32 4.0966696913652161 29 0.00032531408942304552
F 32 4.0966696913652161 30 0.00031312904320657253
F 32 4.0966696913652161 31 0.00030181970214471221
F 32 4.0966696913652161 32 0.00029129537870176136
D 32 4.2917491528587979 0 0.426336037413098
D 32 4.2917491528587979 1 0.04807539402634764
D 32 4.2917491528587979 2 0.015208858112181095
D 32 4.2917491528587979 3 0.0072654894424720928
D 32 4.2917491528587979 4 0.0043312703669205607
D 32 4.2917491528587979 5 0.0029475696458394879
D 32 4.2917491528587979 6 0.0021835260164859197
D 32 4.2917491528587979 7 0.0017131551087141987
D 32 4.2917491528587979 8 0.0013999364782854937
D 32 4.2917491528587979 9 0.0011787671563791738
D 32 4.2917491528587979 10 0.0010153903943991584
D 32 4.2917491528587979 11 0.00089033908657668026
D 32 4.2917491528587979 12 0.00079184785829095224
D 32 4.2917491528587979 13 0.00071243938056854634
D 32 4.2917491528587979 14 0.00064715909950297716
D 32 4.2917491528587979 15 0.00059260682103949537
D 32 4.2917491528587979 16 0.00054637829984345414
D 32 4.2917491528587979 17 0.00050672924939002364
D 32 4.2917491528587979 18 0.00047236561865607167
D 32 4.2917491528587979 19 0.00044230842877997044
D 32 4.2917491528587979 20 0.00041580418077373065
D 32 4.2917491528587979 21 0.00039226397566163992
D 32 4.2917491528587979 22 0.00037122121991808778
D 32 4.2917491528587979 23 0.00035230165456693436
D 32 4.2917491528587979 24 0.00033520173487913582
D 32 4.2917491528587979 25 0.0003196727802710405
D 32 4.2917491528587979 26 0.00030550918275816795
D 32 4.2917491528587979 27 0.00029253951658300687
D 32 4.2917491528587979 28 0.00028061975258079864
D 32 4.2917491528587979 29 0.00026962802035234589
D 32 4.2917491528587979 30 0.00025946052299768188
D 32 4.2917491528587979 31 0.00025002832006058097
D 32 4.2917491528587979 32 0.0002412547715189776
F 32 4.2917491528587979 0 0.42633599042892456
F 32 4.2917491528587979 1 0.048075392842292786
F 32 4.2917491528587979 2 0.01520885806530714
F 32 4.2917491528587979 3 0.0072654900141060352
F 32 4.2917491528587979 4 0.0043312706984579563
F 32 4.2917491528587979 5 0.0029475698247551918
F 32 4.2917491528587979 6 0.0021835262887179852
F 32 4.2917491528587979 7 0.0017131553031504154
F 32 4.2917491528587979 8 0.001399936736561358
F 32 4.2917491528587979 9 0.0011787672992795706
F 32 4.2917491528587979 10 0.0010153905022889376
F 32 4.2917491528587979 11 0.00089033920085057616
F 32 4.2917491528587979 12 0.00079184793867170811
F 32 4.2917491528587979 13 0.00071243941783905029
F 32 4.2917491528587979 14 0.00064715917687863111
F 32 4.2917491528587979 15 0.00059260684065520763
F 32 4.2917491528587979 16 0.00054637831635773182
F 32 4.2917491528587979 17 0.00050672929501160979
F 32 4.2917491528587979 18 0.00047236564569175243
F 32 4.2917491528587979 19 0.00044230849016457796
F 32 4.2917491528587979 20 0.00041580421384423971
F 32 4.2917491528587979 21 0.00039226401713676751
F 32 4.2917491528587979 22 0.00037122124922461808
F 32 4.2917491528587979 23 0.00035230169305577874
F 32 4.2917491528587979 24 0.00033520176657475531
F 32 4.2917491528587979 25 0.00031967283575795591
F 32 4.2917491528587979 26 0.0003055092238355428
F 32 4.2917491528587979 27 0.00029253956745378673
F 32 4.2917491528587979 28 0.00028061977354809642
F 32 4.2917491528587979 29 0.00026962804258801043
F 32 4.2917491528587979 30 0.00025946053210645914
F 32 4.2917491528587979 31 0.00025002835900522768
F 32 4.2917491528587979 32 0.00024125480558723211
D 32 4.4868286143523797 0 0.4172381743863337
D 32 4.4868286143523797 1 0.045241519567161964
D 32 4.4868286143523797 2 0.013870406484711306
D 32 4.4868286143523797 3 0.0064740323435620063
D 32 4.4868286143523797 4 0.0037957702475078341
D 32 4.4868286143523797 5 0.0025525431113434392
D 32 4.4868286143523797 6 0.0018745633481615526
D 32 4.4868286143523797 7 0.0014612813824971533
D 32 4.4868286143523797 8 0.0011882485792376815
D 32 4.4868286143523797 9 0.00099668845535440579
D 32 4.4868286143523797 10 0.00085592698395940692
D 32 4.4868286143523797 11 0.00074865589436317746
D 32 4.4868286143523797 12 0.00066447827608085298
D 32 4.4868286143523797 13 0.0005968215055068911
D 32 4.4868286143523797 14 0.00054135067119165077
D 32 4.4868286143523797 15 0.00049510295149932364
D 32 4.4868286143523797 16 0.00045599091956699799
D 32 4.4868286143523797 17 0.00042250500149483648
D 32 4.4868286143523797 18 0.000393528488712519
D 32 4.4868286143523797 19 0.00036821874440564603
D 32 4.4868286143523797 20 0.00034592871867308183
D 32 4.4868286143523797 21 0.00032615377500170819
D 32 4.4868286143523797 22 0.00030849484994091906
D 32 4.4868286143523797 23 0.00029263241235228705
D 32 4.4868286143523797 24 0.0002783077213698079
D 32 4.4868286143523797 25 0.00026530911551001342
D 32 4.4868286143523797 26 0.00025346183257949695
D 32 4.4868286143523797 27 0.00024262034824174962
D 32 4.4868286143523797 28 0.00023266253827199394
D 32 4.4868286143523797 29 0.00022348517951027529
D 32 4.4868286143523797 30 0.00021500044597778974
D 32 4.4868286143523797 31 0.00020713315345014058
D 32 4.4868286143523797 32 0.00019981857304958968
F 32 4.4868286143523797 0 0.41723808646202087
F 32 4.4868286143523797 1 0.045241508632898331
F 32 4.4868286143523797 2 0.013870403170585632
F 32 4.4868286143523797 3 0.0064740306697785854
F 32 4.4868286143523797 4 0.0037957695312798023
F 32 4.4868286143523797 5 0.0025525426026433706
F 32 4.4868286143523797 6 0.0018745629349723458
F 32 4.4868286143523797 7 0.0014612810919061303
F 32 4.4868286143523797 8 0.0011882483959197998
F 32 4.4868286143523797 9 0.00099668826442211866
F 32 4.4868286143523797 10 0.00085592688992619514
F 32 4.4868286143523797 11 0.00074865581700578332
F 32 4.4868286143523797 12 0.00066447816789150238
F 32 4.4868286143523797 13 0.00059682136634364724
F 32 4.4868286143523797 14 0.00054135057143867016
F 32 4.4868286143523797 15 0.0004951028386130929
F 32 4.4868286143523797 16 0.00045599084114655852
F 32 4.4868286143523797 17 0.00042250490514561534
F 32 4.4868286143523797 18 0.00039352840394712985
F 32 4.4868286143523797 19 0.00036821866524405777
F 32 4.4868286143523797 20 0.00034592865267768502
F 32 4.4868286143523797 21 0.00032615370582789183
F 32 4.4868286143523797 22 0.00030849481117911637
F 32 4.4868286143523797 23 0.00029263237956911325
F 32 4.4868286143523797 24 0.00027830767794512212
F 32 4.4868286143523797 25 0.00026530906325206161
F 32 4.4868286143523797 26 0.00025346179609186947
F 32 4.4868286143523797 27 0.00024262029910460114
F 32 4.4868286143523797 28 0.00023266249627340585
F 32 4.4868286143523797 29 0.00022348514175973833
F 32 4.4868286143523797 30 0.00021500041475519538
F 32 4.4868286143523797 31 0.00020713311096187681
F 32 4.4868286143523797 32 0.0001998185325646773
D 32 4.6819080758459615 0 0.40866862188932046
D 32 4.6819080758459615 1 0.042654329144618829
D 32 4.6819080758459615 2 0.012676633095477152
D 32 4.6819080758459615 3 0.0057798913279871978
D 32 4.6819080758459615 4 0.0033317520426667242
D 32 4.6819080758459615 5 0.0022132474989805008
D 32 4.6819080758459615 6 0.0016109240654735403
D 32 4.6819080758459615 7 0.0012474280738297404
D 32 4.6819080758459615 8 0.0010092141119604787
D 32 4.6819080758459615 9 0.00084317270545154668
D 32 4.6819080758459615 10 0.00072181636084375474
D 32 4.6819080758459615 11 0.00062974515697834961
D 32 4.6819080758459615 12 0.00055776542603340115
D 32 4.6819080758459615 13 0.00050009631432519879
D 32 4.6819080758459615 14 0.00045294297887927437
D 32 4.6819080758459615 15 0.00041372242036638498
D 32 4.6819080758459615 16 0.00038062145478569401
D 32 4.6819080758459615 17 0.00035233309252623898
D 32 4.6819080758459615 18 0.00032789329513997827
D 32 4.6819080758459615 19 0.00030657652481839417
D 32 4.6819080758459615 20 0.00028782696273625441
D 32 4.6819080758459615 21 0.00027121204919987909
D 32 4.6819080758459615 22 0.00025639038308177773
D 32 4.6819080758459615 23 0.00024308908851372236
D 32 4.6819080758459615 24 0.00023108756299094577
D 32 4.6819080758459615 25 0.00022020561358721853
D 32 4.6819080758459615 26 0.00021029466573168679
D 32 4.6819080758459615 27 0.00020123115916621145
D 32 4.6819080758459615 28 0.00019291152448140054
D 32 4.6819080758459615 29 0.00018524831777813575
D 32 4.6819080758459615 30 0.00017816721479024423
D 32 4.6819080758459615 31 0.00017160465037103739
D 32 4.6819080758459615 32 0.00016550594788645046
F 32 4.6819080758459615 0 0.40866857767105103
F 32 4.6819080758459615 1 0.042654324322938919
F 32 4.6819080758459615 2 0.012676632031798363
F 32 4.6819080758459615 3 0.0057798908092081547
F 32 4.6819080758459615 4 0.0033317515626549721
F 32 4.6819080758459615 5 0.0022132471203804016
F 32 4.6819080758459615 6 0.0016109237913042307
F 32 4.6819080758459615 7 0.0012474278919398785
F 32 4.6819080758459615 8 0.0010092139709740877
F 32 4.6819080758459615 9 0.00084317260188981891
F 32 4.6819080758459615 10 0.0007218162645585835
F 32 4.6819080758459615 11 0.00062974507454782724
F 32 4.6819080758459615 12 0.00055776542285457253
F 32 4.6819080758459615 13 0.00050009629921987653
F 32 4.6819080758459615 14 0.00045294294250197709
F 32 4.6819080758459615 15 0.00041372238774783909
F 32 4.6819080758459615 16 0.00038062143721617758
F 32 4.6819080758459615 17 0.0003523330669850111
F 32 4.6819080758459615 18 0.00032789327087812126
F 32 4.6819080758459615 19 0.00030657651950605214
F 32 4.6819080758459615 20 0.00028782695881091058
F 32 4.6819080758459615 21 0.00027121201856061816
F 32 4.6819080758459615 22 0.0002563903690315783
F 32 4.6819080758459615 23 0.00024308905994985253
F 32 4.6819080758459615 24 0.00023108755704015493
F 32 4.6819080758459615 25 0.00022020559117663652
F 32 4.6819080758459615 26 0.00021029464551247656
F 32 4.6819080758459615 27 0.00020123114518355578
F 32 4.6819080758459615 28 0.00019291150965727866
F 32 4.6819080758459615 29 0.00018524829647503793
F 32 4.6819080758459615 30 0.00017816720355767757
F 32 4.6819080758459615 31 0.0001716046390356496
F 32 4.6819080758459615 32 0.00016550594591535628
D 32 4.8769875373395433 0 0.40058189364445801
D 32 4.8769875373395433 1 0.040287365549054321
D 32 4.8769875373395433 2 0.01160984742380957
D 32 4.8769875373395433 3 0.005170128330085959
D 32 4.8769875373395433 4 0.0029291610689341969
D 32 4.8769875373395433 5 0.0019215258622677187
D 32 4.8769875373395433 6 0.0013857786314768101
D 32 4.8769875373395433 7 0.001065738621958016
D 32 4.8769875373395433 8 0.00085771647054862785
D 32 4.8769875373395433 9 0.00071368295402974755
D 32 4.8769875373395433 10 0.00060898677991172391
D 32 4.8769875373395433 11 0.00052991606848236525
D 32 4.8769875373395433 12 0.00046833575907487783
D 32 4.8769875373395433 13 0.00041915831146505767
D 32 4.8769875373395433 14 0.0003790598321967713
D 32 4.8769875373395433 15 0.00034578731782540902
D 32 4.8769875373395433 16 0.00031776507263552186
D 32 4.8769875373395433 17 0.00029386102799420084
D 32 4.8769875373395433 18 0.00027324262209964029
D 32 4.8769875373395433 19 0.00025528492169859526
D 32 4.8769875373395433 20 0.00023951032003481244
D 32 4.8769875373395433 21 0.00022554792790492091
D 32 4.8769875373395433 22 0.00021310559330937938
D 32 4.8769875373395433 23 0.00020195022330315798
D 32 4.8769875373395433 24 0.00019189368707841738
D 32 4.8769875373395433 25 0.00018278254749425405
D 32 4.8769875373395433 26 0.00017449046718686463
D 32 4.8769875373395433 27 0.00016691251453297275
D 32 4.8769875373395433 28 0.00015996083984945109
D 32 4.8769875373395433 29 0.0001535613537510285
D 32 4.8769875373395433 30 0.00014765114794604485
D 32 4.8769875373395433 31 0.00014217647262720554
D 32 4.8769875373395433 32 0.00013709113574505828
F 32 4.8769875373395433 0 0.40058192610740662
F 32 4.8769875373395433 1 0.04028736799955368
F 32 4.8769875373395433 2 0.011609848588705063
F 32 4.8769875373395433 3 0.0051701287738978863
F 32 4.8769875373395433 4 0.0029291613027453423
F 32 4.8769875373395433 5 0.0019215260399505496
F 32 4.8769875373395433 6 0.0013857787707820535
F 32 4.8769875373395433 7 0.001065738731995225
F 32 4.8769875373395433 8 0.00085771660087630153
F 32 4.8769875373395433 9 0.00071368308272212744
F 32 4.8769875373395433 10 0.00060898688388988376
F 32 4.8769875373395433 11 0.00052991614211350679
F 32 4.8769875373395433 12 0.00046833581291139126
F 32 4.8769875373395433 13 0.0004191583429928869
F 32 4.8769875373395433 14 0.00037905987119302154
F 32 4.8769875373395433 15 0.00034578735358081758
F 32 4.8769875373395433 16 0.00031776510877534747
F 32 4.8769875373395433 17 0.00029386105597950518
F 32 4.8769875373395433 18 0.00027324265101924539
F 32 4.8769875373395433 19 0.00025528494734317064
F 32 4.8769875373395433 20 0.00023951036564540118
F 32 4.8769875373395433 21 0.0002255479630548507
F 32 4.8769875373395433 22 0.00021310560987330973
F 32 4.8769875373395433 23 0.00020195024262648076
F 32 4.8769875373395433 24 0.00019189371960237622
F 32 4.8769875373395433 25 0.00018278257630299777
F 32 4.8769875373395433 26 0.00017449048755224794
F 32 4.8769875373395433 27 0.00016691253404133022
F 32 4.8769875373395433 28 0.00015996086585801095
F 32 4.8769875373395433 29 0.00015356137009803206
F 32 4.8769875373395433 30 0.00014765116793569177
F 32 4.8769875373395433 31 0.00014217649004422128
F 32 4.8769875373395433 32 0.00013709114864468575
D 32 5.0720669988331251 0 0.39293734343769621
D 32 5.0720669988331251 1 0.038117388406878651
D 32 5.0720669988331251 2 0.010654701273491881
D 32 5.0720669988331251 3 0.0046336196447172373
D 32 5.0720669988331251 4 0.0025794108912413115
D 32 5.0720669988331251 5 0.0016704481849156507
D 32 5.0720669988331251 6 0.0011933480215884432
D 32 5.0720669988331251 7 0.0009112731047862117
D 32 5.0720669988331251 8 0.00072945100846128993
D 32 5.0720669988331251 9 0.00060441032699522679
D 32 5.0720669988331251 10 0.00051402597963314011
D 32 5.0720669988331251 11 0.00044608024461308468
D 32 5.0720669988331251 12 0.00039336998405087135
D 32 5.0720669988331251 13 0.00035141509416800152
D 32 5.0720669988331251 14 0.0003173025658028051
D 32 5.0720669988331251 15 0.00028906623391675255
D 32 5.0720669988331251 16 0.00026533614942482854
D 32 5.0720669988331251 17 0.00024513133741588418
D 32 5.0720669988331251 18 0.00022773250164659717
D 32 5.0720669988331251 19 0.00021260117070527888
D 32 5.0720669988331251 20 0.00019932680904471194
D 32 5.0720669988331251 21 0.00018759130883344967
D 32 5.0720669988331251 22 0.00017714459243368648
D 32 5.0720669988331251 23 0.0001677874979449603
D 32 5.0720669988331251 24 0.00015935954775005766
D 32 5.0720669988331251 25 0.00015173005826597523
D 32 5.0720669988331251 26 0.00014479157852938181
D 32 5.0720669988331251 27 0.0001384549795134095
D 32 5.0720669988331251 28 0.00013264573164333592
D 32 5.0720669988331251 29 0.00012730104972373191
D 32 5.0720669988331251 30 0.0001223676793658954
D 32 5.0720669988331251 31 0.00011780016355910771
D 32 5.0720669988331251 32 0.00011355947262326207
F 32 5.0720669988331251 0 0.39293736219406128
F 32 5.0720669988331251 1 0.038117390125989914
F 32 5.0720669988331251 2 0.01065470278263092
F 32 5.0720669988331251 3 0.0046336203813552856
F 32 5.0720669988331251 4 0.0025794112589210272
F 32 5.0720669988331251 5 0.0016704484587535262
F 32 5.0720669988331251 6 0.0011933482019230723
F 32 5.0720669988331251 7 0.00091127329505980015
F 32 5.0720669988331251 8 0.00072945118881762028
F 32 5.0720669988331251 9 0.00060441048117354512
F 32 5.0720669988331251 10 0.00051402609096840024
F 32 5.0720669988331251 11 0.00044608034659177065
F 32 5.0720669988331251 12 0.00039337007910944521
F 32 5.0720669988331251 13 0.00035141519038006663
F 32 5.0720669988331251 14 0.00031730261980555952
F 32 5.0720669988331251 15 0.00028906631632708013
F 32 5.0720669988331251 16 0.00026533621712587774
F 32 5.0720669988331251 17 0.00024513140670023859
F 32 5.0720669988331251 18 0.00022773255477659404
F 32 5.0720669988331251 19 0.00021260122593957931
F 32 5.0720669988331251 20 0.00019932685245294124
F 32 5.0720669988331251 21 0.00018759134400170296
F 32 5.0720669988331251 22 0.000177144625922665
F 32 5.0720669988331251 23 0.00016778752615209669
F 32 5.0720669988331251 24 0.00015935958072077483
F 32 5.0720669988331251 25 0.00015173009887803346
F 32 5.0720669988331251 26 0.00014479161472991109
F 32 5.0720669988331251 27 0.0001384550123475492
F 32 5.0720669988331251 28 0.0001326457568211481
F 32 5.0720669988331251 29 0.00012730107118841261
F 32 5.0720669988331251 30 0.00012236770999152213
F 32 5.0720669988331251 31 0.00011780019121943042
F 32 5.0720669988331251 32 0.00011355949391145259
D 32 5.267146460326706 0 0.38569857999046914
D 32 5.267146460326706 1 0.036123950019766281
D 32 5.267146460326706 2 0.0097978613092988952
D 32 5.267146460326706 3 0.0041607916018124398
D 32 5.267146460326706 4 0.0022751628763321811
D 32 5.267146460326706 5 0.0014541229270119789
D 32 5.267146460326706 6 0.0010287394937231395
D 32 5.267146460326706 7 0.00077986291524953315
D 32 5.267146460326706 8 0.00062079484088713166
D 32 5.267146460326706 9 0.00051215618404686102
D 32 5.267146460326706 10 0.00043407360134420923
D 32 5.267146460326706 11 0.00037565279671142977
D 32 5.267146460326706 12 0.00033051153213417583
D 32 5.267146460326706 13 0.00029470219743560247
D 32 5.267146460326706 14 0.00026567044609769125
D 32 5.267146460326706 15 0.0002416995544744728
D 32 5.267146460326706 16 0.00022159789699073012
D 32 5.267146460326706 17 0.00020451506197064308
D 32 5.267146460326706 18 0.0001898293651816293
D 32 5.267146460326706 19 0.00017707666708750166
D 32 5.267146460326706 20 0.00016590396701220353
D 32 5.267146460326706 21 0.00015603834340605126
D 32 5.267146460326706 22 0.00014726567287787494
D 32 5.267146460326706 23 0.00013941574051139484
D 32 5.267146460326706 24 0.00013235162372355157
D 32 5.267146460326706 25 0.00012596199301093846
D 32 5.267146460326706 26 0.00012015544108031609
D 32 5.267146460326706 27 0.0001148562466567743
D 32 5.267146460326706 28 0.0001100011689102697
D 32 5.267146460326706 29 0.00010553699285294634
D 32 5.267146460326706 30 0.00010141862915371278
D 32 5.267146460326706 31 9.7607628239865243e-05
D 32 5.267146460326706 32 9.4071007458041374e-05
F 32 5.267146460326706 0 0.3856985867023468
F 32 5.267146460326706 1 0.036123950034379959
F 32 5.267146460326706 2 0.0097978608682751656
F 32 5.267146460326706 3 0.0041607911698520184
F 32 5.267146460326706 4 0.0022751626092940569
F 32 5.267146460326706 5 0.0014541228301823139
F 32 5.267146460326706 6 0.0010287394979968667
F 32 5.267146460326706 7 0.00077986286487430334
F 32 5.267146460326706 8 0.00062079483177512884
F 32 5.267146460326706 9 0.0005121561698615551
F 32 5.267146460326706 10 0.00043407356133684516
F 32 5.267146460326706 11 0.00037565277307294309
F 32 5.267146460326706 12 0.00033051148056983948
F 32 5.267146460326706 13 0.00029470215667970479
F 32 5.267146460326706 14 0.00026567041641101241
F 32 5.267146460326706 15 0.00024169954122044146
F 32 5.267146460326706 16 0.00022159787476994097
F 32 5.267146460326706 17 0.00020451503223739564
F 32 5.267146460326706 18 0.00018982934125233442
F 32 5.267146460326706 19 0.0001770766539266333
F 32 5.267146460326706 20 0.00016590395534876734
F 32 5.267146460326706 21 0.00015603832434862852
F 32 5.267146460326706 22 0.00014726564404554665
F 32 5.267146460326706 23 0.00013941571523901075
F 32 5.267146460326706 24 0.00013235160440672189
F 32 5.267146460326706 25 0.00012596197484526783
F 32 5.267146460326706 26 0.00012015542597509921
F 32 5.267146460326706 27 0.0001148562369053252
F 32 5.267146460326706 28 0.00011000115773640573
F 32 5.267146460326706 29 0.00010553698666626588
F 32 5.267146460326706 30 0.0001014186127576977
F 32 5.267146460326706 31 9.7607618954498321e-05
F 32 5.267146460326706 32 9.4070994236972183e-05
D 32 5.4622259218202878 0 0.37883295865990352
D 32 5.4622259218202878 1 0.034289030317425181
D 32 5.4622259218202878 2 0.0090277291869455475
D 32 5.4622259218202878 3 0.0037433958543625382
D 32 5.4622259218202878 4 0.0020101395569115605
D 32 5.4622259218202878 5 0.0012675379980922738
D 32 5.4622259218202878 6 0.00088780837022962768
D 32 5.4622259218202878 7 0.00066798872157350071
D 32 5.4622259218202878 8 0.0005286977062290137
D 32 5.4622259218202878 9 0.00043423348665263135
D 32 5.4622259218202878 10 0.00036673126594189494
D 32 5.4622259218202878 11 0.00031646973616639075
D 32 5.4622259218202878 12 0.00027779020706957978
D 32 5.4622259218202878 13 0.00024721212774178706
D 32 5.4622259218202878 14 0.00022249439072613672
D 32 5.4622259218202878 15 0.00020213729444768636
D 32 5.4622259218202878 16 0.00018510383539243767
D 32 5.4622259218202878 17 0.00017065646886225077
D 32 5.4622259218202878 18 0.00015825766298057406
D 32 5.4622259218202878 19 0.00014750720322492811
D 32 5.4622259218202878 20 0.00013810145857249111
D 32 5.4622259218202878 21 0.00012980620260935114
D 32 5.4622259218202878 22 0.00012243804442419934
D 32 5.4622259218202878 23 0.00011585147018294213
D 32 5.4622259218202878 24 0.00010992962610173697
D 32 5.4622259218202878 25 0.00010457764867989849
D 32 5.4622259218202878 26 9.9717762154684329e-05
D 32 5.4622259218202878 27 9.5285623208987135e-05
D 32 5.4622259218202878 28 9.1227559853636418e-05
D 32 5.4622259218202878 29 8.7498460634732975e-05
D 32 5.4622259218202878 30 8.4060143111292475e-05
D 32 5.4622259218202878 31 8.0880079877214812e-05
D 32 5.4622259218202878 32 7.7930394347402844e-05
F 32 5.4622259218202878 0 0.37883296608924866
F 32 5.4622259218202878 1 0.034289032220840454
F 32 5.4622259218202878 2 0.0090277297422289848
F 32 5.4622259218202878 3 0.0037433959078043699
F 32 5.4622259218202878 4 0.002010139636695385
F 32 5.4622259218202878 5 0.0012675380567088723
F 32 5.4622259218202878 6 0.00088780838996171951
F 32 5.4622259218202878 7 0.00066798873012885451
F 32 5.4622259218202878 8 0.00052869773935526609
F 32 5.4622259218202878 9 0.00043423351598903537
F 32 5.4622259218202878 10 0.00036673128488473594
F 32 5.4622259218202878 11 0.00031646975548937917
F 32 5.4622259218202878 12 0.00027779024094343185
F 32 5.4622259218202878 13 0.0002472121559549123
F 32 5.4622259218202878 14 0.00022249440371524543
F 32 5.4622259218202878 15 0.00020213732204865664
F 32 5.4622259218202878 16 0.00018510385416448116
F 32 5.4622259218202878 17 0.0001706564798951149
F 32 5.4622259218202878 18 0.00015825768059585243
F 32 5.4622259218202878 19 0.00014750722039025277
F 32 5.4622259218202878 20 0.0001381014590151608
F 32 5.4622259218202878 21 0.00012980621249880642
F 32 5.4622259218202878 22 0.00012243805394973606
F 32 5.4622259218202878 23 0.00011585147876758128
F 32 5.4622259218202878 24 0.00010992962779710069
F 32 5.4622259218202878 25 0.00010457765165483579
F 32 5.4622259218202878 26 9.9717763077933341e-05
F 32 5.4622259218202878 27 9.5285628049168736e-05
F 32 5.4622259218202878 28 9.1227564553264529e-05
F 32 5.4622259218202878 29 8.7498468928970397e-05
F 32 5.4622259218202878 30 8.4060149674769491e-05
F 32 5.4622259218202878 31 8.0880090536084026e-05
F 32 5.4622259218202878 32 7.7930395491421223e-05
D 32 5.6573053833138696 0 0.37231113929401999
D 32 5.6573053833138696 1 0.032596722353094174
D 32 5.6573053833138696 2 0.0083342021571336904
D 32 5.6573053833138696 3 0.0033743182131683717
D 32 5.6573053833138696 4 0.0017789665333094102
D 32 5.6573053833138696 5 0.0011064265008375825
D 32 5.6573053833138696 6 0.00076704166738866516
D 32 5.6573053833138696 7 0.00057267794790066319
D 32 5.6573053833138696 8 0.00045059045536251642
D 32 5.6573053833138696 9 0.00036838422692639762
D 32 5.6573053833138696 10 0.00030998739444232685
D 32 5.6573053833138696 11 0.00026671900117539665
D 32 5.6573053833138696 12 0.00023355849181334401
D 32 5.6573053833138696 13 0.00020743521300181688
D 32 5.6573053833138696 14 0.00018638176722291788
D 32 5.6573053833138696 15 0.00016908735863737544
D 32 5.6573053833138696 16 0.00015464911280855593
D 32 5.6573053833138696 17 0.00014242709316276866
D 32 5.6573053833138696 18 0.00013195634304761684
D 32 5.6573053833138696 19 0.00012289164165836877
D 32 5.6573053833138696 20 0.00011497173438679971
D 32 5.6573053833138696 21 0.00010799554082208349
D 32 5.6573053833138696 22 0.00010180594615075508
D 32 5.6573053833138696 23 9.6278519723491052e-05
D 32 5.6573053833138696 24 9.1313510238100209e-05
D 32 5.6573053833138696 25 8.6830066098176568e-05
D 32 5.6573053833138696 26 8.2761995918008926e-05
D 32 5.6573053833138696 27 7.9054613647620855e-05
D 32 5.6573053833138696 28 7.5662359700311198e-05
D 32 5.6573053833138696 29 7.2546985391073988e-05
D 32 5.6573053833138696 30 6.9676151783592302e-05
D 32 5.6573053833138696 31 6.7022337181079522e-05
D 32 5.6573053833138696 32 6.4561977124044201e-05
F 32 5.6573053833138696 0 0.37231117486953735
F 32 5.6573053833138696 1 0.032596725970506668
F 32 5.6573053833138696 2 0.0083342026919126511
F 32 5.6573053833138696 3 0.0033743183594197035
F 32 5.6573053833138696 4 0.0017789666308090091
F 32 5.6573053833138696 5 0.0011064265854656696
F 32 5.6573053833138696 6 0.00076704169623553753
F 32 5.6573053833138696 7 0.00057267799274995923
F 32 5.6573053833138696 8 0.00045059050898998976
F 32 5.6573053833138696 9 0.00036838426603935659
F 32 5.6573053833138696 10 0.00030998743022792041
F 32 5.6573053833138696 11 0.00026671905652619898
F 32 5.6573053833138696 12 0.00023355853045359254
F 32 5.6573053833138696 13 0.00020743523782584816
F 32 5.6573053833138696 14 0.00018638180335983634
F 32 5.6573053833138696 15 0.00016908737597987056
F 32 5.6573053833138696 16 0.00015464914031326771
F 32 5.6573053833138696 17 0.00014242710312828422
F 32 5.6573053833138696 18 0.00013195634528528899
F 32 5.6573053833138696 19 0.00012289165169931948
F 32 5.6573053833138696 20 0.00011497175000840798
F 32 5.6573053833138696 21 0.00010799556184792891
F 32 5.6573053833138696 22 0.00010180596291320398
F 32 5.6573053833138696 23 9.6278534329030663e-05
F 32 5.6573053833138696 24 9.1313515440560877e-05
F 32 5.6573053833138696 25 8.6830077634658664e-05
F 32 5.6573053833138696 26 8.2762009697034955e-05
F 32 5.6573053833138696 27 7.9054625530261546e-05
F 32 5.6573053833138696 28 7.5662370363716036e-05
F 32 5.6573053833138696 29 7.2546994488220662e-05
F 32 5.6573053833138696 30 6.9676163548137993e-05
F 32 5.6573053833138696 31 6.7022345319855958e-05
F 32 5.6573053833138696 32 6.4561987528577447e-05
D 32 5.8523848448074514 0 0.36610670111237842
D 32 5.8523848448074514 1 0.03103296105056547
D 32 5.8523848448074514 2 0.0077084681130487973
D 32 5.8523848448074514 3 0.0030474159067112464
D 32 5.8523848448074514 4 0.0015770384730112675
D 32 5.8523848448074514 5 0.00096715333394603402
D 32 5.8523848448074514 6 0.00066346008085717409
D 32 5.8523848448074514 7 0.00049141862462503841
D 32 5.8523848448074514 8 0.00038430829994431969
D 32 5.8523848448074514 9 0.0003127102854130561
D 32 5.8523848448074514 10 0.00026215434181936053
D 32 5.8523848448074514 11 0.00022488284855550221
D 32 5.8523848448074514 12 0.00019643840494330377
D 32 5.8523848448074514 13 0.00017411029425644115
D 32 5.8523848448074514 14 0.00015617041297496745
D 32 5.8523848448074514 15 0.0001414724758765131
D 32 5.8523848448074514 16 0.00012923001165876012
D 32 5.8523848448074514 17 0.0001188875298636357
D 32 5.8523848448074514 18 0.00011004268778138436
D 32 5.8523848448074514 19 0.00010239759097992656
D 32 5.8523848448074514 20 9.5727370055932851e-05
D 32 5.8523848448074514 21 8.9859345503103119e-05
D 32 5.8523848448074514 22 8.4658874475146593e-05
D 32 5.8523848448074514 23 8.001952601362962e-05
D 32 5.8523848448074514 24 7.5856126815418206e-05
D 32 5.8523848448074514 25 7.209975143589074e-05
D 32 5.8523848448074514 26 6.8694055144369204e-05
D 32 5.8523848448074514 27 6.5592550241537817e-05
D 32 5.8523848448074514 28 6.2756556006079062e-05
D 32 5.8523848448074514 29 6.0153636705160985e-05
D 32 5.8523848448074514 30 5.7756398016476799e-05
D 32 5.8523848448074514 31 5.5541549942846181e-05
D 32 5.8523848448074514 32 5.3489170165810488e-05
F 32 5.8523848448074514 0 0.36610668897628784
F 32 5.8523848448074514 1 0.031032958999276161
F 32 5.8523848448074514 2 0.0077084675431251526
F 32 5.8523848448074514 3 0.003047415753826499
F 32 5.8523848448074514 4 0.0015770383179187775
F 32 5.8523848448074514 5 0.00096715317340567708
F 32 5.8523848448074514 6 0.00066345999948680401
F 32 5.8523848448074514 7 0.00049141858471557498
F 32 5.8523848448074514 8 0.00038430825225077569
F 32 5.8523848448074514 9 0.00031271026819013059
F 32 5.8523848448074514 10 0.0002621543244458735
F 32 5.8523848448074514 11 0.00022488282411359251
F 32 5.8523848448074514 12 0.00019643837003968656
F 32 5.8523848448074514 13 0.00017411027511116117
F 32 5.8523848448074514 14 0.00015617038297932595
F 32 5.8523848448074514 15 0.00014147245383355767
F 32 5.8523848448074514 16 0.00012922998575959355
F 32 5.8523848448074514 17 0.00011888750304933637
F 32 5.8523848448074514 18 0.00011004265979863703
F 32 5.8523848448074514 19 0.00010239757102681324
F 32 5.8523848448074514 20 9.5727351435925812e-05
F 32 5.8523848448074514 21 8.9859327999874949e-05
F 32 5.8523848448074514 22 8.4658859123010188e-05
F 32 5.8523848448074514 23 8.0019512097351253e-05
F 32 5.8523848448074514 24 7.5856114563066512e-05
F 32 5.8523848448074514 25 7.2099741373676807e-05
F 32 5.8523848448074514 26 6.8694040237460285e-05
F 32 5.8523848448074514 27 6.5592539613135159e-05
F 32 5.8523848448074514 28 6.27565459581092e-05
F 32 5.8523848448074514 29 6.0153623053338379e-05
F 32 5.8523848448074514 30 5.7756384194362909e-05
F 32 5.8523848448074514 31 5.5541539040859789e-05
F 32 5.8523848448074514 32 5.348915874492377e-05
D 32 6.0474643063010332 0 0.36019580679630792
D 32 6.0474643063010332 1 0.029585288995795735
D 32 6.0474643063010332 2 0.0071428299699442402
D 32 6.0474643063010332 3 0.0027573789402953143
D 32 6.0474643063010332 4 0.0014004054687401918
D 32 6.0474643063010332 5 0.00084661936731362988
D 32 6.0474643063010332 6 0.00057453539860107558
D 32 6.0474643063010332 7 0.00042208697019821757
D 32 6.0474643063010332 8 0.00032802642091516007
D 32 6.0474643063010332 9 0.00026561551948751244
D 32 6.0474643063010332 10 0.00022181581613556228
D 32 6.0474643063010332 11 0.00018968972892483883
D 32 6.0474643063010332 12 0.00016527715213063884
D 32 6.0474643063010332 13 0.00014618361554169989
D 32 6.0474643063010332 14 0.00013089033109458482
D 32 6.0474643063010332 15 0.00011839434846220598
D 32 6.0474643063010332 16 0.00010801026076418408
D 32 6.0474643063010332 17 9.9255666131933872e-05
D 32 6.0474643063010332 18 9.1782261906365759e-05
D 32 6.0474643063010332 19 8.533289568184113e-05
D 32 6.0474643063010332 20 7.9713949004229612e-05
D 32 6.0474643063010332 21 7.4777084609992887e-05
D 32 6.0474643063010332 22 7.0406883459020705e-05
D 32 6.0474643063010332 23 6.651228564182633e-05
D 32 6.0474643063010332 24 6.3020546926966e-05
D 32 6.0474643063010332 25 5.9872894967711206e-05
D 32 6.0474643063010332 26 5.7021356345802599e-05
D 32 6.0474643063010332 27 5.4426404525001255e-05
D 32 6.0474643063010332 28 5.2055192724496168e-05
D 32 6.0474643063010332 29 4.9880209769129398e-05
D 32 6.0474643063010332 30 4.7878245996278494e-05
D 32 6.0474643063010332 31 4.6029589313646306e-05
D 32 6.0474643063010332 32 4.4317394088972226e-05
F 32 6.0474643063010332 0 0.36019587516784668
F 32 6.0474643063010332 1 0.029585292562842369
F 32 6.0474643063010332 2 0.0071428306400775909
F 32 6.0474643063010332 3 0.0027573790866881609
F 32 6.0474643063010332 4 0.001400405541062355
F 32 6.0474643063010332 5 0.00084661936853080988
F 32 6.0474643063010332 6 0.00057453539920970798
F 32 6.0474643063010332 7 0.00042208694503642619
F 32 6.0474643063010332 8 0.00032802639179863036
F 32 6.0474643063010332 9 0.00026561549748294055
F 32 6.0474643063010332 10 0.00022181580425240099
F 32 6.0474643063010332 11 0.00018968971562571824
F 32 6.0474643063010332 12 0.00016527714615222067
F 32 6.0474643063010332 13 0.00014618359273299575
F 32 6.0474643063010332 14 0.00013089031563140452
F 32 6.0474643063010332 15 0.00011839433864224702
F 32 6.0474643063010332 16 0.00010801025200635195
F 32 6.0474643063010332 17 9.9255667009856552e-05
F 32 6.0474643063010332 18 9.1782254457939416e-05
F 32 6.0474643063010332 19 8.5332889284472913e-05
F 32 6.0474643063010332 20 7.9713943705428392e-05
F 32 6.0474643063010332 21 7.4777082772925496e-05
F 32 6.0474643063010332 22 7.040688069537282e-05
F 32 6.0474643063010332 23 6.6512286139186472e-05
F 32 6.0474643063010332 24 6.3020546804182231e-05
F 32 6.0474643063010332 25 5.987289478071034e-05
F 32 6.0474643063010332 26 5.7021352404262871e-05
F 32 6.0474643063010332 27 5.4426403949037194e-05
F 32 6.0474643063010332 28 5.2055187552468851e-05
F 32 6.0474643063010332 29 4.9880207370733842e-05
F 32 6.0474643063010332 30 4.7878242185106501e-05
F 32 6.0474643063010332 31 4.6029588702367619e-05
F 32 6.0474643063010332 32 4.4317392166703939e-05
D 32 6.242543767794615 0 0.35455690909158305
D 32 6.242543767794615 1 0.02824265398541374
D 32 6.242543767794615 2 0.0066305550420796295
D 32 6.242543767794615 3 0.0024996118990038615
D 32 6.242543767794615 4 0.0012456766043778106
D 32 6.242543767794615 5 0.00074218042658108377
D 32 6.242543767794615 6 0.00049812088448156027
D 32 6.242543767794615 7 0.00036288649470906167
D 32 6.242543767794615 8 0.00028020593082179855
D 32 6.242543767794615 9 0.00022575724596255643
D 32 6.242543767794615 10 0.00018778289061017903
D 32 6.242543767794615 11 0.0001600740764357748
D 32 6.242543767794615 12 0.00013911011090130432
D 32 6.242543767794615 13 0.00012277454377701769
D 32 6.242543767794615 14 0.00010973177654859833
D 32 6.242543767794615 15 9.9103804442524993e-05
D 32 6.242543767794615 16 9.0293006610510829e-05
D 32 6.242543767794615 17 8.2880265665920326e-05
D 32 6.242543767794615 18 7.6563936716330416e-05
D 32 6.242543767794615 19 7.1121953261323772e-05
D 32 6.242543767794615 20 6.6387546622675482e-05
D 32 6.242543767794615 21 6.2233249304848614e-05
D 32 6.242543767794615 22 5.8560091924855906e-05
D 32 6.242543767794615 23 5.5290144207340928e-05
D 32 6.242543767794615 24 5.2361261348549961e-05
D 32 6.242543767794615 25 4.9723316554635367e-05
D 32 6.242543767794615 26 4.7335454899075277e-05
D 32 6.242543767794615 27 4.5164061662292944e-05
D 32 6.242543767794615 28 4.3181238702156666e-05
D 32 6.242543767794615 29 4.136364748875943e-05
D 32 6.242543767794615 30 3.9691620430349359e-05
D 32 6.242543767794615 31 3.8148471010645561e-05
D 32 6.242543767794615 32 3.6719952986258421e-05
F 32 6.242543767794615 0 0.35455691814422607
F 32 6.242543767794615 1 0.028242655098438263
F 32 6.242543767794615 2 0.0066305557265877724
F 32 6.242543767794615 3 0.0024996120482683182
F 32 6.242543767794615 4 0.0012456766562536359
F 32 6.242543767794615 5 0.00074218044755980372
F 32 6.242543767794615 6 0.00049812090583145618
F 32 6.242543767794615 7 0.00036288652336224914
F 32 6.242543767794615 8 0.00028020594618283212
F 32 6.242543767794615 9 0.00022575727780349553
F 32 6.242543767794615 10 0.00018778290541376919
F 32 6.242543767794615 11 0.00016007407975848764
F 32 6.242543767794615 12 0.00013911012501921505
F 32 6.242543767794615 13 0.00012277455243747681
F 32 6.242543767794615 14 0.00010973177995765582
F 32 6.242543767794615 15 9.910381049849093e-05
F 32 6.242543767794615 16 9.0293011453468353e-05
F 32 6.242543767794615 17 8.2880273112095892e-05
F 32 6.242543767794615 18 7.6563941547647119e-05
F 32 6.242543767794615 19 7.1121961809694767e-05
F 32 6.242543767794615 20 6.6387554397806525e-05
F 32 6.242543767794615 21 6.2233251810539514e-05
F 32 6.242543767794615 22 5.8560093748383224e-05
F 32 6.242543767794615 23 5.5290151067310944e-05
F 32 6.242543767794615 24 5.2361265261424705e-05
F 32 6.242543767794615 25 4.9723323172656819e-05
F 32 6.242543767794615 26 4.7335459385067225e-05
F 32 6.242543767794615 27 4.5164066250436008e-05
F 32 6.242543767794615 28 4.3181240471312776e-05
F 32 6.242543767794615 29 4.136365168960765e-05
F 32 6.242543767794615 30 3.9691625715931877e-05
F 32 6.242543767794615 31 3.8148471503518522e-05
F 32 6.242543767794615 32 3.671995727927424e-05
D 32 6.4376232292881967 0 0.3491704941797884
D 32 6.4376232292881967 1 0.02699523382423142
D 32 6.4376232292881967 2 0.006165745738708036
D 32 6.4376232292881967 3 0.002270133103988816
D 32 6.4376232292881967 4 0.0011099380728740386
D 32 6.4376232292881967 5 0.00065157876371112178
D 32 6.4376232292881967 6 0.00043239257072262327
D 32 6.4376232292881967 7 0.00031229677400113618
D 32 6.4376232292881967 8 0.00023954851148122599
D 32 6.4376232292881967 9 0.00019200558352209135
D 32 6.4376232292881967 10 0.00015905719611638633
D 32 6.4376232292881967 11 0.0001351427048896555
D 32 6.4376232292881967 12 0.00011712993078640314
D 32 6.4376232292881967 13 0.00010314697959543197
D 32 6.4376232292881967 14 9.2018662864222942e-05
D 32 6.4376232292881967 15 8.2975944622767916e-05
D 32 6.4376232292881967 16 7.5497490515777097e-05
D 32 6.4376232292881967 17 6.9219001280954823e-05
D 32 6.4376232292881967 18 6.3879131290292646e-05
D 32 6.4376232292881967 19 5.9286039633146287e-05
D 32 6.4376232292881967 20 5.5296033522319334e-05
D 32 6.4376232292881967 21 5.1799543461142648e-05
D 32 6.4376232292881967 22 4.8711679806348246e-05
D 32 6.4376232292881967 23 4.5965730231152914e-05
D 32 6.4376232292881967 24 4.3508591214570387e-05
D 32 6.4376232292881967 25 4.1297499454748177e-05
D 32 6.4376232292881967 26 3.9297654449479167e-05
D 32 6.4376232292881967 27 3.7480463109100866e-05
D 32 6.4376232292881967 28 3.5822225739390041e-05
D 32 6.4376232292881967 29 3.4303139955809813e-05
D 32 6.4376232292881967 30 3.2906536806479354e-05
D 32 6.4376232292881967 31 3.1618288674616263e-05
D 32 6.4376232292881967 32 3.0426345767442327e-05
F 32 6.4376232292881967 0 0.3491705060005188
F 32 6.4376232292881967 1 0.026995236054062843
F 32 6.4376232292881967 2 0.0061657465994358063
F 32 6.4376232292881967 3 0.0022701334673911333
F 32 6.4376232292881967 4 0.0011099382536485791
F 32 6.4376232292881967 5 0.0006515788845717907
F 32 6.4376232292881967 6 0.00043239264050498605
F 32 6.4376232292881967 7 0.00031229681917466223
F 32 6.4376232292881967 8 0.00023954854987096041
F 32 6.4376232292881967 9 0.00019200560927856714
F 32 6.4376232292881967 10 0.00015905720647424459
F 32 6.4376232292881967 11 0.00013514271995518357
F 32 6.4376232292881967 12 0.00011712994455592707
F 32 6.4376232292881967 13 0.00010314699466107413
F 32 6.4376232292881967 14 9.2018679424654692e-05
F 32 6.4376232292881967 15 8.2975959230680019e-05
F 32 6.4376232292881967 16 7.5497504440136254e-05
F 32 6.4376232292881967 17 6.9219015131238848e-05
F 32 6.4376232292881967 18 6.3879138906486332e-05
F 32 6.4376232292881967 19 5.9286048781359568e-05
F 32 6.4376232292881967 20 5.5296044592978433e-05
F 32 6.4376232292881967 21 5.1799554057652131e-05
F 32 6.4376232292881967 22 4.8711688577895984e-05
F 32 6.4376232292881967 23 4.5965738536324352e-05
F 32 6.4376232292881967 24 4.350859671831131e-05
F 32 6.4376232292881967 25 4.1297509596915916e-05
F 32 6.4376232292881967 26 3.9297661714954302e-05
F 32 6.4376232292881967 27 3.7480465834960341e-05
F 32 6.4376232292881967 28 3.5822231438942254e-05
F 32 6.4376232292881967 29 3.4303146094316617e-05
F 32 6.4376232292881967 30 3.2906544220168144e-05
F 32 6.4376232292881967 31 3.161829590681009e-05
F 32 6.4376232292881967 32 3.0426352168433368e-05
D 32 6.6327026907817785 0 0.34401885688768513
D 32 6.6327026907817785 1 0.025834284525771856
D 32 6.6327026907817785 2 0.0057432284559153597
D 32 6.6327026907817785 3 0.0020654885079494107
D 32 6.6327026907817785 4 0.00099068360649147967
D 32 6.6327026907817785 5 0.00057288505923220961
D 32 6.6327026907817785 6 0.00037579972850401608
D 32 6.6327026907817785 7 0.00026903034300370234
D 32 6.6327026907817785 8 0.00020495832250759787
D 32 6.6327026907817785 9 0.00016340937269620454
D 32 6.6327026907817785 10 0.00013480011497018509
D 32 6.6327026907817785 11 0.00011414671924096189
D 32 6.6327026907817785 12 9.8660734009235006e-05
D 32 6.6327026907817785 13 8.6685510656315167e-05
D 32 6.6327026907817785 14 7.7186399329834664e-05
D 32 6.6327026907817785 15 6.9489445922198267e-05
D 32 6.6327026907817785 16 6.313963944782342e-05
D 32 6.6327026907817785 17 5.7820184837846789e-05
D 32 6.6327026907817785 18 5.3304557103123192e-05
D 32 6.6327026907817785 19 4.9426963088501612e-05
D 32 6.6327026907817785 20 4.6063548923563663e-05
D 32 6.6327026907817785 21 4.3120099141039901e-05
D 32 6.6327026907817785 22 4.0523778726342197e-05
D 32 6.6327026907817785 23 3.8217462447320912e-05
D 32 6.6327026907817785 24 3.6155760835146535e-05
D 32 6.6327026907817785 25 3.4302183549368594e-05
D 32 6.6327026907817785 26 3.262708058302693e-05
D 32 6.6327026907817785 27 3.1106125170280028e-05
D 32 6.6327026907817785 28 2.9719180255607754e-05
D 32 6.6327026907817785 29 2.8449440710431942e-05
D 32 6.6327026907817785 30 2.7282776578503747e-05
D 32 6.6327026907817785 31 2.6207224779190834e-05
D 32 6.6327026907817785 32 2.5212591760433381e-05
F 32 6.6327026907817785 0 0.34401890635490417
F 32 6.6327026907817785 1 0.025834286585450172
F 32 6.6327026907817785 2 0.0057432288303971291
F 32 6.6327026907817785 3 0.0020654886029660702
F 32 6.6327026907817785 4 0.00099068367853760719
F 32 6.6327026907817785 5 0.00057288503739982843
F 32 6.6327026907817785 6 0.00037579968920908868
F 32 6.6327026907817785 7 0.00026903033722192049
F 32 6.6327026907817785 8 0.00020495831267908216
F 32 6.6327026907817785 9 0.0001634093641769141
F 32 6.6327026907817785 10 0.0001348001096630469
F 32 6.6327026907817785 11 0.00011414671462262049
F 32 6.6327026907817785 12 9.8660726507660002e-05
F 32 6.6327026907817785 13 8.668550435686484e-05
F 32 6.6327026907817785 14 7.7186392445582896e-05
F 32 6.6327026907817785 15 6.9489440647885203e-05
F 32 6.6327026907817785 16 6.3139632402453572e-05
F 32 6.6327026907817785 17 5.7820176152745262e-05
F 32 6.6327026907817785 18 5.3304549510357901e-05
F 32 6.6327026907817785 19 4.94269588671159e-05
F 32 6.6327026907817785 20 4.6063545596553013e-05
F 32 6.6327026907817785 21 4.3120093323523179e-05
F 32 6.6327026907817785 22 4.0523773350287229e-05
F 32 6.6327026907817785 23 3.8217458495637402e-05
F 32 6.6327026907817785 24 3.6155757697997615e-05
F 32 6.6327026907817785 25 3.4302182029932737e-05
F 32 6.6327026907817785 26 3.2627074688207358e-05
F 32 6.6327026907817785 27 3.1106123060453683e-05
F 32 6.6327026907817785 28 2.9719178201048635e-05
F 32 6.6327026907817785 29 2.844943810487166e-05
F 32 6.6327026907817785 30 2.7282774681225419e-05
F 32 6.6327026907817785 31 2.6207220798823982e-05
F 32 6.6327026907817785 32 2.521258829801809e-05
D 32 6.8277821522753603 0 0.33908590349784473
D 32 6.8277821522753603 1 0.024752008632014582
D 32 6.8277821522753603 2 0.0053584580107820072
D 32 6.8277821522753603 3 0.0018826781174299324
D 32 6.8277821522753603 4 0.00088575532989168375
D 32 6.8277821522753603 5 0.00050444931156411058
D 32 6.8277821522753603 6 0.00032702306334875703
D 32 6.8277821522753603 7 0.00023199640793335717
D 32 6.8277821522753603 8 0.00017551000522377237
D 32 6.8277821522753603 9 0.00013916760156119774
D 32 6.8277821522753603 10 0.00011430699151462211
D 32 6.8277821522753603 11 9.6458032480796824e-05
D 32 6.8277821522753603 12 8.3136570936500549e-05
D 32 6.8277821522753603 13 7.2875517601698558e-05
D 32 6.8277821522753603 14 6.4763417969921562e-05
D 32 6.8277821522753603 15 5.8209323820307419e-05
D 32 6.8277821522753603 16 5.2815911943974242e-05
D 32 6.8277821522753603 17 4.8307570662319913e-05
D 32 6.8277821522753603 18 4.4487873445379489e-05
D 32 6.8277821522753603 19 4.1213482530076551e-05
D 32 6.8277821522753603 20 3.8377605671208827e-05
D 32 6.8277821522753603 21 3.5899203065602443e-05
D 32 6.8277821522753603 22 3.3715763404399996e-05
D 32 6.8277821522753603 23 3.1778356935295759e-05
D 32 6.8277821522753603 24 3.0048177448591883e-05
D 32 6.8277821522753603 25 2.8494079755915348e-05
D 32 6.8277821522753603 26 2.7090796302961744e-05
D 32 6.8277821522753603 27 2.5817625666658118e-05
D 32 6.8277821522753603 28 2.4657454469229351e-05
D 32 6.8277821522753603 29 2.3596018515587127e-05
D 32 6.8277821522753603 30 2.2621338009560942e-05
D 32 6.8277821522753603 31 2.1723281103019465e-05
D 32 6.8277821522753603 32 2.0893223198402975e-05
F 32 6.8277821522753603 0 0.33908593654632568
F 32 6.8277821522753603 1 0.024752011522650719
F 32 6.8277821522753603 2 0.0053584584966301918
F 32 6.8277821522753603 3 0.0018826781306415796
F 32 6.8277821522753603 4 0.0008857553475536406
F 32 6.8277821522753603 5 0.00050444930093362927
F 32 6.8277821522753603 6 0.00032702306634746492
F 32 6.8277821522753603 7 0.00023199639690574259
F 32 6.8277821522753603 8 0.00017550999473314732
F 32 6.8277821522753603 9 0.00013916759053245187
F 32 6.8277821522753603 10 0.00011430698214098811
F 32 6.8277821522753603 11 9.6458032203372568e-05
F 32 6.8277821522753603 12 8.3136575995013118e-05
F 32 6.8277821522753603 13 7.2875518526416272e-05
F 32 6.8277821522753603 14 6.4763415139168501e-05
F 32 6.8277821522753603 15 5.8209319831803441e-05
F 32 6.8277821522753603 16 5.2815910748904571e-05
F 32 6.8277821522753603 17 4.8307567340089008e-05
F 32 6.8277821522753603 18 4.4487871491583064e-05
F 32 6.8277821522753603 19 4.1213483200408518e-05
F 32 6.8277821522753603 20 3.8377605960704386e-05
F 32 6.8277821522753603 21 3.58992037945427e-05
F 32 6.8277821522753603 22 3.3715761674102396e-05
F 32 6.8277821522753603 23 3.1778356060385704e-05
F 32 6.8277821522753603 24 3.004817699547857e-05
F 32 6.8277821522753603 25 2.8494079742813483e-05
F 32 6.8277821522753603 26 2.7090796720585786e-05
F 32 6.8277821522753603 27 2.581762419140432e-05
F 32 6.8277821522753603 28 2.4657456378918141e-05
F 32 6.8277821522753603 29 2.359601785428822e-05
F 32 6.8277821522753603 30 2.2621337848249823e-05
F 32 6.8277821522753603 31 2.1723280951846391e-05
F 32 6.8277821522753603 32 2.0893223336315714e-05
D 32 7.0228616137689421 0 0.33435697851655272
D 32 7.0228616137689421 1 0.023741440846352897
D 32 7.0228616137689421 2 0.0050074353619219388
D 32 7.0228616137689421 3 0.0017190930685970199
D 32 7.0228616137689421 4 0.00079329344128156851
D 32 7.0228616137689421 5 0.00044485922900477503
D 32 7.0228616137689421 6 0.00028493941454639683
D 32 7.0228616137689421 7 0.00020027028710568542
D 32 7.0228616137689421 8 0.00015042179791253691
D 32 7.0228616137689421 9 0.00011860544108756409
D 32 7.0228616137689421 10 9.698553736811422e-05
D 32 7.0228616137689421 11 8.1549728729350126e-05
D 32 7.0228616137689421 12 7.0083425332484944e-05
D 32 7.0228616137689421 13 6.128657482779304e-05
D 32 7.0228616137689421 14 5.4355773801410016e-05
D 32 7.0228616137689421 15 4.8772573930592951e-05
D 32 7.0228616137689421 16 4.418985167772166e-05
D 32 7.0228616137689421 17 4.0367714105024511e-05
D 32 7.0228616137689421 18 3.7135761506111962e-05
D 32 7.0228616137689421 19 3.4370021549514158e-05
D 32 7.0228616137689421 20 3.1978379997783346e-05
D 32 7.0228616137689421 21 2.9891106879339969e-05
D 32 7.0228616137689421 22 2.8054534729966919e-05
D 32 7.0228616137689421 23 2.6426741515425909e-05
D 32 7.0228616137689421 24 2.4974540635979319e-05
D 32 7.0228616137689421 25 2.3671342518979275e-05
D 32 7.0228616137689421 26 2.2495609348994369e-05
D 32 7.0228616137689421 27 2.1429720983638505e-05
D 32 7.0228616137689421 28 2.0459130777941155e-05
D 32 7.0228616137689421 29 1.9571729000506533e-05
D 32 7.0228616137689421 30 1.8757357029233855e-05
D 32 7.0228616137689421 31 1.8007432509436345e-05
D 32 7.0228616137689421 32 1.7314657169132182e-05
F 32 7.0228616137689421 0 0.33435696363449097
F 32 7.0228616137689421 1 0.02374144084751606
F 32 7.0228616137689421 2 0.005007435567677021
F 32 7.0228616137689421 3 0.0017190931830555201
F 32 7.0228616137689421 4 0.00079329346772283316
F 32 7.0228616137689421 5 0.00044485926628112793
F 32 7.0228616137689421 6 0.00028493942227214575
F 32 7.0228616137689421 7 0.00020027029677294195
F 32 7.0228616137689421 8 0.00015042180893942714
F 32 7.0228616137689421 9 0.00011860545055242255
F 32 7.0228616137689421 10 9.698554640635848e-05
F 32 7.0228616137689421 11 8.1549740571063012e-05
F 32 7.0228616137689421 12 7.0083442551549524e-05
F 32 7.0228616137689421 13 6.1286584241315722e-05
F 32 7.0228616137689421 14 5.435578350443393e-05
F 32 7.0228616137689421 15 4.8772581067169085e-05
F 32 7.0228616137689421 16 4.4189859181642532e-05
F 32 7.0228616137689421 17 4.0367718611378223e-05
F 32 7.0228616137689421 18 3.7135767342988402e-05
F 32 7.0228616137689421 19 3.4370026696706191e-05
F 32 7.0228616137689421 20 3.1978386687114835e-05
F 32 7.0228616137689421 21 2.9891112717450596e-05
F 32 7.0228616137689421 22 2.8054540962330066e-05
F 32 7.0228616137689421 23 2.6426745534990914e-05
F 32 7.0228616137689421 24 2.4974546249723062e-05
F 32 7.0228616137689421 25 2.3671345843467861e-05
F 32 7.0228616137689421 26 2.249561293865554e-05
F 32 7.0228616137689421 27 2.1429723346955143e-05
F 32 7.0228616137689421 28 2.045913424808532e-05
F 32 7.0228616137689421 29 1.9571731172618456e-05
F 32 7.0228616137689421 30 1.8757358702714555e-05
F 32 7.0228616137689421 31 1.8007436665357091e-05
F 32 7.0228616137689421 32 1.7314659999101423e-05
D 32 7.2179410752625239 0 0.32981871226167614
D 32 7.2179410752625239 1 0.02279634858009286
D 32 7.2179410752625239 2 0.0046866366972004763
D 32 7.2179410752625239 3 0.0015724617693703045
D 32 7.2179410752625239 4 0.00071169337497340899
D 32 7.2179410752625239 5 0.00039290495852294143
D 32 7.2179410752625239 6 0.00024859193287715128
D 32 7.2179410752625239 7 0.00017306766598572788
D 32 7.2179410752625239 8 0.00012903293842362126
D 32 7.2179410752625239 9 0.00010115414082830289
D 32 7.2179410752625239 10 8.2337744668271404e-05
D 32 7.2179410752625239 11 6.8979639102340214e-05
D 32 7.2179410752625239 12 5.9104181738988884e-05
D 32 7.2179410752625239 13 5.1558598120107584e-05
D 32 7.2179410752625239 14 4.5634305213026264e-05
D 32 7.2179410752625239 15 4.0876210255687975e-05
D 32 7.2179410752625239 16 3.698089352581365e-05
D 32 7.2179410752625239 17 3.3739454513868291e-05
D 32 7.2179410752625239 18 3.1004008355841691e-05
D 32 7.2179410752625239 19 2.8667289444762156e-05
D 32 7.2179410752625239 20 2.6649815173585804e-05
D 32 7.2179410752625239 21 2.4891566805800187e-05
D 32 7.2179410752625239 22 2.3346455171122662e-05
D 32 7.2179410752625239 23 2.1978551932305369e-05
D 32 7.2179410752625239 24 2.0759468699381663e-05
D 32 7.2179410752625239 25 1.9666499500538714e-05
D 32 7.2179410752625239 26 1.8681281445006867e-05
D 32 7.2179410752625239 27 1.7788813786448035e-05
D 32 7.2179410752625239 28 1.6976729134572731e-05
D 32 7.2179410752625239 29 1.6234744857317705e-05
D 32 7.2179410752625239 30 1.5554245114630088e-05
D 32 7.2179410752625239 31 1.4927958858269907e-05
D 32 7.2179410752625239 32 1.4349709199926188e-05
F 32 7.2179410752625239 0 0.3298187255859375
F 32 7.2179410752625239 1 0.022796347737312317
F 32 7.2179410752625239 2 0.0046866363845765591
F 32 7.2179410752625239 3 0.0015724616823717952
F 32 7.2179410752625239 4 0.00071169331204146147
F 32 7.2179410752625239 5 0.0003929049416910857
F 32 7.2179410752625239 6 0.00024859191034920514
F 32 7.2179410752625239 7 0.00017306763038504869
F 32 7.2179410752625239 8 0.00012903290917165577
F 32 7.2179410752625239 9 0.00010115411714650691
F 32 7.2179410752625239 10 8.2337726780679077e-05
F 32 7.2179410752625239 11 6.8979628849774599e-05
F 32 7.2179410752625239 12 5.9104171668877825e-05
F 32 7.2179410752625239 13 5.1558585255406797e-05
F 32 7.2179410752625239 14 4.5634296839125454e-05
F 32 7.2179410752625239 15 4.0876202547224239e-05
F 32 7.2179410752625239 16 3.6980887671234086e-05
F 32 7.2179410752625239 17 3.373944855411537e-05
F 32 7.2179410752625239 18 3.1004001357359812e-05
F 32 7.2179410752625239 19 2.8667285732808523e-05
F 32 7.2179410752625239 20 2.6649810024537146e-05
F 32 7.2179410752625239 21 2.4891562134143896e-05
F 32 7.2179410752625239 22 2.3346450689132325e-05
F 32 7.2179410752625239 23 2.1978548829792999e-05
F 32 7.2179410752625239 24 2.0759465769515373e-05
F 32 7.2179410752625239 25 1.9666495063574985e-05
F 32 7.2179410752625239 26 1.8681275832932442e-05
F 32 7.2179410752625239 27 1.7788808690966107e-05
F 32 7.2179410752625239 28 1.697672632872127e-05
F 32 7.2179410752625239 29 1.6234740542131476e-05
F 32 7.2179410752625239 30 1.5554242054349743e-05
F 32 7.2179410752625239 31 1.4927954907761887e-05
F 32 7.2179410752625239 32 1.4349706361826975e-05
D 32 7.4130205367561048 0 0.32545888656668326
D 32 7.4130205367561048 1 0.021911145358618329
D 32 7.4130205367561048 2 0.004392952254806788
D 32 7.4130205367561048 3 0.001440803762515279
D 32 7.4130205367561048 4 0.00063956930771197221
D 32 7.4130205367561048 5 0.0003475491691778782
D 32 7.4130205367561048 6 0.00021716487448543456
D 32 7.4130205367561048 7 0.0001497228994033339
D 32 7.4130205367561048 8 0.00011078466401074294
D 32 7.4130205367561048 9 8.633415823715392e-05
D 32 7.4130205367561048 10 6.9944733678576016e-05
D 32 7.4130205367561048 11 5.8376601740627837e-05
D 32 7.4130205367561048 12 4.9866065003947585e-05
D 32 7.4130205367561048 13 4.3390282665311028e-05
D 32 7.4130205367561048 14 3.8323927273277977e-05
D 32 7.4130205367561048 15 3.4267298754570618e-05
D 32 7.4130205367561048 16 3.0955043696738181e-05
D 32 7.4130205367561048 17 2.8205164669889454e-05
D 32 7.4130205367561048 18 2.588926129581535e-05
D 32 7.4130205367561048 19 2.3914486279626414e-05
D 32 7.4130205367561048 20 2.2212231246431709e-05
D 32 7.4130205367561048 21 2.0730818663475257e-05
D 32 7.4130205367561048 22 1.9430655087866242e-05
D 32 7.4130205367561048 23 1.8280939968979342e-05
D 32 7.4130205367561048 24 1.7257382814597541e-05
D 32 7.4130205367561048 25 1.6340589143289471e-05
D 32 7.4130205367561048 26 1.5514899294811498e-05
D 32 7.4130205367561048 27 1.4767539724727123e-05
D 32 7.4130205367561048 28 1.4087993666877778e-05
D 32 7.4130205367561048 29 1.3467528243751899e-05
D 32 7.4130205367561048 30 1.2898834781426687e-05
D 32 7.4130205367561048 31 1.2375752140829581e-05
D 32 7.4130205367561048 32 1.1893051684296385e-05
F 32 7.4130205367561048 0 0.32545897364616394
F 32 7.4130205367561048 1 0.021911149844527245
F 32 7.4130205367561048 2 0.0043929526582360268
F 32 7.4130205367561048 3 0.0014408037532120943
F 32 7.4130205367561048 4 0.00063956930534914136
F 32 7.4130205367561048 5 0.00034754915395751595
F 32 7.4130205367561048 6 0.00021716486662626266
F 32 7.4130205367561048 7 0.00014972289500292391
F 32 7.4130205367561048 8 0.00011078465468017384
F 32 7.4130205367561048 9 8.6334148363675922e-05
F 32 7.4130205367561048 10 6.9944726419635117e-05
F 32 7.4130205367561048 11 5.8376594097353518e-05
F 32 7.4130205367561048 12 4.9866059271153063e-05
F 32 7.4130205367561048 13 4.3390278733568266e-05
F 32 7.4130205367561048 14 3.8323923945426941e-05
F 32 7.4130205367561048 15 3.4267297451151535e-05
F 32 7.4130205367561048 16 3.0955041438573971e-05
F 32 7.4130205367561048 17 2.8205164198880084e-05
F 32 7.4130205367561048 18 2.5889259632094763e-05
F 32 7.4130205367561048 19 2.3914482881082222e-05
F 32 7.4130205367561048 20 2.2212228941498324e-05
F 32 7.4130205367561048 21 2.0730816686409526e-05
F 32 7.4130205367561048 22 1.9430653992458247e-05
F 32 7.4130205367561048 23 1.8280938093084842e-05
F 32 7.4130205367561048 24 1.7257381841773167e-05
F 32 7.4130205367561048 25 1.6340589354513213e-05
F 32 7.4130205367561048 26 1.551489913254045e-05
F 32 7.4130205367561048 27 1.4767538232263178e-05
F 32 7.4130205367561048 28 1.4087991985434201e-05
F 32 7.4130205367561048 29 1.3467527423927095e-05
F 32 7.4130205367561048 30 1.2898834029329009e-05
F 32 7.4130205367561048 31 1.2375750884530134e-05
F 32 7.4130205367561048 32 1.1893051123479381e-05
D 32 7.6080999982496866 0 0.32126631626818214
D 32 7.6080999982496866 1 0.021080815327822151
D 32 7.6080999982496866 2 0.0041236334858329275
D 32 7.6080999982496866 3 0.0013223901685718545
D 32 7.6080999982496866 4 0.0005757230472291108
D 32 7.6080999982496866 5 0.00030790166239725214
D 32 7.6080999982496866 6 0.00018996228600202304
D 32 7.6080999982496866 7 0.0001296707172427709
D 32 7.6080999982496866 8 9.5204230241720036e-05
D 32 7.6080999982496866 9 7.3740997331567858e-05
D 32 7.6080999982496866 10 5.945405546306819e-05
D 32 7.6080999982496866 11 4.942896479585487e-05
D 32 7.6080999982496866 12 4.2090143378847964e-05
D 32 7.6080999982496866 13 3.6529451100031382e-05
D 32 7.6080999982496866 14 3.2194702293790272e-05
D 32 7.6080999982496866 15 2.873465226861698e-05
D 32 7.6080999982496866 16 2.5917119231284747e-05
D 32 7.6080999982496866 17 2.3583469193635913e-05
D 32 7.6080999982496866 18 2.1622170521034776e-05
D 32 7.6080999982496866 19 1.9952823870437771e-05
D 32 7.6080999982496866 20 1.8516185397215636e-05
D 32 7.6080999982496866 21 1.7267744284086049e-05
D 32 7.6080999982496866 22 1.6173476525120503e-05
D 32 7.6080999982496866 23 1.5206969737048523e-05
D 32 7.6080999982496866 24 1.4347434111061002e-05
D 32 7.6080999982496866 25 1.3578299491248974e-05
D 32 7.6080999982496866 26 1.2886208339008963e-05
D 32 7.6080999982496866 27 1.2260281229190891e-05
D 32 7.6080999982496866 28 1.1691573249276927e-05
D 32 7.6080999982496866 29 1.1172666268655567e-05
D 32 7.6080999982496866 30 1.0697359335270729e-05
D 32 7.6080999982496866 31 1.0260430903685094e-05
D 32 7.6080999982496866 32 9.8574543050097178e-06
F 32 7.6080999982496866 0 0.32126638293266296
F 32 7.6080999982496866 1 0.021080819889903069
F 32 7.6080999982496866 2 0.0041236341930925846
F 32 7.6080999982496866 3 0.0013223903952166438
F 32 7.6080999982496866 4 0.00057572312653064728
F 32 7.6080999982496866 5 0.00030790173332206905
F 32 7.6080999982496866 6 0.00018996231665369123
F 32 7.6080999982496866 7 0.00012967073416803032
F 32 7.6080999982496866 8 9.5204231911338866e-05
F 32 7.6080999982496866 9 7.3741000960581005e-05
F 32 7.6080999982496866 10 5.9454057918628678e-05
F 32 7.6080999982496866 11 4.9428967031417415e-05
F 32 7.6080999982496866 12 4.2090145143447444e-05
F 32 7.6080999982496866 13 3.6529454519040883e-05
F 32 7.6080999982496866 14 3.2194704544963315e-05
F 32 7.6080999982496866 15 2.8734655643347651e-05
F 32 7.6080999982496866 16 2.5917122911778279e-05
F 32 7.6080999982496866 17 2.3583472284371965e-05
F 32 7.6080999982496866 18 2.1622172425850295e-05
F 32 7.6080999982496866 19 1.9952825823565945e-05
F 32 7.6080999982496866 20 1.8516186173656024e-05
F 32 7.6080999982496866 21 1.7267746443394572e-05
F 32 7.6080999982496866 22 1.6173478798009455e-05
F 32 7.6080999982496866 23 1.5206971511361189e-05
F 32 7.6080999982496866 24 1.4347435353556648e-05
F 32 7.6080999982496866 25 1.3578301150118932e-05
F 32 7.6080999982496866 26 1.2886209333373699e-05
F 32 7.6080999982496866 27 1.2260282346687745e-05
F 32 7.6080999982496866 28 1.1691574400174432e-05
F 32 7.6080999982496866 29 1.1172667655046098e-05
F 32 7.6080999982496866 30 1.0697360266931355e-05
F 32 7.6080999982496866 31 1.0260431736242026e-05
F 32 7.6080999982496866 32 9.8574546427698806e-06
D 32 7.8031794597432684 0 0.3172307444624391
D 32 7.8031794597432684 1 0.020300847352352779
D 32 7.8031794597432684 2 0.0038762473718075259
D 32 7.8031794597432684 3 0.0012157097401773809
D 32 7.8031794597432684 4 0.00051911748993624428
D 32 7.8031794597432684 5 0.00027319781119405245
D 32 7.8031794597432684 6 0.00016638997120452701
D 32 7.8031794597432684 7 0.00011243079329376856
D 32 7.8031794597432684 8 8.1891464504064952e-05
D 32 7.8031794597432684 9 6.3033318003926202e-05
D 32 7.8031794597432684 10 5.0569049080082537e-05
D 32 7.8031794597432684 11 4.1874964054045692e-05
D 32 7.8031794597432684 12 3.55425544286791e-05
D 32 7.8031794597432684 13 3.0764994658925549e-05
D 32 7.8031794597432684 14 2.7054391485902217e-05
D 32 7.8031794597432684 15 2.410190891533338e-05
D 32 7.8031794597432684 16 2.1704285170495102e-05
D 32 7.8031794597432684 17 1.9723184651887321e-05
D 32 7.8031794597432684 18 1.806168577543068e-05
D 32 7.8031794597432684 19 1.6650140056229308e-05
D 32 7.8031794597432684 20 1.5437370851340679e-05
D 32 7.8031794597432684 21 1.4385026907906901e-05
D 32 7.8031794597432684 22 1.3463860866606861e-05
D 32 7.8031794597432684 23 1.2651216603578123e-05
D 32 7.8031794597432684 24 1.1929295578484349e-05
D 32 7.8031794597432684 25 1.1283937037494818e-05
D 32 7.8031794597432684 26 1.0703744407028553e-05
D 32 7.8031794597432684 27 1.017944944611326e-05
D 32 7.8031794597432684 28 9.7034425777201202e-06
D 32 7.8031794597432684 29 9.2694212508284943e-06
D 32 7.8031794597432684 30 8.8721233824945889e-06
D 32 7.8031794597432684 31 8.5071229684903691e-06
D 32 7.8031794597432684 32 8.1706716960080623e-06
F 32 7.8031794597432684 0 0.31723076105117798
F 32 7.8031794597432684 1 0.020300848409533501
F 32 7.8031794597432684 2 0.0038762479089200497
F 32 7.8031794597432684 3 0.0012157099554315209
F 32 7.8031794597432684 4 0.00051911757327616215
F 32 7.8031794597432684 5 0.00027319786022417247
F 32 7.8031794597432684 6 0.00016639000386931002
F 32 7.8031794597432684 7 0.00011243081826251
F 32 7.8031794597432684 8 8.1891485024243593e-05
F 32 7.8031794597432684 9 6.3033330661710352e-05
F 32 7.8031794597432684 10 5.0569058657856658e-05
F 32 7.8031794597432684 11 4.187496961094439e-05
F 32 7.8031794597432684 12 3.5542561818147078e-05
F 32 7.8031794597432684 13 3.0765000701649114e-05
F 32 7.8031794597432684 14 2.705439692363143e-05
F 32 7.8031794597432684 15 2.410191336821299e-05
F 32 7.8031794597432684 16 2.1704288883483969e-05
F 32 7.8031794597432684 17 1.9723189325304702e-05
F 32 7.8031794597432684 18 1.8061689843307249e-05
F 32 7.8031794597432684 19 1.6650143152219243e-05
F 32 7.8031794597432684 20 1.5437373804161325e-05
F 32 7.8031794597432684 21 1.4385030226549134e-05
F 32 7.8031794597432684 22 1.3463863979268353e-05
F 32 7.8031794597432684 23 1.2651219549297821e-05
F 32 7.8031794597432684 24 1.1929298125323839e-05
F 32 7.8031794597432684 25 1.1283939784334507e-05
F 32 7.8031794597432684 26 1.0703746738727205e-05
F 32 7.8031794597432684 27 1.0179451237490866e-05
F 32 7.8031794597432684 28 9.7034435384557582e-06
F 32 7.8031794597432684 29 9.2694226623279974e-06
F 32 7.8031794597432684 30 8.8721253632684238e-06
F 32 7.8031794597432684 31 8.5071242210688069e-06
F 32 7.8031794597432684 32 8.1706730270525441e-06
D 32 7.9982589212368502 0 0.31334274978917992
D 32 7.9982589212368502 1 0.019567177411235166
D 32 7.9982589212368502 2 0.0036486368849116772
D 32 7.9982589212368502 3 0.0011194397054028495
D 32 7.9982589212368502 4 0.00046885395985354927
D 32 7.9982589212368502 5 0.00024278023963827741
D 32 7.9982589212368502 6 0.00014594022621062139
D 32 7.9982589212368502 7 9.759472358944711e-05
D 32 7.9982589212368502 8 7.0507448023393945e-05
D 32 7.9982589212368502 9 5.3922948818222907e-05
D 32 7.9982589212368502 10 4.3039918488383284e-05
D 32 7.9982589212368502 11 3.5494667673252036e-05
D 32 7.9982589212368502 12 3.0027169519433388e-05
D 32 7.9982589212368502 13 2.5920143281227871e-05
D 32 7.9982589212368502 14 2.2742241071929238e-05
D 32 7.9982589212368502 15 2.0221762683804633e-05
D 32 7.9982589212368502 16 1.8180671728289829e-05
D 32 7.9982589212368502 17 1.6498275820043854e-05
D 32 7.9982589212368502 18 1.509031231487116e-05
D 32 7.9982589212368502 19 1.3896421354390178e-05
D 32 7.9982589212368502 20 1.287237831012707e-05
D 32 7.9982589212368502 21 1.1985127581826547e-05
D 32 7.9982589212368502 22 1.1209519738991815e-05
D 32 7.9982589212368502 23 1.0526114896040123e-05
D 32 7.9982589212368502 24 9.9196711539534473e-06
D 32 7.9982589212368502 25 9.3780836875135e-06
D 32 7.9982589212368502 26 8.891626662480903e-06
D 32 7.9982589212368502 27 8.4524026375468655e-06
D 32 7.9982589212368502 28 8.0539366645658003e-06
D 32 7.9982589212368502 29 7.6908729501987697e-06
D 32 7.9982589212368502 30 7.3587453039921323e-06
D 32 7.9982589212368502 31 7.0538014051859085e-06
D 32 7.9982589212368502 32 6.7728668254815978e-06
F 32 7.9982589212368502 0 0.31334272027015686
F 32 7.9982589212368502 1 0.019567174836993217
F 32 7.9982589212368502 2 0.0036486363969743252
F 32 7.9982589212368502 3 0.0011194396065548062
F 32 7.9982589212368502 4 0.00046885391930118203
F 32 7.9982589212368502 5 0.00024278021010104567
F 32 7.9982589212368502 6 0.00014594019739888608
F 32 7.9982589212368502 7 9.7594704129733145e-05
F 32 7.9982589212368502 8 7.0507434429600835e-05
F 32 7.9982589212368502 9 5.3922940423944965e-05
F 32 7.9982589212368502 10 4.3039912270614877e-05
F 32 7.9982589212368502 11 3.5494660551194102e-05
F 32 7.9982589212368502 12 3.0027164029888809e-05
F 32 7.9982589212368502 13 2.5920138796209358e-05
F 32 7.9982589212368502 14 2.2742236978956498e-05
F 32 7.9982589212368502 15 2.0221757949911989e-05
F 32 7.9982589212368502 16 1.818066812120378e-05
F 32 7.9982589212368502 17 1.6498272088938393e-05
F 32 7.9982589212368502 18 1.5090310625964776e-05
F 32 7.9982589212368502 19 1.3896419659431558e-05
F 32 7.9982589212368502 20 1.2872375918959733e-05
F 32 7.9982589212368502 21 1.1985125638602767e-05
F 32 7.9982589212368502 22 1.1209517651877832e-05
F 32 7.9982589212368502 23 1.0526113328523934e-05
F 32 7.9982589212368502 24 9.9196695373393595e-06
F 32 7.9982589212368502 25 9.3780818133382127e-06
F 32 7.9982589212368502 26 8.8916258391691372e-06
F 32 7.9982589212368502 27 8.4524008343578316e-06
F 32 7.9982589212368502 28 8.0539357441011816e-06
F 32 7.9982589212368502 29 7.6908718256163411e-06
F 32 7.9982589212368502 30 7.3587443694123067e-06
F 32 7.9982589212368502 31 7.0538003456022125e-06
F 32 7.9982589212368502 32 6.7728660724242218e-06
D 32 8.1933383827304311 0 0.30959366423520912
D 32 8.1933383827304311 1 0.018876138179067043
D 32 8.1933383827304311 2 0.0034388867266433656
D 32 8.1933383827304311 3 0.0010324207013232372
D 32 8.1933383827304311 4 0.00042415284649112043
D 32 8.1933383827304311 5 0.000216083245824491
D 32 8.1933383827304311 6 0.00012817891140893563
D 32 8.1933383827304311 7 8.4815033184951308e-05
D 32 8.1933383827304311 8 6.0764985931162703e-05
D 32 8.1933383827304311 9 4.6166495928069279e-05
D 32 8.1933383827304311 10 3.665624925469098e-05
D 32 8.1933383827304311 11 3.0103231225364789e-05
D 32 8.1933383827304311 12 2.5379459757053689e-05
D 32 8.1933383827304311 13 2.1846844505921042e-05
D 32 8.1933383827304311 14 1.9123797429010014e-05
D 32 8.1933383827304311 15 1.6971153746373387e-05
D 32 8.1933383827304311 16 1.5232890417486994e-05
D 32 8.1933383827304311 17 1.3803657224220731e-05
D 32 8.1933383827304311 18 1.2610164412392737e-05
D 32 8.1933383827304311 19 1.1600080438314383e-05
D 32 8.1933383827304311 20 1.0735173760339055e-05
D 32 8.1933383827304311 21 9.9869431644806678e-06
D 32 8.1933383827304311 22 9.3337559286286193e-06
D 32 8.1933383827304311 23 8.7589267903475318e-06
D 32 8.1933383827304311 24 8.2493995834917272e-06
D 32 8.1933383827304311 25 7.7948242195021383e-06
D 32 8.1933383827304311 26 7.3868986533754529e-06
D 32 8.1933383827304311 27 7.0188919701399317e-06
D 32 8.1933383827304311 28 6.6852935017350935e-06
D 32 8.1933383827304311 29 6.381551087697442e-06
D 32 8.1933383827304311 30 6.1038733443772092e-06
D 32 8.1933383827304311 31 5.8490785359545835e-06
D 32 8.1933383827304311 32 5.6144778114212264e-06
F 32 8.1933383827304311 0 0.30959367752075195
F 32 8.1933383827304311 1 0.01887613907456398
F 32 8.1933383827304311 2 0.003438886720687151
F 32 8.1933383827304311 3 0.0010324206668883562
F 32 8.1933383827304311 4 0.00042415285133756697
F 32 8.1933383827304311 5 0.00021608326642308384
F 32 8.1933383827304311 6 0.00012817891547456384
F 32 8.1933383827304311 7 8.4815037553198636e-05
F 32 8.1933383827304311 8 6.0764985391870141e-05
F 32 8.1933383827304311 9 4.6166493120836094e-05
F 32 8.1933383827304311 10 3.6656245356425643e-05
F 32 8.1933383827304311 11 3.0103230528766289e-05
F 32 8.1933383827304311 12 2.5379460566909984e-05
F 32 8.1933383827304311 13 2.1846844902029261e-05
F 32 8.1933383827304311 14 1.9123797756037675e-05
F 32 8.1933383827304311 15 1.6971152945188805e-05
F 32 8.1933383827304311 16 1.5232888472382911e-05
F 32 8.1933383827304311 17 1.3803655747324228e-05
F 32 8.1933383827304311 18 1.2610163139470387e-05
F 32 8.1933383827304311 19 1.1600079233176075e-05
F 32 8.1933383827304311 20 1.0735173418652266e-05
F 32 8.1933383827304311 21 9.9869430414400995e-06
F 32 8.1933383827304311 22 9.3337557700579055e-06
F 32 8.1933383827304311 23 8.7589269242016599e-06
F 32 8.1933383827304311 24 8.2493997979327105e-06
F 32 8.1933383827304311 25 7.7948243415448815e-06
F 32 8.1933383827304311 26 7.3868982326530386e-06
F 32 8.1933383827304311 27 7.0188912104640622e-06
F 32 8.1933383827304311 28 6.6852926465799101e-06
F 32 8.1933383827304311 29 6.3815505200182088e-06
F 32 8.1933383827304311 30 6.1038726926199161e-06
F 32 8.1933383827304311 31 5.8490782066655811e-06
F 32 8.1933383827304311 32 5.6144776863220613e-06
D 32 8.388417844224012 0 0.30597550015166186
D 32 8.388417844224012 1 0.018224414836980937
D 32 8.388417844224012 2 0.0032452936065240244
D 32 8.388417844224012 3 0.00095363520369446883
D 32 8.388417844224012 4 0.00038433704854025466
D 32 8.388417844224012 5 0.00019261954896351944
D 32 8.388417844224012 6 0.00011273449655244956
D 32 8.388417844224012 7 7.3795891230905679e-05
D 32 8.388417844224012 8 5.2420579856473726e-05
D 32 8.388417844224012 9 3.9558290750780409e-05
D 32 8.388417844224012 10 3.1240730998358815e-05
D 32 8.388417844224012 11 2.554524854423388e-05
D 32 8.388417844224012 12 2.1461365521207509e-05
D 32 8.388417844224012 13 1.8421067610778967e-05
D 32 8.388417844224012 14 1.608658015042173e-05
D 32 8.388417844224012 15 1.4247258260296186e-05
D 32 8.388417844224012 16 1.2766298515893587e-05
D 32 8.388417844224012 17 1.1551697894947775e-05
D 32 8.388417844224012 18 1.053968198106449e-05
D 32 8.388417844224012 19 9.684860887855546e-06
D 32 8.388417844224012 20 8.9541713287117693e-06
D 32 8.388417844224012 21 8.3230302514659032e-06
D 32 8.388417844224012 22 7.7728237741798153e-06
D 32 8.388417844224012 23 7.289226561594101e-06
D 32 8.388417844224012 24 6.8610515721879968e-06
D 32 8.388417844224012 25 6.4794467525068259e-06
D 32 8.388417844224012 26 6.137323674832778e-06
D 32 8.388417844224012 27 5.828944329181002e-06
D 32 8.388417844224012 28 5.5496177178815453e-06
D 32 8.388417844224012 29 5.2954739529376561e-06
D 32 8.388417844224012 30 5.0632938941791131e-06
D 32 8.388417844224012 31 4.850379150020578e-06
D 32 8.388417844224012 32 4.6544517919257064e-06
F 32 8.388417844224012 0 0.30597549676895142
F 32 8.388417844224012 1 0.018224414438009262
F 32 8.388417844224012 2 0.0032452933955937624
F 32 8.388417844224012 3 0.00095363514265045524
F 32 8.388417844224012 4 0.00038433700683526695
F 32 8.388417844224012 5 0.00019261952547822148
F 32 8.388417844224012 6 0.00011273447307758033
F 32 8.388417844224012 7 7.3795876232907176e-05
F 32 8.388417844224012 8 5.2420567953959107e-05
F 32 8.388417844224012 9 3.9558279240736738e-05
F 32 8.388417844224012 10 3.1240721000358462e-05
F 32 8.388417844224012 11 2.5545239623170346e-05
F 32 8.388417844224012 12 2.1461357391672209e-05
F 32 8.388417844224012 13 1.842106030380819e-05
F 32 8.388417844224012 14 1.6086574760265648e-05
F 32 8.388417844224012 15 1.4247253602661658e-05
F 32 8.388417844224012 16 1.2766294275934342e-05
F 32 8.388417844224012 17 1.1551694115041755e-05
F 32 8.388417844224012 18 1.0539678442000877e-05
F 32 8.388417844224012 19 9.6848580142250285e-06
F 32 8.388417844224012 20 8.9541681518312544e-06
F 32 8.388417844224012 21 8.3230270320200361e-06
F 32 8.388417844224012 22 7.772820936224889e-06
F 32 8.388417844224012 23 7.2892239586508367e-06
F 32 8.388417844224012 24 6.8610493144660722e-06
F 32 8.388417844224012 25 6.4794444369908888e-06
F 32 8.388417844224012 26 6.137321179267019e-06
F 32 8.388417844224012 27 5.8289419939683285e-06
F 32 8.388417844224012 28 5.5496157074230723e-06
F 32 8.388417844224012 29 5.2954719649278559e-06
F 32 8.388417844224012 30 5.0632920647331048e-06
F 32 8.388417844224012 31 4.8503775360586587e-06
F 32 8.388417844224012 32 4.6544500946765766e-06
D 32 8.5834973057175947 0 0.30248088535181172
D 32 8.5834973057175947 1 0.017609006290890943
D 32 8.5834973057175947 2 0.0030663404294570058
D 32 8.5834973057175947 3 0.00088218894726270166
D 32 8.5834973057175947 4 0.00034881780550519712
D 32 8.5834973057175947 5 0.00017196900639915915
D 32 8.5834973057175947 6 9.9288772764967226e-05
D 32 8.5834973057175947 7 6.4285265275898347e-05
D 32 8.5834973057175947 8 4.526766352348509e-05
D 32 8.5834973057175947 9 3.3924460846091745e-05
D 32 8.5834973057175947 10 2.6643889805412988e-05
D 32 8.5834973057175947 11 2.1690019189910959e-05
D 32 8.5834973057175947 12 1.8157004476588922e-05
D 32 8.5834973057175947 13 1.5538879960880722e-05
D 32 8.5834973057175947 14 1.3536470468187946e-05
D 32 8.5834973057175947 15 1.1964144270313496e-05
D 32 8.5834973057175947 16 1.0701886566609324e-05
D 32 8.5834973057175947 17 9.6693112042443524e-06
D 32 8.5834973057175947 18 8.8108986001108916e-06
D 32 8.5834973057175947 19 8.0872632623229698e-06
D 32 8.5834973057175947 20 7.4698004382566943e-06
D 32 8.5834973057175947 21 6.937299003440477e-06
D 32 8.5834973057175947 22 6.4737373258895906e-06
D 32 8.5834973057175947 23 6.0668124307040551e-06
D 32 8.5834973057175947 24 5.7069360771677242e-06
D 32 8.5834973057175947 25 5.3865354137803059e-06
D 32 8.5834973057175947 26 5.0995567206582454e-06
D 32 8.5834973057175947 27 4.8411072943997205e-06
D 32 8.5834973057175947 28 4.6071930249662374e-06
D 32 8.5834973057175947 29 4.3945233730239482e-06
D 32 8.5834973057175947 30 4.2003645531427743e-06
D 32 8.5834973057175947 31 4.0224276844104432e-06
D 32 8.5834973057175947 32 3.8587826383532781e-06
F 32 8.5834973057175947 0 0.30248090624809265
F 32 8.5834973057175947 1 0.017609009519219398
F 32 8.5834973057175947 2 0.0030663411598652601
F 32 8.5834973057175947 3 0.00088218919700011611
F 32 8.5834973057175947 4 0.0003488179063424468
F 32 8.5834973057175947 5 0.00017196904809679836
F 32 8.5834973057175947 6 9.9288794444873929e-05
F 32 8.5834973057175947 7 6.4285275584552437e-05
F 32 8.5834973057175947 8 4.5267672248883173e-05
F 32 8.5834973057175947 9 3.392446888028644e-05
F 32 8.5834973057175947 10 2.6643896489986219e-05
F 32 8.5834973057175947 11 2.1690024368581362e-05
F 32 8.5834973057175947 12 1.8157008526031859e-05
F 32 8.5834973057175947 13 1.5538884326815605e-05
F 32 8.5834973057175947 14 1.3536473488784395e-05
F 32 8.5834973057175947 15 1.1964147233811673e-05
F 32 8.5834973057175947 16 1.0701889550546184e-05
F 32 8.5834973057175947 17 9.6693138402770273e-06
F 32 8.5834973057175947 18 8.8109018179238774e-06
F 32 8.5834973057175947 19 8.0872659964370541e-06
F 32 8.5834973057175947 20 7.469802767445799e-06
F 32 8.5834973057175947 21 6.9373008955153637e-06
F 32 8.5834973057175947 22 6.4737391767266672e-06
F 32 8.5834973057175947 23 6.0668135120067745e-06
F 32 8.5834973057175947 24 5.7069373724516481e-06
F 32 8.5834973057175947 25 5.3865369409322739e-06
F 32 8.5834973057175947 26 5.0995581659663003e-06
F 32 8.5834973057175947 27 4.8411088755528908e-06
F 32 8.5834973057175947 28 4.6071945689618587e-06
F 32 8.5834973057175947 29 4.3945246943621896e-06
F 32 8.5834973057175947 30 4.2003657654277049e-06
F 32 8.5834973057175947 31 4.022429038741393e-06
F 32 8.5834973057175947 32 3.85878365705139e-06
D 32 8.7785767672111756 0 0.29910300530540102
D 32 8.7785767672111756 1 0.017027191088592665
D 32 8.7785767672111756 2 0.0029006738514246321
D 32 8.7785767672111756 3 0.0008172949063729733
D 32 8.7785767672111756 4 0.00031708256299431225
D 32 8.7785767672111756 5 0.00015376900125776044
D 32 8.7785767672111756 6 8.756897339819397e-05
D 32 8.7785767672111756 7 5.6068288587611455e-05
D 32 8.7785767672111756 8 3.9130900372641129e-05
D 32 8.7785767672111756 9 2.9117943424090032e-05
D 32 8.7785767672111756 10 2.2739666839697624e-05
D 32 8.7785767672111756 11 1.842758280650691e-05
D 32 8.7785767672111756 12 1.5369080243508281e-05
D 32 8.7785767672111756 13 1.3113167952014212e-05
D 32 8.7785767672111756 14 1.1394696257603758e-05
D 32 8.7785767672111756 15 1.0049982651973634e-05
D 32 8.7785767672111756 16 8.9736846505762214e-06
D 32 8.7785767672111756 17 8.0955315540654135e-06
D 32 8.7785767672111756 18 7.3671680951679424e-06
D 32 8.7785767672111756 19 6.7544044800419004e-06
D 32 8.7785767672111756 20 6.2324836127661154e-06
D 32 8.7785767672111756 21 5.7830971798939202e-06
D 32 8.7785767672111756 22 5.3924501781162561e-06
D 32 8.7785767672111756 23 5.0499732094881557e-06
D 32 8.7785767672111756 24 4.7474459712957802e-06
D 32 8.7785767672111756 25 4.4783882198106909e-06
D 32 8.7785767672111756 26 4.2376286129153842e-06
D 32 8.7785767672111756 27 4.0209942525463879e-06
D 32 8.7785767672111756 28 3.8250836462103176e-06
D 32 8.7785767672111756 29 3.6470982996712796e-06
D 32 8.7785767672111756 30 3.4847161602320472e-06
D 32 8.7785767672111756 31 3.3359953609674417e-06
D 32 8.7785767672111756 32 3.1993001940372975e-06
F 32 8.7785767672111756 0 0.29910293221473694
F 32 8.7785767672111756 1 0.017027188092470169
F 32 8.7785767672111756 2 0.002900673309341073
F 32 8.7785767672111756 3 0.00081729475641623139
F 32 8.7785767672111756 4 0.00031708250753581524
F 32 8.7785767672111756 5 0.00015376898227259517
F 32 8.7785767672111756 6 8.756896568229422e-05
F 32 8.7785767672111756 7 5.6068285630317405e-05
F 32 8.7785767672111756 8 3.9130896766437218e-05
F 32 8.7785767672111756 9 2.9117940357537009e-05
F 32 8.7785767672111756 10 2.2739664927939884e-05
F 32 8.7785767672111756 11 1.8427581380819902e-05
F 32 8.7785767672111756 12 1.5369078028015792e-05
F 32 8.7785767672111756 13 1.3113166460243519e-05
F 32 8.7785767672111756 14 1.1394695320632309e-05
F 32 8.7785767672111756 15 1.0049981938209385e-05
F 32 8.7785767672111756 16 8.9736840891418979e-06
F 32 8.7785767672111756 17 8.0955305747920647e-06
F 32 8.7785767672111756 18 7.3671676545927767e-06
F 32 8.7785767672111756 19 6.7544033299782313e-06
F 32 8.7785767672111756 20 6.2324829741555732e-06
F 32 8.7785767672111756 21 5.7830961850413587e-06
F 32 8.7785767672111756 22 5.3924495659884997e-06
F 32 8.7785767672111756 23 5.0499729695729911e-06
F 32 8.7785767672111756 24 4.7474454731855076e-06
F 32 8.7785767672111756 25 4.4783878365706187e-06
F 32 8.7785767672111756 26 4.2376282181066927e-06
F 32 8.7785767672111756 27 4.0209938561019953e-06
F 32 8.7785767672111756 28 3.825083240371896e-06
F 32 8.7785767672111756 29 3.6470976283453638e-06
F 32 8.7785767672111756 30 3.4847157621697988e-06
F 32 8.7785767672111756 31 3.3359949611622142e-06
F 32 8.7785767672111756 32 3.199299953848822e-06
D 32 8.9736562287047583 0 0.29583555157388425
D 32 8.9736562287047583 1 0.016476497424921285
D 32 8.9736562287047583 2 0.0027470847407735743
D 32 8.9736562287047583 3 0.000758259469268383
D 32 8.9736562287047583 4 0.00028868457113315454
D 32 8.9736562287047583 5 0.00013770624771506447
D 32 8.9736562287047583 6 7.734108619555211e-05
D 32 8.9736562287047583 7 4.8961650247566832e-05
D 32 8.9736562287047583 8 3.3861374511475251e-05
D 32 8.9736562287047583 9 2.5014290169726325e-05
D 32 8.9736562287047583 10 1.942170611523516e-05
D 32 8.9736562287047583 11 1.5665395248923288e-05
D 32 8.9736562287047583 12 1.3015876675735963e-05
D 32 8.9736562287047583 13 1.1070896115851344e-05
D 32 8.9736562287047583 14 9.5953146421204725e-06
D 32 8.9736562287047583 15 8.4447206155498105e-06
D 32 8.9736562287047583 16 7.5266006698168369e-06
D 32 8.9736562287047583 17 6.7794962211747266e-06
D 32 8.9736562287047583 18 6.1612724960817251e-06
D 32 8.9736562287047583 19 5.6422373810360945e-06
D 32 8.9736562287047583 20 5.2009554613386132e-06
D 32 8.9736562287047583 21 4.8216182228701459e-06
D 32 8.9736562287047583 22 4.4923438345464944e-06
D 32 8.9736562287047583 23 4.2040493591980193e-06
D 32 8.9736562287047583 24 3.9496852206609083e-06
D 32 8.9736562287047583 25 3.7237046411425614e-06
D 32 8.9736562287047583 26 3.5216889286107897e-06
D 32 8.9736562287047583 27 3.3400782562812339e-06
D 32 8.9736562287047583 28 3.1759751835847933e-06
D 32 8.9736562287047583 29 3.0269991941446197e-06
D 32 8.9736562287047583 30 2.8911775765299842e-06
D 32 8.9736562287047583 31 2.7668625688374283e-06
D 32 8.9736562287047583 32 2.6526677368014557e-06
F 32 8.9736562287047583 0 0.29583555459976196
F 32 8.9736562287047583 1 0.016476497054100037
F 32 8.9736562287047583 2 0.0027470844797790051
F 32 8.9736562287047583 3 0.00075825938256457448
F 32 8.9736562287047583 4 0.00028868450317531824
F 32 8.9736562287047583 5 0.00013770621444564313
F 32 8.9736562287047583 6 7.7341064752545208e-05
F 32 8.9736562287047583 7 4.8961639549816027e-05
F 32 8.9736562287047583 8 3.3861364499898627e-05
F 32 8.9736562287047583 9 2.5014282073243521e-05
F 32 8.9736562287047583 10 1.9421700926613994e-05
F 32 8.9736562287047583 11 1.5665391401853412e-05
F 32 8.9736562287047583 12 1.301587326452136e-05
F 32 8.9736562287047583 13 1.1070892469433602e-05
F 32 8.9736562287047583 14 9.5953109848778695e-06
F 32 8.9736562287047583 15 8.4447174231172539e-06
F 32 8.9736562287047583 16 7.526597983087413e-06
F 32 8.9736562287047583 17 6.779494015063392e-06
F 32 8.9736562287047583 18 6.1612709032488056e-06
F 32 8.9736562287047583 19 5.642235919367522e-06
F 32 8.9736562287047583 20 5.200954092288157e-06
F 32 8.9736562287047583 21 4.8216165851044934e-06
F 32 8.9736562287047583 22 4.4923426685272716e-06
F 32 8.9736562287047583 23 4.2040478547278326e-06
F 32 8.9736562287047583 24 3.9496840145147871e-06
F 32 8.9736562287047583 25 3.7237032302073203e-06
F 32 8.9736562287047583 26 3.5216876312915701e-06
F 32 8.9736562287047583 27 3.3400770007574465e-06
F 32 8.9736562287047583 28 3.1759741432324518e-06
F 32 8.9736562287047583 29 3.0269982289610198e-06
F 32 8.9736562287047583 30 2.8911763365613297e-06
F 32 8.9736562287047583 31 2.7668613711284706e-06
F 32 8.9736562287047583 32 2.6526665806159144e-06
D 32 9.1687356901983392 0 0.29267267574176531
D 32 9.1687356901983392 1 0.015954676707827128
D 32 9.1687356901983392 2 0.0026044911484379564
D 32 9.1687356901983392 3 0.00070447049354339388
D 32 9.1687356901983392 4 0.00026323396100621285
D 32 9.1687356901983392 5 0.00012350979988294593
D 32 9.1687356901983392 6 6.8404173301095402e-05
D 32 9.1687356901983392 7 4.2808847966332047e-05
D 32 9.1687356901983392 8 2.933253335932249e-05
D 32 9.1687356901983392 9 2.1508136559451675e-05
D 32 9.1687356901983392 10 1.660023673989904e-05
D 32 9.1687356901983392 11 1.3325541889882974e-05
D 32 9.1687356901983392 12 1.1028741682434724e-05
D 32 9.1687356901983392 13 9.3508156059238022e-06
D 32 9.1687356901983392 14 8.0831097036925569e-06
D 32 9.1687356901983392 15 7.0981407525116878e-06
D 32 9.1687356901983392 16 6.3146184346755734e-06
D 32 9.1687356901983392 17 5.6787644097834247e-06
D 32 9.1687356901983392 18 5.1538472168840058e-06
D 32 9.1687356901983392 19 4.7140697170083802e-06
D 32 9.1687356901983392 20 4.3408651502818488e-06
D 32 9.1687356901983392 21 4.0205784717134123e-06
D 32 9.1687356901983392 22 3.742972210071414e-06
D 32 9.1687356901983392 23 3.5002383708125672e-06
D 32 9.1687356901983392 24 3.2863295966063125e-06
D 32 9.1687356901983392 25 3.0964968152882452e-06
D 32 9.1687356901983392 26 2.9269634816284973e-06
D 32 9.1687356901983392 27 2.7746920481540251e-06
D 32 9.1687356901983392 28 2.6372138852414474e-06
D 32 9.1687356901983392 29 2.5125036052759345e-06
D 32 9.1687356901983392 30 2.3988849550126506e-06
D 32 9.1687356901983392 31 2.2949594782674996e-06
D 32 9.1687356901983392 32 2.1995518242553193e-06
F 32 9.1687356901983392 0 0.29267272353172302
F 32 9.1687356901983392 1 0.015954678878188133
F 32 9.1687356901983392 2 0.0026044915430247784
F 32 9.1687356901983392 3 0.00070447055622935295
F 32 9.1687356901983392 4 0.00026323398924432695
F 32 9.1687356901983392 5 0.00012350980250630528
F 32 9.1687356901983392 6 6.8404173362068832e-05
F 32 9.1687356901983392 7 4.2808849684661254e-05
F 32 9.1687356901983392 8 2.9332535632420331e-05
F 32 9.1687356901983392 9 2.1508138161152601e-05
F 32 9.1687356901983392 10 1.6600239177932963e-05
F 32 9.1687356901983392 11 1.3325543477549218e-05
F 32 9.1687356901983392 12 1.1028742846974637e-05
F 32 9.1687356901983392 13 9.3508169811684638e-06
F 32 9.1687356901983392 14 8.0831105151446536e-06
F 32 9.1687356901983392 15 7.0981418502924498e-06
F 32 9.1687356901983392 16 6.3146194406726863e-06
F 32 9.1687356901983392 17 5.6787653193168808e-06
F 32 9.1687356901983392 18 5.1538477237045299e-06
F 32 9.1687356901983392 19 4.7140706556092482e-06
F 32 9.1687356901983392 20 4.3408663259469904e-06
F 32 9.1687356901983392 21 4.0205791265179869e-06
F 32 9.1687356901983392 22 3.7429729218274588e-06
F 32 9.1687356901983392 23 3.5002390177396592e-06
F 32 9.1687356901983392 24 3.2863301839824999e-06
F 32 9.1687356901983392 25 3.0964974939706735e-06
F 32 9.1687356901983392 26 2.9269640435813926e-06
F 32 9.1687356901983392 27 2.7746925752580864e-06
F 32 9.1687356901983392 28 2.6372144930064678e-06
F 32 9.1687356901983392 29 2.512504124752013e-06
F 32 9.1687356901983392 30 2.3988852717593545e-06
F 32 9.1687356901983392 31 2.2949598132981919e-06
F 32 9.1687356901983392 32 2.1995522274664836e-06
D 32 9.3638151516919219 0 0.28960894819486427
D 32 9.3638151516919219 1 0.015459680229962584
D 32 9.3638151516919219 2 0.0024719234468191247
D 32 9.3638151516919219 3 0.00065538697612399076
D 32 9.3638151516919219 4 0.0002403900824794488
D 32 9.3638151516919219 5 0.00011094508323067172
D 32 9.3638151516919219 6 6.0585544330160553e-05
D 32 9.3638151516919219 7 3.7476168918840983e-05
D 32 9.3638151516919219 8 2.543676303262307e-05
D 32 9.3638151516919219 9 1.8510229342742179e-05
D 32 9.3638151516919219 10 1.4199453620738324e-05
D 32 9.3638151516919219 11 1.1342400666904181e-05
D 32 9.3638151516919219 12 9.3499803717445397e-06
D 32 9.3638151516919219 13 7.9015479963851549e-06
D 32 9.3638151516919219 14 6.811836534731254e-06
D 32 9.3638151516919219 15 5.9682414754920589e-06
D 32 9.3638151516919219 16 5.2992954548794608e-06
D 32 9.3638151516919219 17 4.7579169908140052e-06
D 32 9.3638151516919219 18 4.3120701219219565e-06
D 32 9.3638151516919219 19 3.9393320843648752e-06
D 32 9.3638151516919219 20 3.6236144455019387e-06
D 32 9.3638151516919219 21 3.3531179148364824e-06
D 32 9.3638151516919219 22 3.1190187866185114e-06
D 32 9.3638151516919219 23 2.9146029113519025e-06
D 32 9.3638151516919219 24 2.7346811321567604e-06
D 32 9.3638151516919219 25 2.5751862409468198e-06
D 32 9.3638151516919219 26 2.4328896906506553e-06
D 32 9.3638151516919219 27 2.3051989660334119e-06
D 32 9.3638151516919219 28 2.1900103149493805e-06
D 32 9.3638151516919219 29 2.0856001387526865e-06
D 32 9.3638151516919219 30 1.9905438109168845e-06
D 32 9.3638151516919219 31 1.9036542421824739e-06
D 32 9.3638151516919219 32 1.8239348551458685e-06
F 32 9.3638151516919219 0 0.28960892558097839
F 32 9.3638151516919219 1 0.015459679067134857
F 32 9.3638151516919219 2 0.0024719233624637127
F 32 9.3638151516919219 3 0.00065538700437173247
F 32 9.3638151516919219 4 0.00024039008712861687
F 32 9.3638151516919219 5 0.00011094508226960897
F 32 9.3638151516919219 6 6.0585542087210342e-05
F 32 9.3638151516919219 7 3.7476165744010359e-05
F 32 9.3638151516919219 8 2.5436760552111082e-05
F 32 9.3638151516919219 9 1.8510227164370008e-05
F 32 9.3638151516919219 10 1.4199452380125877e-05
F 32 9.3638151516919219 11 1.1342399375280365e-05
F 32 9.3638151516919219 12 9.3499784270534292e-06
F 32 9.3638151516919219 13 7.9015462688403204e-06
F 32 9.3638151516919219 14 6.8118351919110864e-06
F 32 9.3638151516919219 15 5.9682402024918701e-06
F 32 9.3638151516919219 16 5.2992941164120566e-06
F 32 9.3638151516919219 17 4.7579160309396684e-06
F 32 9.3638151516919219 18 4.3120694499521051e-06
F 32 9.3638151516919219 19 3.9393316910718568e-06
F 32 9.3638151516919219 20 3.6236140203982359e-06
F 32 9.3638151516919219 21 3.3531173357914668e-06
F 32 9.3638151516919219 22 3.1190184017759748e-06
F 32 9.3638151516919219 23 2.9146024189685704e-06
F 32 9.3638151516919219 24 2.7346804927219637e-06
F 32 9.3638151516919219 25 2.5751855901035015e-06
F 32 9.3638151516919219 26 2.4328892322955653e-06
F 32 9.3638151516919219 27 2.3051984499034006e-06
F 32 9.3638151516919219 28 2.1900100364291575e-06
F 32 9.3638151516919219 29 2.0855998172919499e-06
F 32 9.3638151516919219 30 1.9905435237888014e-06
F 32 9.3638151516919219 31 1.9036539242733852e-06
F 32 9.3638151516919219 32 1.8239345536130713e-06
D 32 9.5588946131855028 0 0.28663932117903457
D 32 9.5588946131855028 1 0.014989638551940288
D 32 9.5588946131855028 2 0.002348511345147233
D 32 9.5588946131855028 3 0.00061053011014897325
D 32 9.5588946131855028 4 0.00021985491929631687
D 32 9.5588946131855028 5 9.9808795228256513e-05
D 32 9.5588946131855028 6 5.3736651858192494e-05
D 32 9.5588946131855028 7 3.284928519534121e-05
D 32 9.5588946131855028 8 2.208249653640709e-05
D 32 9.5588946131855028 9 1.5944923021926471e-05
D 32 9.5588946131855028 10 1.2155316240281349e-05
D 32 9.5588946131855028 11 9.660681750593149e-06
D 32 9.5588946131855028 12 7.9310905101658912e-06
D 32 9.5588946131855028 13 6.6799825904017072e-06
D 32 9.5588946131855028 14 5.7427543052093205e-06
D 32 9.5588946131855028 15 5.019885414557832e-06
D 32 9.5588946131855028 16 4.4485104051132375e-06
D 32 9.5588946131855028 17 3.9873899074359213e-06
D 32 9.5588946131855028 18 3.6085701326843269e-06
D 32 9.5588946131855028 19 3.2925528474532687e-06
D 32 9.5588946131855028 20 3.0253915246577711e-06
D 32 9.5588946131855028 21 2.7968866233858808e-06
D 32 9.5588946131855028 22 2.5994303348643571e-06
D 32 9.5588946131855028 23 2.4272472598382906e-06
D 32 9.5588946131855028 24 2.2758833221867042e-06
D 32 9.5588946131855028 25 2.1418543089513946e-06
D 32 9.5588946131855028 26 2.0223994387471912e-06
D 32 9.5588946131855028 27 1.9153054919169833e-06
D 32 9.5588946131855028 28 1.8187792578259815e-06
D 32 9.5588946131855028 29 1.7313536491657715e-06
D 32 9.5588946131855028 30 1.6518176538006253e-06
D 32 9.5588946131855028 31 1.5791634152537109e-06
D 32 9.5588946131855028 32 1.5125457898696243e-06
F 32 9.5588946131855028 0 0.28663936257362366
F 32 9.5588946131855028 1 0.014989641495049
F 32 9.5588946131855028 2 0.0023485119454562664
F 32 9.5588946131855028 3 0.00061053026001900434
F 32 9.5588946131855028 4 0.00021985496277920902
F 32 9.5588946131855028 5 9.9808821687474847e-05
F 32 9.5588946131855028 6 5.3736668633064255e-05
F 32 9.5588946131855028 7 3.2849296985659748e-05
F 32 9.5588946131855028 8 2.2082504074205644e-05
F 32 9.5588946131855028 9 1.5944928236422129e-05
F 32 9.5588946131855028 10 1.2155320291640237e-05
F 32 9.5588946131855028 11 9.6606845545466058e-06
F 32 9.5588946131855028 12 7.9310930232168175e-06
F 32 9.5588946131855028 13 6.6799843807530124e-06
F 32 9.5588946131855028 14 5.7427560022915713e-06
F 32 9.5588946131855028 15 5.0198868848383427e-06
F 32 9.5588946131855028 16 4.4485118451120798e-06
F 32 9.5588946131855028 17 3.9873912101029418e-06
F 32 9.5588946131855028 18 3.6085714327782625e-06
F 32 9.5588946131855028 19 3.2925543109740829e-06
F 32 9.5588946131855028 20 3.0253929708123906e-06
F 32 9.5588946131855028 21 2.7968876565864775e-06
F 32 9.5588946131855028 22 2.5994313546107151e-06
F 32 9.5588946131855028 23 2.4272483187814942e-06
F 32 9.5588946131855028 24 2.2758842987968819e-06
F 32 9.5588946131855028 25 2.1418550204543862e-06
F 32 9.5588946131855028 26 2.0224001673341263e-06
F 32 9.5588946131855028 27 1.9153062567056622e-06
F 32 9.5588946131855028 28 1.818780106077611e-06
F 32 9.5588946131855028 29 1.7313543594354996e-06
F 32 9.5588946131855028 30 1.6518183656444307e-06
F 32 9.5588946131855028 31 1.5791640635143267e-06
F 32 9.5588946131855028 32 1.5125464187804027e-06
D 32 9.7539740746790855 0 0.28375909564439039
D 32 9.7539740746790855 1 0.014542843256307206
D 32 9.7539740746790855 2 0.0022334725302337261
D 32 9.7539740746790855 3 0.00056947553428000311
D 32 9.7539740746790855 4 0.00020136742489665569
D 32 9.7539740746790855 5 8.9924545345960964e-05
D 32 9.7539740746790855 6 4.7729599011155765e-05
D 32 9.7539740746790855 7 2.8830368357178669e-05
D 32 9.7539740746790855 8 1.9191770779015056e-05
D 32 9.7539740746790855 9 1.3748070534306443e-05
D 32 9.7539740746790855 10 1.0413698175234242e-05
D 32 9.7539740746790855 11 8.2337826789290875e-06
D 32 9.7539740746790855 12 6.7312843208168126e-06
D 32 9.7539740746790855 13 5.6499356605968627e-06
D 32 9.7539740746790855 14 4.843400546609354e-06
D 32 9.7539740746790855 15 4.2236712500230397e-06
D 32 9.7539740746790855 16 3.7354186143264239e-06
D 32 9.7539740746790855 17 3.3425021261721824e-06
D 32 9.7539740746790855 18 3.0205185014128199e-06
D 32 9.7539740746790855 19 2.7525051858287209e-06
D 32 9.7539740746790855 20 2.5263674971708103e-06
D 32 9.7539740746790855 21 2.3332854346966529e-06
D 32 9.7539740746790855 22 2.166697248836925e-06
D 32 9.7539740746790855 23 2.0216334280481928e-06
D 32 9.7539740746790855 24 1.8942696960773023e-06
D 32 9.7539740746790855 25 1.7816204316004836e-06
D 32 9.7539740746790855 26 1.6813242302171715e-06
D 32 9.7539740746790855 27 1.5914912146330932e-06
D 32 9.7539740746790855 28 1.5105925273592105e-06
D 32 9.7539740746790855 29 1.4373791512311736e-06
D 32 9.7539740746790855 30 1.3708214524463099e-06
D 32 9.7539740746790855 31 1.3100635852252327e-06
D 32 9.7539740746790855 32 1.2543887022636982e-06
F 32 9.7539740746790855 0 0.28375902771949768
F 32 9.7539740746790855 1 0.014542840421199799
F 32 9.7539740746790855 2 0.0022334721870720387
F 32 9.7539740746790855 3 0.00056947546545416117
F 32 9.7539740746790855 4 0.00020136742386966944
F 32 9.7539740746790855 5 8.992454968392849e-05
F 32 9.7539740746790855 6 4.7729601647006348e-05
F 32 9.7539740746790855 7 2.883036904677283e-05
F 32 9.7539740746790855 8 1.919177157105878e-05
F 32 9.7539740746790855 9 1.3748071978625376e-05
F 32 9.7539740746790855 10 1.04136997833848e-05
F 32 9.7539740746790855 11 8.2337837739032693e-06
F 32 9.7539740746790855 12 6.7312848841538653e-06
F 32 9.7539740746790855 13 5.6499361562600825e-06
F 32 9.7539740746790855 14 4.8434012569487095e-06
F 32 9.7539740746790855 15 4.2236720219079871e-06
F 32 9.7539740746790855 16 3.7354188862082083e-06
F 32 9.7539740746790855 17 3.3425026231270749e-06
F 32 9.7539740746790855 18 3.020518761331914e-06
F 32 9.7539740746790855 19 2.7525054520083359e-06
F 32 9.7539740746790855 20 2.5263675524911378e-06
F 32 9.7539740746790855 21 2.3332854652835522e-06
F 32 9.7539740746790855 22 2.1666974134859629e-06
F 32 9.7539740746790855 23 2.0216336906742072e-06
F 32 9.7539740746790855 24 1.8942698716273298e-06
F 32 9.7539740746790855 25 1.781620653673599e-06
F 32 9.7539740746790855 26 1.6813244201330235e-06
F 32 9.7539740746790855 27 1.591491354702157e-06
F 32 9.7539740746790855 28 1.5105927104741568e-06
F 32 9.7539740746790855 29 1.4373791827893001e-06
F 32 9.7539740746790855 30 1.3708215647056932e-06
F 32 9.7539740746790855 31 1.3100636806484545e-06
F 32 9.7539740746790855 32 1.2543888487925869e-06
D 32 9.9490535361726664 0 0.28096389144207429
D 32 9.9490535361726664 1 0.01411773077674789
D 32 9.9490535361726664 2 0.0021261027166368323
D 32 9.9490535361726664 3 0.00053184660816769404
D 32 9.9490535361726664 4 0.00018469864575620593
D 32 9.9490535361726664 5 8.1139124346658929e-05
D 32 9.9490535361726664 6 4.2454165963736938e-05
D 32 9.9490535361726664 7 2.5335642626505771e-05
D 32 9.9490535361726664 8 1.6698161809556088e-05
D 32 9.9490535361726664 9 1.1865245377581219e-05
D 32 9.9490535361726664 10 8.9288309550447205e-06
D 32 9.9490535361726664 11 7.0224077972949311e-06
D 32 9.9490535361726664 12 5.7162498485181309e-06
D 32 9.9490535361726664 13 4.7810285705759008e-06
D 32 9.9490535361726664 14 4.0865667930227455e-06
D 32 9.9490535361726664 15 3.5549918864533539e-06
D 32 9.9490535361726664 16 3.1375808991967311e-06
D 32 9.9490535361726664 17 2.8026455818657119e-06
D 32 9.9490535361726664 18 2.5288720873124502e-06
D 32 9.9490535361726664 19 2.3014972863683306e-06
D 32 9.9490535361726664 20 2.1100281657960192e-06
D 32 9.9490535361726664 21 1.9468347846908766e-06
D 32 9.9490535361726664 22 1.806255630816657e-06
D 32 9.9490535361726664 23 1.68401323127008e-06
D 32 9.9490535361726664 24 1.5768230593958939e-06
D 32 9.9490535361726664 25 1.4821260134686544e-06
D 32 9.9490535361726664 26 1.397901759502981e-06
D 32 9.9490535361726664 27 1.3225361265917188e-06
D 32 9.9490535361726664 28 1.2547253400577137e-06
D 32 9.9490535361726664 29 1.1934058097718184e-06
D 32 9.9490535361726664 30 1.1377019379048873e-06
D 32 9.9490535361726664 31 1.086886824655022e-06
D 32 9.9490535361726664 32 1.0403523349387316e-06
F 32 9.9490535361726664 0 0.28096392750740051
F 32 9.9490535361726664 1 0.014117731712758541
F 32 9.9490535361726664 2 0.002126102801412344
F 32 9.9490535361726664 3 0.00053184659918770194
F 32 9.9490535361726664 4 0.00018469864153303206
F 32 9.9490535361726664 5 8.113912190310657e-05
F 32 9.9490535361726664 6 4.2454161302885041e-05
F 32 9.9490535361726664 7 2.5335637474199757e-05
F 32 9.9490535361726664 8 1.6698159015504643e-05
F 32 9.9490535361726664 9 1.1865243322972674e-05
F 32 9.9490535361726664 10 8.9288296294398606e-06
F 32 9.9490535361726664 11 7.0224064074864145e-06
F 32 9.9490535361726664 12 5.7162483244610485e-06
F 32 9.9490535361726664 13 4.7810276555537712e-06
F 32 9.9490535361726664 14 4.086566150363069e-06
F 32 9.9490535361726664 15 3.5549910535337403e-06
F 32 9.9490535361726664 16 3.1375802791444585e-06
F 32 9.9490535361726664 17 2.8026449854223756e-06
F 32 9.9490535361726664 18 2.5288716187787941e-06
F 32 9.9490535361726664 19 2.3014968064671848e-06
F 32 9.9490535361726664 20 2.1100277081131935e-06
F 32 9.9490535361726664 21 1.9468343452899717e-06
F 32 9.9490535361726664 22 1.8062553408526583e-06
F 32 9.9490535361726664 23 1.684013000158302e-06
F 32 9.9490535361726664 24 1.57682268309145e-06
F 32 9.9490535361726664 25 1.4821256399955018e-06
F 32 9.9490535361726664 26 1.3979014283904689e-06
F 32 9.9490535361726664 27 1.3225359225543798e-06
F 32 9.9490535361726664 28 1.2547251344585675e-06
F 32 9.9490535361726664 29 1.1934055237361463e-06
F 32 9.9490535361726664 30 1.1377017017366597e-06
F 32 9.9490535361726664 31 1.0868866411328781e-06
F 32 9.9490535361726664 32 1.0403521173429908e-06
D 32 10.144132997666249 0 0.27824962049432417
D 32 10.144132997666249 1 0.013712868046157361
D 32 10.144132997666249 2 0.002025766920294676
D 32 10.144132997666249 3 0.00049730857180236069
D 32 10.144132997666249 4 0.00016964751883774489
D 32 10.144132997666249 5 7.3319309540487393e-05
D 32 10.144132997666249 6 3.7815276580743188e-05
D 32 10.144132997666249 7 2.2293308884334405e-05
D 32 10.144132997666249 8 1.4545038907944583e-05
D 32 10.144132997666249 9 1.025024250444691e-05
D 32 10.144132997666249 10 7.6619949990836003e-06
D 32 10.144132997666249 11 5.9934091962592564e-06
D 32 10.144132997666249 12 4.8571128034528742e-06
D 32 10.144132997666249 13 4.0477488375319446e-06
D 32 10.144132997666249 14 3.4494423348593196e-06
D 32 10.144132997666249 15 2.9932480546496883e-06
D 32 10.144132997666249 16 2.6362368631340466e-06
D 32 10.144132997666249 17 2.3506100277972495e-06
D 32 10.144132997666249 18 2.1177431326370448e-06
D 32 10.144132997666249 19 1.9247815919004587e-06
D 32 10.144132997666249 20 1.7626182101600239e-06
D 32 10.144132997666249 21 1.6246500137552259e-06
D 32 10.144132997666249 22 1.5059904878184036e-06
D 32 10.144132997666249 23 1.4029566139463264e-06
D 32 10.144132997666249 24 1.3127265717745558e-06
D 32 10.144132997666249 25 1.2331062218197836e-06
D 32 10.144132997666249 26 1.1623665783000053e-06
D 32 10.144132997666249 27 1.0991286129064252e-06
D 32 10.144132997666249 28 1.0422802385647089e-06
D 32 10.144132997666249 29 9.9091556738459631e-07
D 32 10.144132997666249 30 9.4428984181914947e-07
D 32 10.144132997666249 31 9.017855625021634e-07
D 32 10.144132997666249 32 8.6288672740639291e-07
F 32 10.144132997666249 0 0.278249591588974
F 32 10.144132997666249 1 0.0137128671631217
F 32 10.144132997666249 2 0.0020257667638361454
F 32 10.144132997666249 3 0.00049730855971574783
F 32 10.144132997666249 4 0.00016964752285275608
F 32 10.144132997666249 5 7.331931556109339e-05
F 32 10.144132997666249 6 3.781528357649222e-05
F 32 10.144132997666249 7 2.2293314032140188e-05
F 32 10.144132997666249 8 1.4545043086400256e-05
F 32 10.144132997666249 9 1.0250246305076871e-05
F 32 10.144132997666249 10 7.6619980973191559e-06
F 32 10.144132997666249 11 5.9934113778581377e-06
F 32 10.144132997666249 12 4.8571146180620417e-06
F 32 10.144132997666249 13 4.0477502807334531e-06
F 32 10.144132997666249 14 3.4494437386456411e-06
F 32 10.144132997666249 15 2.9932491543149808e-06
F 32 10.144132997666249 16 2.6362376956967637e-06
F 32 10.144132997666249 17 2.3506108846049756e-06
F 32 10.144132997666249 18 2.117743861163035e-06
F 32 10.144132997666249 19 1.9247822820034344e-06
F 32 10.144132997666249 20 1.7626188082431327e-06
F 32 10.144132997666249 21 1.6246506220340962e-06
F 32 10.144132997666249 22 1.5059910083436989e-06
F 32 10.144132997666249 23 1.4029569683771115e-06
F 32 10.144132997666249 24 1.312726908508921e-06
F 32 10.144132997666249 25 1.2331065590842627e-06
F 32 10.144132997666249 26 1.1623668569882284e-06
F 32 10.144132997666249 27 1.0991290082529304e-06
F 32 10.144132997666249 28 1.0422805871712626e-06
F 32 10.144132997666249 29 9.9091585070709698e-07
F 32 10.144132997666249 30 9.4429020691677579e-07
F 32 10.144132997666249 31 9.0178588152411976e-07
F 32 10.144132997666249 32 8.6288702050296706e-07
D 32 10.33921245915983 0 0.27561246260524169
D 32 10.33921245915983 1 0.013326939740926002
D 32 10.33921245915983 2 0.0019318917953878348
D 32 10.33921245915983 3 0.00046556346691944191
D 32 10.33921245915983 4 0.00015603724653344596
D 32 10.33921245915983 5 6.6349126816357462e-05
D 32 10.33921245915983 6 3.3730838601207882e-05
D 32 10.33921245915983 7 1.964178228695627e-05
D 32 10.33921245915983 8 1.2684087584402022e-05
D 32 10.33921245915983 9 8.8638137636661133e-06
D 32 10.33921245915983 10 6.580418020920388e-06
D 32 10.33921245915983 11 5.1188133198992828e-06
D 32 10.33921245915983 12 4.1295662102936573e-06
D 32 10.33921245915983 13 3.4286641272001927e-06
D 32 10.33921245915983 14 2.9128983536916125e-06
D 32 10.33921245915983 15 2.5211915767323816e-06
D 32 10.33921245915983 16 2.2156986098693012e-06
D 32 10.33921245915983 17 1.9720202459262136e-06
D 32 10.33921245915983 18 1.7738743264736889e-06
D 32 10.33921245915983 19 1.6100630816003052e-06
D 32 10.33921245915983 20 1.4726788316713952e-06
D 32 10.33921245915983 21 1.3560051443178121e-06
D 32 10.33921245915983 22 1.2558229060165614e-06
D 32 10.33921245915983 23 1.1689598861291491e-06
D 32 10.33921245915983 24 1.0929910379755524e-06
D 32 10.33921245915983 25 1.0260345945937677e-06
D 32 10.33921245915983 26 9.666105068610852e-07
D 32 10.33921245915983 27 9.1354034000942867e-07
D 32 10.33921245915983 28 8.658752897450959e-07
D 32 10.33921245915983 29 8.2284361839861034e-07
D 32 10.33921245915983 30 7.8381172727824979e-07
D 32 10.33921245915983 31 7.4825495134154111e-07
D 32 10.33921245915983 32 7.1573538410601561e-07
F 32 10.33921245915983 0 0.275612473487854
F 32 10.33921245915983 1 0.013326940126717091
F 32 10.33921245915983 2 0.0019318920094519854
F 32 10.33921245915983 3 0.00046556349843740463
F 32 10.33921245915983 4 0.00015603726205881685
F 32 10.33921245915983 5 6.6349130065646023e-05
F 32 10.33921245915983 6 3.3730841096257791e-05
F 32 10.33921245915983 7 1.9641784092527814e-05
F 32 10.33921245915983 8 1.2684088687819894e-05
F 32 10.33921245915983 9 8.8638144006836228e-06
F 32 10.33921245915983 10 6.5804183577711228e-06
F 32 10.33921245915983 11 5.1188135330448858e-06
F 32 10.33921245915983 12 4.1295661503681913e-06
F 32 10.33921245915983 13 3.4286642858205596e-06
F 32 10.33921245915983 14 2.9128984806447988e-06
F 32 10.33921245915983 15 2.521191618143348e-06
F 32 10.33921245915983 16 2.2156987142807338e-06
F 32 10.33921245915983 17 1.9720202999451431e-06
F 32 10.33921245915983 18 1.773874487298599e-06
F 32 10.33921245915983 19 1.6100631228255224e-06
F 32 10.33921245915983 20 1.4726789459018619e-06
F 32 10.33921245915983 21 1.3560052138927858e-06
F 32 10.33921245915983 22 1.2558230082504451e-06
F 32 10.33921245915983 23 1.1689598977682181e-06
F 32 10.33921245915983 24 1.0929910558843403e-06
F 32 10.33921245915983 25 1.0260346243740059e-06
F 32 10.33921245915983 26 9.6661051429691724e-07
F 32 10.33921245915983 27 9.1354041842350853e-07
F 32 10.33921245915983 28 8.658753358758986e-07
F 32 10.33921245915983 29 8.2284373092988972e-07
F 32 10.33921245915983 30 7.8381179946518387e-07
F 32 10.33921245915983 31 7.4825499041253352e-07
F 32 10.33921245915983 32 7.1573543891645386e-07
D 32 10.534291920653411 0 0.27304884362019566
D 32 10.534291920653411 1 0.012958736927834788
D 32 10.534291920653411 2 0.0018439588962152586
D 32 10.534291920653411 3 0.00043634571605057933
D 32 10.534291920653411 4 0.00014371216672608814
D 32 10.534291920653411 5 6.0127502228294748e-05
D 32 10.534291920653411 6 3.0129901023393387e-05
D 32 10.534291920653411 7 1.7328195259082334e-05
D 32 10.534291920653411 8 1.1074059460949544e-05
D 32 10.534291920653411 9 7.6726007492543929e-06
D 32 10.534291920653411 10 5.656347691133621e-06
D 32 10.534291920653411 11 4.3750032531131046e-06
D 32 10.534291920653411 12 3.5131405465839727e-06
D 32 10.534291920653411 13 2.9057641204611456e-06
D 32 10.534291920653411 14 2.4608893019756224e-06
D 32 10.534291920653411 15 2.1243768173890876e-06
D 32 10.534291920653411 16 1.8628448387931521e-06
D 32 10.534291920653411 17 1.6548668516683437e-06
D 32 10.534291920653411 18 1.4862015109624059e-06
D 32 10.534291920653411 19 1.347089934937219e-06
D 32 10.534291920653411 20 1.2306631042810313e-06
D 32 10.534291920653411 21 1.1319701782309776e-06
D 32 10.534291920653411 22 1.0473669782714361e-06
D 32 10.534291920653411 23 9.741203066706757e-07
D 32 10.534291920653411 24 9.1014545108258984e-07
D 32 10.534291920653411 25 8.53828077337294e-07
D 32 10.534291920653411 26 8.0390088874369894e-07
D 32 10.534291920653411 27 7.5935661145126636e-07
D 32 10.534291920653411 28 7.1938555881955718e-07
D 32 10.534291920653411 29 6.8333013227420343e-07
D 32 10.534291920653411 30 6.5065118936456747e-07
D 32 10.534291920653411 31 6.209028561277323e-07
D 32 10.534291920653411 32 5.9371343421374511e-07
F 32 10.534291920653411 0 0.27304884791374207
F 32 10.534291920653411 1 0.012958736158907413
F 32 10.534291920653411 2 0.0018439587438479066
F 32 10.534291920653411 3 0.0004363456682767719
F 32 10.534291920653411 4 0.00014371215365827084
F 32 10.534291920653411 5 6.0127498727524653e-05
F 32 10.534291920653411 6 3.0129898732411675e-05
F 32 10.534291920653411 7 1.7328193280263804e-05
F 32 10.534291920653411 8 1.1074058420490474e-05
F 32 10.534291920653411 9 7.6725991675630212e-06
F 32 10.534291920653411 10 5.6563462749181781e-06
F 32 10.534291920653411 11 4.3750023905886337e-06
F 32 10.534291920653411 12 3.5131397453369573e-06
F 32 10.534291920653411 13 2.9057632673357148e-06
F 32 10.534291920653411 14 2.4608887088106712e-06
F 32 10.534291920653411 15 2.1243763512757141e-06
F 32 10.534291920653411 16 1.862844442257483e-06
F 32 10.534291920653411 17 1.654866423450585e-06
F 32 10.534291920653411 18 1.4862011994409841e-06
F 32 10.534291920653411 19 1.3470896647049813e-06
F 32 10.534291920653411 20 1.2306627468205988e-06
F 32 10.534291920653411 21 1.1319698387524113e-06
F 32 10.534291920653411 22 1.0473667089172523e-06
F 32 10.534291920653411 23 9.7412009836261859e-07
F 32 10.534291920653411 24 9.1014521785837132e-07
F 32 10.534291920653411 25 8.5382782799570123e-07
F 32 10.534291920653411 26 8.0390066159452545e-07
F 32 10.534291920653411 27 7.5935645327263046e-07
F 32 10.534291920653411 28 7.193854116849252e-07
F 32 10.534291920653411 29 6.8332997216202784e-07
F 32 10.534291920653411 30 6.5065103171946248e-07
F 32 10.534291920653411 31 6.2090265373626607e-07
F 32 10.534291920653411 32 5.9371325278334552e-07
D 32 10.729371382146994 0 0.27055541567705726
D 32 10.729371382146994 1 0.012607146945033631
D 32 10.729371382146994 2 0.0017614987447480458
D 32 10.729371382146994 3 0.0004094182696683007
D 32 10.729371382146994 4 0.0001325350476955521
D 32 10.729371382146994 5 5.4566246037605449e-05
D 32 10.729371382146994 6 2.6951081004156396e-05
D 32 10.729371382146994 7 1.5307125153425659e-05
D 32 10.729371382146994 8 9.6797136559738769e-06
D 32 10.729371382146994 9 6.6482338594001903e-06
D 32 10.729371382146994 10 4.8662707107212716e-06
D 32 10.729371382146994 11 3.7420315757240897e-06
D 32 10.729371382146994 12 2.9905915281587886e-06
D 32 10.729371382146994 13 2.4639093193347896e-06
D 32 10.729371382146994 14 2.0799522221072688e-06
D 32 10.729371382146994 15 1.7907024161374384e-06
D 32 10.729371382146994 16 1.5666986339191961e-06
D 32 10.729371382146994 17 1.3891150716954311e-06
D 32 10.729371382146994 18 1.2454893502891263e-06
D 32 10.729371382146994 19 1.1273127368454929e-06
D 32 10.729371382146994 20 1.0286159377372381e-06
D 32 10.729371382146994 21 9.4510949425958901e-07
D 32 10.729371382146994 22 8.7364467402716249e-07
D 32 10.729371382146994 23 8.1186575545296345e-07
D 32 10.729371382146994 24 7.5798003448438445e-07
D 32 10.729371382146994 25 7.1060219750103635e-07
D 32 10.729371382146994 26 6.6864682168656113e-07
D 32 10.729371382146994 27 6.3125271467950062e-07
D 32 10.729371382146994 28 5.9772874498952262e-07
D 32 10.729371382146994 29 5.6751444725122877e-07
D 32 10.729371382146994 30 5.4015095801842499e-07
D 32 10.729371382146994 31 5.152592877763385e-07
D 32 10.729371382146994 32 4.9252387803805704e-07
F 32 10.729371382146994 0 0.27055540680885315
F 32 10.729371382146994 1 0.012607146054506302
F 32 10.729371382146994 2 0.0017614986281841993
F 32 10.729371382146994 3 0.0004094182513654232
F 32 10.729371382146994 4 0.00013253504585009068
F 32 10.729371382146994 5 5.45662478543818e-05
F 32 10.729371382146994 6 2.6951081963488832e-05
F 32 10.729371382146994 7 1.5307126886909828e-05
F 32 10.729371382146994 8 9.6797157311812043e-06
F 32 10.729371382146994 9 6.6482352849561721e-06
F 32 10.729371382146994 10 4.8662718654668424e-06
F 32 10.729371382146994 11 3.7420322769321501e-06
F 32 10.729371382146994 12 2.9905920655437512e-06
F 32 10.729371382146994 13 2.4639098228362855e-06
F 32 10.729371382146994 14 2.0799527646886418e-06
F 32 10.729371382146994 15 1.7907028677655035e-06
F 32 10.729371382146994 16 1.5666989838791778e-06
F 32 10.729371382146994 17 1.3891153685108293e-06
F 32 10.729371382146994 18 1.2454895568225766e-06
F 32 10.729371382146994 19 1.1273129985056585e-06
F 32 10.729371382146994 20 1.0286161113981507e-06
F 32 10.729371382146994 21 9.451096616430732e-07
F 32 10.729371382146994 22 8.7364486489605042e-07
F 32 10.729371382146994 23 8.1186590250581503e-07
F 32 10.729371382146994 24 7.5798021725859144e-07
F 32 10.729371382146994 25 7.1060242134990403e-07
F 32 10.729371382146994 26 6.6864697600976797e-07
F 32 10.729371382146994 27 6.3125281712927972e-07
F 32 10.729371382146994 28 5.9772884242192958e-07
F 32 10.729371382146994 29 5.6751457577775e-07
F 32 10.729371382146994 30 5.4015112027627765e-07
F 32 10.729371382146994 31 5.1525938715712982e-07
F 32 10.729371382146994 32 4.9252400913246674e-07
D 32 10.924450843640575 0 0.26812903932317406
D 32 10.924450843640575 1 0.01227114437023499
D 32 10.924450843640575 2 0.001684085600726025
D 32 10.924450843640575 3 0.00038456924455132561
D 32 10.924450843640575 4 0.00012238474787680715
D 32 10.924450843640575 5 4.9588320681846522e-05
D 32 10.924450843640575 6 2.4141219891667657e-05
D 32 10.924450843640575 7 1.3539512207501834e-05
D 32 10.924450843640575 8 8.4709198789630188e-06
D 32 10.924450843640575 9 5.7665713485033661e-06
D 32 10.924450843640575 10 4.1902549361842834e-06
D 32 10.924450843640575 11 3.203042751772734e-06
D 32 10.924450843640575 12 2.5473864366804164e-06
D 32 10.924450843640575 13 2.0903693052620807e-06
D 32 10.924450843640575 14 1.7587878931331788e-06
D 32 10.924450843640575 15 1.5100283710754669e-06
D 32 10.924450843640575 16 1.3180750428235422e-06
D 32 10.924450843640575 17 1.1663784890287129e-06
D 32 10.924450843640575 18 1.044027748683348e-06
D 32 10.924450843640575 19 9.4360071367140543e-07
D 32 10.924450843640575 20 8.5990777137748959e-07
D 32 10.924450843640575 21 7.8923102849998979e-07
D 32 10.924450843640575 22 7.288488445412646e-07
D 32 10.924450843640575 23 6.7673015054734445e-07
D 32 10.924450843640575 24 6.3133286043050881e-07
D 32 10.924450843640575 25 5.9146783988637338e-07
D 32 10.924450843640575 26 5.5620518284680289e-07
D 32 10.924450843640575 27 5.2480840358792507e-07
D 32 10.924450843640575 28 4.9668742513607273e-07
D 32 10.924450843640575 29 4.7136446050843596e-07
D 32 10.924450843640575 30 4.484488892854723e-07
D 32 10.924450843640575 31 4.2761850933786832e-07
D 32 10.924450843640575 32 4.0860537247296446e-07
F 32 10.924450843640575 0 0.26812902092933655
F 32 10.924450843640575 1 0.012271144427359104
F 32 10.924450843640575 2 0.0016840856987982988
F 32 10.924450843640575 3 0.00038456922629848123
F 32 10.924450843640575 4 0.00012238473573233932
F 32 10.924450843640575 5 4.9588317779125646e-05
F 32 10.924450843640575 6 2.4141219910234213e-05
F 32 10.924450843640575 7 1.3539512110583019e-05
F 32 10.924450843640575 8 8.470919965475332e-06
F 32 10.924450843640575 9 5.7665711210574955e-06
F 32 10.924450843640575 10 4.1902544580807444e-06
F 32 10.924450843640575 11 3.2030422971729422e-06
F 32 10.924450843640575 12 2.5473862024227856e-06
F 32 10.924450843640575 13 2.0903692075080471e-06
F 32 10.924450843640575 14 1.7587877891855896e-06
F 32 10.924450843640575 15 1.510028255324869e-06
F 32 10.924450843640575 16 1.3180749647290213e-06
F 32 10.924450843640575 17 1.1663784107440733e-06
F 32 10.924450843640575 18 1.0440276128065307e-06
F 32 10.924450843640575 19 9.4360063940257533e-07
F 32 10.924450843640575 20 8.5990774323363439e-07
F 32 10.924450843640575 21 7.89230966802279e-07
F 32 10.924450843640575 22 7.2884881774371024e-07
F 32 10.924450843640575 23 6.7673016701519373e-07
F 32 10.924450843640575 24 6.3133285266303574e-07
F 32 10.924450843640575 25 5.9146782405150589e-07
F 32 10.924450843640575 26 5.5620517969146022e-07
F 32 10.924450843640575 27 5.2480839940471924e-07
F 32 10.924450843640575 28 4.9668739166008891e-07
F 32 10.924450843640575 29 4.7136444436546299e-07
F 32 10.924450843640575 30 4.4844887270301115e-07
F 32 10.924450843640575 31 4.2761848817463033e-07
F 32 10.924450843640575 32 4.0860535932552011e-07
D 32 11.119530305134157 0 0.26576676729877158
D 32 11.119530305134157 1 0.011949782947983285
D 32 11.119530305134157 2 0.0016113328450745638
D 32 11.119530305134157 3 0.0003616089873256226
D 32 11.119530305134157 4 0.00011315418921502938
D 32 11.119530305134157 5 4.5126351400442783e-05
D 32 11.119530305134157 6 2.1654234179386484e-05
D 32 11.119530305134157 7 1.199173876923284e-05
D 32 11.119530305134157 8 7.4218981372680558e-06
D 32 11.119530305134157 9 5.0070563349960973e-06
D 32 11.119530305134157 10 3.611394957361288e-06
D 32 11.119530305134157 11 2.7437874356915128e-06
D 32 11.119530305134157 12 2.1712730068309927e-06
D 32 11.119530305134157 13 1.774435837995942e-06
D 32 11.119530305134157 14 1.4879103567019051e-06
D 32 11.119530305134157 15 1.2738560238791777e-06
D 32 11.119530305134157 16 1.1092868602693221e-06
D 32 11.119530305134157 17 9.796469261960412e-07
D 32 11.119530305134157 18 8.75378854236404e-07
D 32 11.119530305134157 19 7.900054275711676e-07
D 32 11.119530305134157 20 7.1901295360208107e-07
D 32 11.119530305134157 21 6.5917766645079703e-07
D 32 11.119530305134157 22 6.0814621956598371e-07
D 32 11.119530305134157 23 5.6416685397787918e-07
D 32 11.119530305134157 24 5.2591264178709353e-07
D 32 11.119530305134157 25 4.9236254259593289e-07
D 32 11.119530305134157 26 4.6271966393627295e-07
D 32 11.119530305134157 27 4.3635400515033568e-07
D 32 11.119530305134157 28 4.1276164598783802e-07
D 32 11.119530305134157 29 3.9153518906889183e-07
D 32 11.119530305134157 30 3.7234203726619979e-07
D 32 11.119530305134157 31 3.5490821267167459e-07
D 32 11.119530305134157 32 3.3900615272767677e-07
F 32 11.119530305134157 0 0.26576679944992065
F 32 11.119530305134157 1 0.011949784122407436
F 32 11.119530305134157 2 0.0016113329911604524
F 32 11.119530305134157 3 0.00036160898162052035
F 32 11.119530305134157 4 0.00011315417941659689
F 32 11.119530305134157 5 4.5126347686164081e-05
F 32 11.119530305134157 6 2.1654230295098387e-05
F 32 11.119530305134157 7 1.1991736755589955e-05
F 32 11.119530305134157 8 7.4218969530193135e-06
F 32 11.119530305134157 9 5.0070557335857302e-06
F 32 11.119530305134157 10 3.6113942769588903e-06
F 32 11.119530305134157 11 2.7437868084234651e-06
F 32 11.119530305134157 12 2.1712723992095562e-06
F 32 11.119530305134157 13 1.7744353044690797e-06
F 32 11.119530305134157 14 1.4879099126119399e-06
F 32 11.119530305134157 15 1.2738556733893347e-06
F 32 11.119530305134157 16 1.1092864724560059e-06
F 32 11.119530305134157 17 9.7964652923110407e-07
F 32 11.119530305134157 18 8.7537853232788621e-07
F 32 11.119530305134157 19 7.9000511732374434e-07
F 32 11.119530305134157 20 7.1901268938745488e-07
F 32 11.119530305134157 21 6.5917743086174596e-07
F 32 11.119530305134157 22 6.0814602420578012e-07
F 32 11.119530305134157 23 5.6416666893710499e-07
F 32 11.119530305134157 24 5.2591246912925271e-07
F 32 11.119530305134157 25 4.9236234644922661e-07
F 32 11.119530305134157 26 4.6271949827314529e-07
F 32 11.119530305134157 27 4.3635387214635557e-07
F 32 11.119530305134157 28 4.1276149431723752e-07
F 32 11.119530305134157 29 3.9153502484623459e-07
F 32 11.119530305134157 30 3.723418728895922e-07
F 32 11.119530305134157 31 3.5490808159011067e-07
F 32 11.119530305134157 32 3.3900602147696191e-07
D 32 11.314609766627738 0 0.26346582981084971
D 32 11.314609766627738 1 0.011642188364070329
D 32 11.314609766627738 2 0.0015428888993768296
D 32 11.314609766627738 3 0.00034036750639036703
D 32 11.314609766627738 4 0.00010474860029791612
D 32 11.314609766627738 5 4.1121344398287349e-05
D 32 11.314609766627738 6 1.9450132380595013e-05
D 32 11.314609766627738 7 1.063484526296954e-05
D 32 11.314609766627738 8 6.5105739037192816e-06
D 32 11.314609766627738 9 4.3521732346402329e-06
D 32 11.314609766627738 10 3.1153446792438769e-06
D 32 11.314609766627738 11 2.352213932791719e-06
D 32 11.314609766627738 12 1.8519174999750995e-06
D 32 11.314609766627738 13 1.5070985837343104e-06
D 32 11.314609766627738 14 1.2593535949903448e-06
D 32 11.314609766627738 15 1.075060561818006e-06
D 32 11.314609766627738 16 9.3389896171653504e-07
D 32 11.314609766627738 17 8.2305944840382388e-07
D 32 11.314609766627738 18 7.3416619074835621e-07
D 32 11.314609766627738 19 6.6156396803226846e-07
D 32 11.314609766627738 20 6.0132528846015849e-07
D 32 11.314609766627738 21 5.5065372531999521e-07
D 32 11.314609766627738 22 5.0751363219075321e-07
D 32 11.314609766627738 23 4.703936272811072e-07
D 32 11.314609766627738 24 4.381515534747335e-07
D 32 11.314609766627738 25 4.099104397672578e-07
D 32 11.314609766627738 26 3.8498718992636264e-07
D 32 11.314609766627738 27 3.6284275134789095e-07
D 32 11.314609766627738 28 3.4304667568982903e-07
D 32 11.314609766627738 29 3.2525150563449585e-07
D 32 11.314609766627738 30 3.0917398774439205e-07
D 32 11.314609766627738 31 2.945811035513669e-07
D 32 11.314609766627738 32 2.812795520670371e-07
F 32 11.314609766627738 0 0.26346588134765625
F 32 11.314609766627738 1 0.011642190627753735
F 32 11.314609766627738 2 0.0015428891638293862
F 32 11.314609766627738 3 0.00034036758006550372
F 32 11.314609766627738 4 0.00010474861483089626
F 32 11.314609766627738 5 4.1121351387118921e-05
F 32 11.314609766627738 6 1.9450135368970223e-05
F 32 11.314609766627738 7 1.0634846148604993e-05
F 32 11.314609766627738 8 6.5105746216431726e-06
F 32 11.314609766627738 9 4.3521736188267823e-06
F 32 11.314609766627738 10 3.1153454074228648e-06
F 32 11.314609766627738 11 2.3522145511378767e-06
F 32 11.314609766627738 12 1.8519178865972208e-06
F 32 11.314609766627738 13 1.5070988865772961e-06
F 32 11.314609766627738 14 1.2593538940564031e-06
F 32 11.314609766627738 15 1.0750607088994002e-06
F 32 11.314609766627738 16 9.3389917310560122e-07
F 32 11.314609766627738 17 8.2305962223472307e-07
F 32 11.314609766627738 18 7.3416634904788225e-07
F 32 11.314609766627738 19 6.6156411548945471e-07
F 32 11.314609766627738 20 6.0132543922009063e-07
F 32 11.314609766627738 21 5.5065385140551371e-07
F 32 11.314609766627738 22 5.0751373237289954e-07
F 32 11.314609766627738 23 4.7039372930157697e-07
F 32 11.314609766627738 24 4.3815163053295691e-07
F 32 11.314609766627738 25 4.0991051264427369e-07
F 32 11.314609766627738 26 3.8498725984936755e-07
F 32 11.314609766627738 27 3.6284282600718143e-07
F 32 11.314609766627738 28 3.4304676432839187e-07
F 32 11.314609766627738 29 3.2525159099350276e-07
F 32 11.314609766627738 30 3.0917405524633068e-07
F 32 11.314609766627738 31 2.9458118433467462e-07
F 32 11.314609766627738 32 2.8127962536927953e-07
D 32 11.509689228121321 0 0.26122362114207093
D 32 11.509689228121321 1 0.01134755176921126
D 32 11.509689228121321 2 0.0014784336144233851
D 32 11.509689228121321 3 0.00032069222335252888
D 32 11.509689228121321 4 9.7083991773482152e-05
D 32 11.509689228121321 5 3.7521582644466936e-05
D 32 11.509689228121321 6 1.7494173227286125e-05
D 32 11.509689228121321 7 9.4438621606047623e-06
D 32 11.509689228121321 8 5.7180309133067199e-06
D 32 11.509689228121321 9 3.7869880327461303e-06
D 32 11.509689228121321 10 2.6899230988669454e-06
D 32 11.509689228121321 11 2.0181244412547619e-06
D 32 11.509689228121321 12 1.5806007719475644e-06
D 32 11.509689228121321 13 1.2807732651671327e-06
D 32 11.509689228121321 14 1.0664259860450748e-06
D 32 11.509689228121321 15 9.0766737441912379e-07
D 32 11.509689228121321 16 7.865231396338412e-07
D 32 11.509689228121321 17 6.9171497601532154e-07
D 32 11.509689228121321 18 6.1589887825673014e-07
D 32 11.509689228121321 19 5.5413501839666224e-07
D 32 11.509689228121321 20 5.0300449894034739e-07
D 32 11.509689228121321 21 4.6008060927956356e-07
D 32 11.509689228121321 22 4.2360185468898127e-07
D 32 11.509689228121321 23 3.9226379143986514e-07
D 32 11.509689228121321 24 3.6508298529777672e-07
D 32 11.509689228121321 25 3.4130597849791805e-07
D 32 11.509689228121321 26 3.2034705568797571e-07
D 32 11.509689228121321 27 3.0174486133485315e-07
D 32 11.509689228121321 28 2.8513161616089062e-07
D 32 11.509689228121321 29 2.7021091563463421e-07
D 32 11.509689228121321 30 2.5674147729524828e-07
D 32 11.509689228121321 31 2.4452507849161286e-07
D 32 11.509689228121321 32 2.3339749003280862e-07
F 32 11.509689228121321 0 0.26122358441352844
F 32 11.509689228121321 1 0.011347549967467785
F 32 11.509689228121321 2 0.0014784333761781454
F 32 11.509689228121321 3 0.00032069216831587255
F 32 11.509689228121321 4 9.7083975560963154e-05
F 32 11.509689228121321 5 3.7521574995480478e-05
F 32 11.509689228121321 6 1.7494170606369153e-05
F 32 11.509689228121321 7 9.4438610176439397e-06
F 32 11.509689228121321 8 5.7180304793291725e-06
F 32 11.509689228121321 9 3.7869874631724088e-06
F 32 11.509689228121321 10 2.6899226668319898e-06
F 32 11.509689228121321 11 2.0181241779937409e-06
F 32 11.509689228121321 12 1.5806004967089393e-06
F 32 11.509689228121321 13 1.2807730627173441e-06
F 32 11.509689228121321 14 1.0664258525139303e-06
F 32 11.509689228121321 15 9.0766729954339098e-07
F 32 11.509689228121321 16 7.8652306001458783e-07
F 32 11.509689228121321 17 6.9171494487818563e-07
F 32 11.509689228121321 18 6.1589884126078687e-07
F 32 11.509689228121321 19 5.5413499921996845e-07
F 32 11.509689228121321 20 5.0300445764150936e-07
F 32 11.509689228121321 21 4.6008059939595114e-07
F 32 11.509689228121321 22 4.2360181851108791e-07
F 32 11.509689228121321 23 3.9226375747603015e-07
F 32 11.509689228121321 24 3.6508296830106701e-07
F 32 11.509689228121321 25 3.4130596304748906e-07
F 32 11.509689228121321 26 3.2034702712735452e-07
F 32 11.509689228121321 27 3.0174484777489852e-07
F 32 11.509689228121321 28 2.8513159122667275e-07
F 32 11.509689228121321 29 2.7021090431844641e-07
F 32 11.509689228121321 30 2.5674145831544593e-07
F 32 11.509689228121321 31 2.4452506863781309e-07
F 32 11.509689228121321 32 2.3339747201589489e-07
D 32 11.704768689614902 0 0.25903768745702221
D 32 11.704768689614902 1 0.011065123966276366
D 32 11.704768689614902 2 0.0014176750697179675
D 32 11.704768689614902 3 0.0003024460018679215
D 32 11.704768689614902 4 9.0085831951656968e-05
D 32 11.704768689614902 5 3.4281673828070949e-05
D 32 11.704768689614902 6 1.5756144321413069e-05
D 32 11.704768689614902 7 8.3972404208491712e-06
D 32 11.704768689614902 8 5.0280465496532735e-06
D 32 11.704768689614902 9 3.2987592804161826e-06
D 32 11.704768689614902 10 2.3247816811652088e-06
D 32 11.704768689614902 11 1.7328857030869798e-06
D 32 11.704768689614902 12 1.3499629657319809e-06
D 32 11.704768689614902 13 1.0890736995852804e-06
D 32 11.704768689614902 14 9.0350470759181794e-07
D 32 11.704768689614902 15 7.6666503764250775e-07
D 32 11.704768689614902 16 6.6264673459797755e-07
D 32 11.704768689614902 17 5.8151425024270721e-07
D 32 11.704768689614902 18 5.1682508280182839e-07
D 32 11.704768689614902 19 4.6426228863406143e-07
D 32 11.704768689614902 20 4.2084841032987218e-07
D 32 11.704768689614902 21 3.8447672047498916e-07
D 32 11.704768689614902 22 3.5362237972492051e-07
D 32 11.704768689614902 23 3.2715915310205018e-07
D 32 11.704768689614902 24 3.0423999484900839e-07
D 32 11.704768689614902 25 2.8421736729333441e-07
D 32 11.704768689614902 26 2.6658891061108056e-07
D 32 11.704768689614902 27 2.5095966242707291e-07
D 32 11.704768689614902 28 2.3701531044735859e-07
D 32 11.704768689614902 29 2.245029428065758e-07
D 32 11.704768689614902 30 2.1321698419784743e-07
D 32 11.704768689614902 31 2.0298877739305508e-07
D 32 11.704768689614902 32 1.9367876597439316e-07
F 32 11.704768689614902 0 0.25903773307800293
F 32 11.704768689614902 1 0.011065125465393066
F 32 11.704768689614902 2 0.0014176751719787717
F 32 11.704768689614902 3 0.00030244601657614112
F 32 11.704768689614902 4 9.008582856040448e-05
F 32 11.704768689614902 5 3.4281671105418354e-05
F 32 11.704768689614902 6 1.5756142602185719e-05
F 32 11.704768689614902 7 8.3972390712006018e-06
F 32 11.704768689614902 8 5.0280455070605967e-06
F 32 11.704768689614902 9 3.2987584290822269e-06
F 32 11.704768689614902 10 2.3247807803272735e-06
F 32 11.704768689614902 11 1.7328850390185835e-06
F 32 11.704768689614902 12 1.3499625310942065e-06
F 32 11.704768689614902 13 1.0890732937696157e-06
F 32 11.704768689614902 14 9.0350437176311971e-07
F 32 11.704768689614902 15 7.6666475479214569e-07
F 32 11.704768689614902 16 6.6264652787140221e-07
F 32 11.704768689614902 17 5.8151408666162752e-07
F 32 11.704768689614902 18 5.1682491175597534e-07
F 32 11.704768689614902 19 4.6426217181760876e-07
F 32 11.704768689614902 20 4.2084826645805151e-07
F 32 11.704768689614902 21 3.8447657857432205e-07
F 32 11.704768689614902 22 3.5362225503376976e-07
F 32 11.704768689614902 23 3.2715902875679603e-07
F 32 11.704768689614902 24 3.0423984753724653e-07
F 32 11.704768689614902 25 2.8421723641258723e-07
F 32 11.704768689614902 26 2.6658878482521686e-07
F 32 11.704768689614902 27 2.5095954470089055e-07
F 32 11.704768689614902 28 2.3701521456587216e-07
F 32 11.704768689614902 29 2.245028412062311e-07
F 32 11.704768689614902 30 2.132168930302214e-07
F 32 11.704768689614902 31 2.0298870140322833e-07
F 32 11.704768689614902 32 1.9367868731023918e-07
